分组,类别,名称,机构,语言,地区,读法,梯队,出口,每周条数,提供什么,本机核查,生产机核查,防护,入口地址,备用入口,备注,id
一、临床证据：期刊、文献流与预印本,综合与基础顶刊,新英格兰医学杂志 NEJM,,en,INT,Crossref + PubMed,P0,直连,31,新发表论文（Crossref 登记即发现，PubMed / Europe PMC 补摘要与文献类型）,api-ok,api-ok,,"https://api.crossref.org/journals/0028-4793/works?filter=from-created-date:2026-09-14,type:journal-article&rows=100&sort=created&order=desc&select=DOI,title,created,type,abstract,author,container-title",https://eutils.ncbi.nlm.nih.gov/entrez/eutils/esearch.fcgi?db=pubmed&retmode=json&retmax=100&datetype=edat&reldate=7&term=(0028-4793[is]+OR+1533-4406[is]),"ISSN 0028-4793, 1533-4406；近 30 天 Crossref 92 篇、PubMed 106 篇；Crossref 自带摘要：否",j-0028-4793
一、临床证据：期刊、文献流与预印本,综合与基础顶刊,NEJM Evidence,,en,INT,Crossref + PubMed,P0,直连,0,新发表论文（Crossref 登记即发现，PubMed / Europe PMC 补摘要与文献类型）,api-ok,api-ok,,"https://api.crossref.org/journals/2766-5526/works?filter=from-created-date:2026-09-14,type:journal-article&rows=100&sort=created&order=desc&select=DOI,title,created,type,abstract,author,container-title",https://eutils.ncbi.nlm.nih.gov/entrez/eutils/esearch.fcgi?db=pubmed&retmode=json&retmax=100&datetype=edat&reldate=7&term=(2766-5526[is]),ISSN 2766-5526；近 30 天 Crossref 17 篇、PubMed 17 篇；Crossref 自带摘要：否,j-2766-5526
一、临床证据：期刊、文献流与预印本,综合与基础顶刊,柳叶刀 The Lancet,Elsevier BV,en,INT,Crossref + PubMed,P0,直连,27,新发表论文（Crossref 登记即发现，PubMed / Europe PMC 补摘要与文献类型）,api-ok,api-ok,,"https://api.crossref.org/journals/0140-6736/works?filter=from-created-date:2026-09-14,type:journal-article&rows=100&sort=created&order=desc&select=DOI,title,created,type,abstract,author,container-title",https://eutils.ncbi.nlm.nih.gov/entrez/eutils/esearch.fcgi?db=pubmed&retmode=json&retmax=100&datetype=edat&reldate=7&term=(0099-5355[is]+OR+0140-6736[is]+OR+1474-547X[is]),"ISSN 0099-5355, 0140-6736, 1474-547X；近 30 天 Crossref 125 篇、PubMed 110 篇；Crossref 自带摘要：否",j-0140-6736
一、临床证据：期刊、文献流与预印本,综合与基础顶刊,eClinicalMedicine（柳叶刀子刊）,Elsevier BV,en,INT,Crossref + PubMed,P0,直连,17,新发表论文（Crossref 登记即发现，PubMed / Europe PMC 补摘要与文献类型）,api-ok,api-ok,,"https://api.crossref.org/journals/2589-5370/works?filter=from-created-date:2026-09-14,type:journal-article&rows=100&sort=created&order=desc&select=DOI,title,created,type,abstract,author,container-title",https://eutils.ncbi.nlm.nih.gov/entrez/eutils/esearch.fcgi?db=pubmed&retmode=json&retmax=100&datetype=edat&reldate=7&term=(2589-5370[is]),ISSN 2589-5370；近 30 天 Crossref 48 篇、PubMed 59 篇；Crossref 自带摘要：否,j-2589-5370
一、临床证据：期刊、文献流与预印本,综合与基础顶刊,eBioMedicine（柳叶刀子刊）,Elsevier BV,en,INT,Crossref + PubMed,P0,直连,1,新发表论文（Crossref 登记即发现，PubMed / Europe PMC 补摘要与文献类型）,api-ok,api-ok,,"https://api.crossref.org/journals/2352-3964/works?filter=from-created-date:2026-09-14,type:journal-article&rows=100&sort=created&order=desc&select=DOI,title,created,type,abstract,author,container-title",https://eutils.ncbi.nlm.nih.gov/entrez/eutils/esearch.fcgi?db=pubmed&retmode=json&retmax=100&datetype=edat&reldate=7&term=(2352-3964[is]),ISSN 2352-3964；近 30 天 Crossref 37 篇、PubMed 36 篇；Crossref 自带摘要：否,j-2352-3964
一、临床证据：期刊、文献流与预印本,综合与基础顶刊,柳叶刀-区域健康（西太平洋）,Elsevier BV,en,INT,Crossref + PubMed,P0,直连,6,新发表论文（Crossref 登记即发现，PubMed / Europe PMC 补摘要与文献类型）,api-ok,api-ok,,"https://api.crossref.org/journals/2666-6065/works?filter=from-created-date:2026-09-14,type:journal-article&rows=100&sort=created&order=desc&select=DOI,title,created,type,abstract,author,container-title",https://eutils.ncbi.nlm.nih.gov/entrez/eutils/esearch.fcgi?db=pubmed&retmode=json&retmax=100&datetype=edat&reldate=7&term=(2666-6065[is]),ISSN 2666-6065；近 30 天 Crossref 20 篇、PubMed 29 篇；Crossref 自带摘要：否,j-2666-6065
一、临床证据：期刊、文献流与预印本,综合与基础顶刊,柳叶刀-全球健康,Elsevier BV,en,INT,Crossref + PubMed,P0,直连,2,新发表论文（Crossref 登记即发现，PubMed / Europe PMC 补摘要与文献类型）,api-ok,api-ok,,"https://api.crossref.org/journals/2214-109X/works?filter=from-created-date:2026-09-14,type:journal-article&rows=100&sort=created&order=desc&select=DOI,title,created,type,abstract,author,container-title",https://eutils.ncbi.nlm.nih.gov/entrez/eutils/esearch.fcgi?db=pubmed&retmode=json&retmax=100&datetype=edat&reldate=7&term=(2214-109X[is]+OR+2572-116X[is]),"ISSN 2214-109X, 2572-116X；近 30 天 Crossref 19 篇、PubMed 19 篇；Crossref 自带摘要：否",j-2214-109x
一、临床证据：期刊、文献流与预印本,综合与基础顶刊,柳叶刀-公共卫生,Elsevier BV,en,INT,Crossref + PubMed,P0,直连,1,新发表论文（Crossref 登记即发现，PubMed / Europe PMC 补摘要与文献类型）,api-ok,api-ok,,"https://api.crossref.org/journals/2468-2667/works?filter=from-created-date:2026-09-14,type:journal-article&rows=100&sort=created&order=desc&select=DOI,title,created,type,abstract,author,container-title",https://eutils.ncbi.nlm.nih.gov/entrez/eutils/esearch.fcgi?db=pubmed&retmode=json&retmax=100&datetype=edat&reldate=7&term=(2468-2667[is]),ISSN 2468-2667；近 30 天 Crossref 8 篇、PubMed 8 篇；Crossref 自带摘要：否,j-2468-2667
一、临床证据：期刊、文献流与预印本,综合与基础顶刊,美国医学会杂志 JAMA,,en,INT,Crossref + PubMed,P0,直连,36,新发表论文（Crossref 登记即发现，PubMed / Europe PMC 补摘要与文献类型）,api-ok,api-ok,,"https://api.crossref.org/journals/0098-7484/works?filter=from-created-date:2026-09-14,type:journal-article&rows=100&sort=created&order=desc&select=DOI,title,created,type,abstract,author,container-title",https://eutils.ncbi.nlm.nih.gov/entrez/eutils/esearch.fcgi?db=pubmed&retmode=json&retmax=100&datetype=edat&reldate=7&term=(0098-7484[is]+OR+1538-3598[is]),"ISSN 0098-7484, 1538-3598；近 30 天 Crossref 142 篇、PubMed 127 篇；Crossref 自带摘要：否",j-0098-7484
一、临床证据：期刊、文献流与预印本,综合与基础顶刊,JAMA Network Open,American Medical Association,en,INT,Crossref + PubMed,P0,直连,42,新发表论文（Crossref 登记即发现，PubMed / Europe PMC 补摘要与文献类型）,api-ok,api-ok,,"https://api.crossref.org/journals/2574-3805/works?filter=from-created-date:2026-09-14,type:journal-article&rows=100&sort=created&order=desc&select=DOI,title,created,type,abstract,author,container-title",https://eutils.ncbi.nlm.nih.gov/entrez/eutils/esearch.fcgi?db=pubmed&retmode=json&retmax=100&datetype=edat&reldate=7&term=(2574-3805[is]),ISSN 2574-3805；近 30 天 Crossref 190 篇、PubMed 189 篇；Crossref 自带摘要：是,j-2574-3805
一、临床证据：期刊、文献流与预印本,综合与基础顶刊,JAMA 内科学,American Medical Association,en,INT,Crossref + PubMed,P0,直连,6,新发表论文（Crossref 登记即发现，PubMed / Europe PMC 补摘要与文献类型）,api-ok,api-ok,,"https://api.crossref.org/journals/2168-6106/works?filter=from-created-date:2026-09-14,type:journal-article&rows=100&sort=created&order=desc&select=DOI,title,created,type,abstract,author,container-title",https://eutils.ncbi.nlm.nih.gov/entrez/eutils/esearch.fcgi?db=pubmed&retmode=json&retmax=100&datetype=edat&reldate=7&term=(2168-6106[is]+OR+2168-6114[is]),"ISSN 2168-6106, 2168-6114；近 30 天 Crossref 32 篇、PubMed 31 篇；Crossref 自带摘要：是",j-2168-6106
一、临床证据：期刊、文献流与预印本,综合与基础顶刊,JAMA Health Forum,American Medical Association,en,INT,Crossref + PubMed,P0,直连,5,新发表论文（Crossref 登记即发现，PubMed / Europe PMC 补摘要与文献类型）,api-ok,api-ok,,"https://api.crossref.org/journals/2689-0186/works?filter=from-created-date:2026-09-14,type:journal-article&rows=100&sort=created&order=desc&select=DOI,title,created,type,abstract,author,container-title",https://eutils.ncbi.nlm.nih.gov/entrez/eutils/esearch.fcgi?db=pubmed&retmode=json&retmax=100&datetype=edat&reldate=7&term=(2689-0186[is]),ISSN 2689-0186；近 30 天 Crossref 24 篇、PubMed 24 篇；Crossref 自带摘要：是,j-2689-0186
一、临床证据：期刊、文献流与预印本,综合与基础顶刊,英国医学杂志 The BMJ,,en,INT,Crossref + PubMed,P0,直连,57,新发表论文（Crossref 登记即发现，PubMed / Europe PMC 补摘要与文献类型）,api-ok,api-ok,,"https://api.crossref.org/journals/1756-1833/works?filter=from-created-date:2026-09-14,type:journal-article&rows=100&sort=created&order=desc&select=DOI,title,created,type,abstract,author,container-title",https://eutils.ncbi.nlm.nih.gov/entrez/eutils/esearch.fcgi?db=pubmed&retmode=json&retmax=100&datetype=edat&reldate=7&term=(0959-8138[is]+OR+1756-1833[is]),"ISSN 0959-8138, 1756-1833；近 30 天 Crossref 216 篇、PubMed 186 篇；Crossref 自带摘要：否",j-1756-1833
一、临床证据：期刊、文献流与预印本,综合与基础顶刊,BMJ Medicine,BMJ,en,INT,Crossref + PubMed,P0,直连,4,新发表论文（Crossref 登记即发现，PubMed / Europe PMC 补摘要与文献类型）,api-ok,api-ok,,"https://api.crossref.org/journals/2754-0413/works?filter=from-created-date:2026-09-14,type:journal-article&rows=100&sort=created&order=desc&select=DOI,title,created,type,abstract,author,container-title",https://eutils.ncbi.nlm.nih.gov/entrez/eutils/esearch.fcgi?db=pubmed&retmode=json&retmax=100&datetype=edat&reldate=7&term=(2754-0413[is]),ISSN 2754-0413；近 30 天 Crossref 5 篇、PubMed 4 篇；Crossref 自带摘要：是,j-2754-0413
一、临床证据：期刊、文献流与预印本,综合与基础顶刊,BMJ Open,BMJ,en,INT,Crossref + PubMed,P0,直连,89,新发表论文（Crossref 登记即发现，PubMed / Europe PMC 补摘要与文献类型）,api-ok,api-ok,,"https://api.crossref.org/journals/2044-6055/works?filter=from-created-date:2026-09-14,type:journal-article&rows=100&sort=created&order=desc&select=DOI,title,created,type,abstract,author,container-title",https://eutils.ncbi.nlm.nih.gov/entrez/eutils/esearch.fcgi?db=pubmed&retmode=json&retmax=100&datetype=edat&reldate=7&term=(2044-6055[is]),ISSN 2044-6055；近 30 天 Crossref 288 篇、PubMed 289 篇；Crossref 自带摘要：是,j-2044-6055
一、临床证据：期刊、文献流与预印本,综合与基础顶刊,内科学年鉴 Annals of Internal Medicine,American College of Physicians,en,INT,Crossref + PubMed,P0,直连,17,新发表论文（Crossref 登记即发现，PubMed / Europe PMC 补摘要与文献类型）,api-ok,api-ok,,"https://api.crossref.org/journals/0003-4819/works?filter=from-created-date:2026-09-14,type:journal-article&rows=100&sort=created&order=desc&select=DOI,title,created,type,abstract,author,container-title",https://eutils.ncbi.nlm.nih.gov/entrez/eutils/esearch.fcgi?db=pubmed&retmode=json&retmax=100&datetype=edat&reldate=7&term=(0003-4819[is]+OR+1539-3704[is]),"ISSN 0003-4819, 1539-3704；近 30 天 Crossref 55 篇、PubMed 55 篇；Crossref 自带摘要：否",j-0003-4819
一、临床证据：期刊、文献流与预印本,综合与基础顶刊,自然-医学 Nature Medicine,Nature Portfolio,en,INT,Crossref + PubMed,P0,直连,23,新发表论文（Crossref 登记即发现，PubMed / Europe PMC 补摘要与文献类型）,api-ok,api-ok,,"https://api.crossref.org/journals/1078-8956/works?filter=from-created-date:2026-09-14,type:journal-article&rows=100&sort=created&order=desc&select=DOI,title,created,type,abstract,author,container-title",https://eutils.ncbi.nlm.nih.gov/entrez/eutils/esearch.fcgi?db=pubmed&retmode=json&retmax=100&datetype=edat&reldate=7&term=(1078-8956[is]+OR+1546-170X[is]+OR+1744-7933[is]),"ISSN 1078-8956, 1546-170X, 1744-7933；近 30 天 Crossref 68 篇、PubMed 73 篇；Crossref 自带摘要：否",j-1078-8956
一、临床证据：期刊、文献流与预印本,综合与基础顶刊,自然 Nature,Nature Portfolio,en,INT,Crossref + PubMed,P0,直连,94,新发表论文（Crossref 登记即发现，PubMed / Europe PMC 补摘要与文献类型）,api-ok,api-ok,,"https://api.crossref.org/journals/0028-0836/works?filter=from-created-date:2026-09-14,type:journal-article&rows=100&sort=created&order=desc&select=DOI,title,created,type,abstract,author,container-title",https://eutils.ncbi.nlm.nih.gov/entrez/eutils/esearch.fcgi?db=pubmed&retmode=json&retmax=100&datetype=edat&reldate=7&term=(0028-0836[is]+OR+1476-4687[is]),"ISSN 0028-0836, 1476-4687；近 30 天 Crossref 336 篇、PubMed 349 篇；Crossref 自带摘要：否",j-0028-0836
一、临床证据：期刊、文献流与预印本,综合与基础顶刊,科学 Science,American Association for the Advancement of Science,en,INT,Crossref + PubMed,P0,直连,37,新发表论文（Crossref 登记即发现，PubMed / Europe PMC 补摘要与文献类型）,api-ok,api-ok,,"https://api.crossref.org/journals/0036-8075/works?filter=from-created-date:2026-09-14,type:journal-article&rows=100&sort=created&order=desc&select=DOI,title,created,type,abstract,author,container-title",https://eutils.ncbi.nlm.nih.gov/entrez/eutils/esearch.fcgi?db=pubmed&retmode=json&retmax=100&datetype=edat&reldate=7&term=(0036-8075[is]+OR+0193-4511[is]+OR+1095-9203[is]),"ISSN 0036-8075, 0193-4511, 1095-9203；近 30 天 Crossref 152 篇、PubMed 146 篇；Crossref 自带摘要：否",j-0036-8075
一、临床证据：期刊、文献流与预印本,综合与基础顶刊,科学-转化医学,American Association for the Advancement of Science,en,INT,Crossref + PubMed,P0,直连,6,新发表论文（Crossref 登记即发现，PubMed / Europe PMC 补摘要与文献类型）,api-ok,api-ok,,"https://api.crossref.org/journals/1946-6234/works?filter=from-created-date:2026-09-14,type:journal-article&rows=100&sort=created&order=desc&select=DOI,title,created,type,abstract,author,container-title",https://eutils.ncbi.nlm.nih.gov/entrez/eutils/esearch.fcgi?db=pubmed&retmode=json&retmax=100&datetype=edat&reldate=7&term=(1946-6234[is]+OR+1946-6242[is]),"ISSN 1946-6234, 1946-6242；近 30 天 Crossref 27 篇、PubMed 28 篇；Crossref 自带摘要：是",j-1946-6234
一、临床证据：期刊、文献流与预印本,综合与基础顶刊,细胞 Cell,Cell Press,en,INT,Crossref + PubMed,P0,直连,19,新发表论文（Crossref 登记即发现，PubMed / Europe PMC 补摘要与文献类型）,api-ok,api-ok,,"https://api.crossref.org/journals/0092-8674/works?filter=from-created-date:2026-09-14,type:journal-article&rows=100&sort=created&order=desc&select=DOI,title,created,type,abstract,author,container-title",https://eutils.ncbi.nlm.nih.gov/entrez/eutils/esearch.fcgi?db=pubmed&retmode=json&retmax=100&datetype=edat&reldate=7&term=(0092-8674[is]+OR+1097-4172[is]),"ISSN 0092-8674, 1097-4172；近 30 天 Crossref 48 篇、PubMed 47 篇；Crossref 自带摘要：否",j-0092-8674
一、临床证据：期刊、文献流与预印本,综合与基础顶刊,Cell Reports Medicine,Elsevier BV,en,INT,Crossref + PubMed,P0,直连,8,新发表论文（Crossref 登记即发现，PubMed / Europe PMC 补摘要与文献类型）,api-ok,api-ok,,"https://api.crossref.org/journals/2666-3791/works?filter=from-created-date:2026-09-14,type:journal-article&rows=100&sort=created&order=desc&select=DOI,title,created,type,abstract,author,container-title",https://eutils.ncbi.nlm.nih.gov/entrez/eutils/esearch.fcgi?db=pubmed&retmode=json&retmax=100&datetype=edat&reldate=7&term=(2666-3791[is]),ISSN 2666-3791；近 30 天 Crossref 37 篇、PubMed 36 篇；Crossref 自带摘要：否,j-2666-3791
一、临床证据：期刊、文献流与预印本,综合与基础顶刊,Med（Cell Press）,,en,INT,Crossref + PubMed,P0,直连,5,新发表论文（Crossref 登记即发现，PubMed / Europe PMC 补摘要与文献类型）,api-ok,api-ok,,"https://api.crossref.org/journals/2666-6340/works?filter=from-created-date:2026-09-14,type:journal-article&rows=100&sort=created&order=desc&select=DOI,title,created,type,abstract,author,container-title",https://eutils.ncbi.nlm.nih.gov/entrez/eutils/esearch.fcgi?db=pubmed&retmode=json&retmax=100&datetype=edat&reldate=7&term=(2666-6340[is]+OR+2666-6359[is]),"ISSN 2666-6340, 2666-6359；近 30 天 Crossref 16 篇、PubMed 16 篇；Crossref 自带摘要：否",j-2666-6340
一、临床证据：期刊、文献流与预印本,综合与基础顶刊,PLOS Medicine,Public Library of Science,en,INT,Crossref + PubMed,P0,直连,7,新发表论文（Crossref 登记即发现，PubMed / Europe PMC 补摘要与文献类型）,api-ok,api-ok,,"https://api.crossref.org/journals/1549-1676/works?filter=from-created-date:2026-09-14,type:journal-article&rows=100&sort=created&order=desc&select=DOI,title,created,type,abstract,author,container-title",https://eutils.ncbi.nlm.nih.gov/entrez/eutils/esearch.fcgi?db=pubmed&retmode=json&retmax=100&datetype=edat&reldate=7&term=(1549-1277[is]+OR+1549-1676[is]),"ISSN 1549-1277, 1549-1676；近 30 天 Crossref 30 篇、PubMed 30 篇；Crossref 自带摘要：否",j-1549-1676
一、临床证据：期刊、文献流与预印本,综合与基础顶刊,加拿大医学会杂志 CMAJ,Canadian Medical Association,en,INT,Crossref + PubMed,P0,直连,20,新发表论文（Crossref 登记即发现，PubMed / Europe PMC 补摘要与文献类型）,api-ok,api-ok,,"https://api.crossref.org/journals/0820-3946/works?filter=from-created-date:2026-09-14,type:journal-article&rows=100&sort=created&order=desc&select=DOI,title,created,type,abstract,author,container-title",https://eutils.ncbi.nlm.nih.gov/entrez/eutils/esearch.fcgi?db=pubmed&retmode=json&retmax=100&datetype=edat&reldate=7&term=(0820-3946[is]+OR+1488-2329[is]),"ISSN 0820-3946, 1488-2329；近 30 天 Crossref 42 篇、PubMed 32 篇；Crossref 自带摘要：否",j-0820-3946
一、临床证据：期刊、文献流与预印本,综合与基础顶刊,澳大利亚医学杂志 MJA,Wiley,en,INT,Crossref + PubMed,P0,直连,10,新发表论文（Crossref 登记即发现，PubMed / Europe PMC 补摘要与文献类型）,api-ok,api-ok,,"https://api.crossref.org/journals/0025-729X/works?filter=from-created-date:2026-09-14,type:journal-article&rows=100&sort=created&order=desc&select=DOI,title,created,type,abstract,author,container-title",https://eutils.ncbi.nlm.nih.gov/entrez/eutils/esearch.fcgi?db=pubmed&retmode=json&retmax=100&datetype=edat&reldate=7&term=(0025-729X[is]+OR+1326-5377[is]),"ISSN 0025-729X, 1326-5377；近 30 天 Crossref 28 篇、PubMed 26 篇；Crossref 自带摘要：是",j-0025-729x
一、临床证据：期刊、文献流与预印本,综合与基础顶刊,自然-通讯,Nature Portfolio,en,INT,Crossref + PubMed,P0,直连,265,新发表论文（Crossref 登记即发现，PubMed / Europe PMC 补摘要与文献类型）,api-ok,api-ok,,"https://api.crossref.org/journals/2041-1723/works?filter=from-created-date:2026-09-14,type:journal-article&rows=100&sort=created&order=desc&select=DOI,title,created,type,abstract,author,container-title",https://eutils.ncbi.nlm.nih.gov/entrez/eutils/esearch.fcgi?db=pubmed&retmode=json&retmax=100&datetype=edat&reldate=7&term=(2041-1723[is]),ISSN 2041-1723；近 30 天 Crossref 938 篇、PubMed 1080 篇；Crossref 自带摘要：是,j-2041-1723
一、临床证据：期刊、文献流与预印本,综合与基础顶刊,美国国家科学院院刊 PNAS,National Academy of Sciences,en,INT,Crossref + PubMed,P0,直连,95,新发表论文（Crossref 登记即发现，PubMed / Europe PMC 补摘要与文献类型）,api-ok,api-ok,,"https://api.crossref.org/journals/0027-8424/works?filter=from-created-date:2026-09-14,type:journal-article&rows=100&sort=created&order=desc&select=DOI,title,created,type,abstract,author,container-title",https://eutils.ncbi.nlm.nih.gov/entrez/eutils/esearch.fcgi?db=pubmed&retmode=json&retmax=100&datetype=edat&reldate=7&term=(0027-8424[is]+OR+1091-6490[is]),"ISSN 0027-8424, 1091-6490；近 30 天 Crossref 374 篇、PubMed 373 篇；Crossref 自带摘要：是",j-0027-8424
一、临床证据：期刊、文献流与预印本,综合与基础顶刊,eLife,eLife Sciences Publications Ltd,en,INT,Crossref + PubMed,P0,直连,19,新发表论文（Crossref 登记即发现，PubMed / Europe PMC 补摘要与文献类型）,api-ok,api-ok,,"https://api.crossref.org/journals/2050-084X/works?filter=from-created-date:2026-09-14,type:journal-article&rows=100&sort=created&order=desc&select=DOI,title,created,type,abstract,author,container-title",https://eutils.ncbi.nlm.nih.gov/entrez/eutils/esearch.fcgi?db=pubmed&retmode=json&retmax=100&datetype=edat&reldate=7&term=(2050-084X[is]),ISSN 2050-084X；近 30 天 Crossref 68 篇、PubMed 78 篇；Crossref 自带摘要：是,j-2050-084x
一、临床证据：期刊、文献流与预印本,综合与基础顶刊,临床研究杂志 JCI,American Society for Clinical Investigation,en,INT,Crossref + PubMed,P0,直连,20,新发表论文（Crossref 登记即发现，PubMed / Europe PMC 补摘要与文献类型）,api-ok,api-ok,,"https://api.crossref.org/journals/1558-8238/works?filter=from-created-date:2026-09-14,type:journal-article&rows=100&sort=created&order=desc&select=DOI,title,created,type,abstract,author,container-title",https://eutils.ncbi.nlm.nih.gov/entrez/eutils/esearch.fcgi?db=pubmed&retmode=json&retmax=100&datetype=edat&reldate=7&term=(0021-9738[is]+OR+1558-8238[is]),"ISSN 0021-9738, 1558-8238；近 30 天 Crossref 57 篇、PubMed 56 篇；Crossref 自带摘要：是",j-1558-8238
一、临床证据：期刊、文献流与预印本,综合与基础顶刊,Mayo Clinic Proceedings,Elsevier BV,en,INT,Crossref + PubMed,P0,直连,3,新发表论文（Crossref 登记即发现，PubMed / Europe PMC 补摘要与文献类型）,api-ok,api-ok,,"https://api.crossref.org/journals/0025-6196/works?filter=from-created-date:2026-09-14,type:journal-article&rows=100&sort=created&order=desc&select=DOI,title,created,type,abstract,author,container-title",https://eutils.ncbi.nlm.nih.gov/entrez/eutils/esearch.fcgi?db=pubmed&retmode=json&retmax=100&datetype=edat&reldate=7&term=(0025-6196[is]+OR+1942-5546[is]),"ISSN 0025-6196, 1942-5546；近 30 天 Crossref 26 篇、PubMed 22 篇；Crossref 自带摘要：否",j-0025-6196
一、临床证据：期刊、文献流与预印本,综合与基础顶刊,中华医学杂志英文版 CMJ,Lippincott Williams & Wilkins,en,INT,Crossref + PubMed,P0,直连,22,新发表论文（Crossref 登记即发现，PubMed / Europe PMC 补摘要与文献类型）,api-ok,api-ok,,"https://api.crossref.org/journals/0366-6999/works?filter=from-created-date:2026-09-14,type:journal-article&rows=100&sort=created&order=desc&select=DOI,title,created,type,abstract,author,container-title",https://eutils.ncbi.nlm.nih.gov/entrez/eutils/esearch.fcgi?db=pubmed&retmode=json&retmax=100&datetype=edat&reldate=7&term=(0366-6999[is]+OR+2542-5641[is]),"ISSN 0366-6999, 2542-5641；近 30 天 Crossref 50 篇、PubMed 51 篇；Crossref 自带摘要：是",j-0366-6999
一、临床证据：期刊、文献流与预印本,综合与基础顶刊,信号转导与靶向治疗 STTT,Springer Nature,en,INT,Crossref + PubMed,P0,直连,17,新发表论文（Crossref 登记即发现，PubMed / Europe PMC 补摘要与文献类型）,api-ok,api-ok,,"https://api.crossref.org/journals/2059-3635/works?filter=from-created-date:2026-09-14,type:journal-article&rows=100&sort=created&order=desc&select=DOI,title,created,type,abstract,author,container-title",https://eutils.ncbi.nlm.nih.gov/entrez/eutils/esearch.fcgi?db=pubmed&retmode=json&retmax=100&datetype=edat&reldate=7&term=(2059-3635[is]+OR+2095-9907[is]),"ISSN 2059-3635, 2095-9907；近 30 天 Crossref 54 篇、PubMed 54 篇；Crossref 自带摘要：否",j-2059-3635
一、临床证据：期刊、文献流与预印本,综合与基础顶刊,细胞研究 Cell Research,Springer Nature,en,INT,Crossref + PubMed,P0,直连,3,新发表论文（Crossref 登记即发现，PubMed / Europe PMC 补摘要与文献类型）,api-ok,api-ok,,"https://api.crossref.org/journals/1748-7838/works?filter=from-created-date:2026-09-14,type:journal-article&rows=100&sort=created&order=desc&select=DOI,title,created,type,abstract,author,container-title",https://eutils.ncbi.nlm.nih.gov/entrez/eutils/esearch.fcgi?db=pubmed&retmode=json&retmax=100&datetype=edat&reldate=7&term=(1001-0602[is]+OR+1748-7838[is]),"ISSN 1001-0602, 1748-7838；近 30 天 Crossref 10 篇、PubMed 10 篇；Crossref 自带摘要：否",j-1748-7838
一、临床证据：期刊、文献流与预印本,综合与基础顶刊,国家科学评论 NSR,Oxford University Press,en,INT,Crossref + PubMed,P0,直连,12,新发表论文（Crossref 登记即发现，PubMed / Europe PMC 补摘要与文献类型）,api-ok,api-ok,,"https://api.crossref.org/journals/2053-714X/works?filter=from-created-date:2026-09-14,type:journal-article&rows=100&sort=created&order=desc&select=DOI,title,created,type,abstract,author,container-title",https://eutils.ncbi.nlm.nih.gov/entrez/eutils/esearch.fcgi?db=pubmed&retmode=json&retmax=100&datetype=edat&reldate=7&term=(2053-714X[is]+OR+2095-5138[is]),"ISSN 2053-714X, 2095-5138；近 30 天 Crossref 83 篇、PubMed 52 篇；Crossref 自带摘要：是",j-2053-714x
一、临床证据：期刊、文献流与预印本,综合与基础顶刊,科学通报（英文版）,,en,INT,Crossref + PubMed,P0,直连,20,新发表论文（Crossref 登记即发现，PubMed / Europe PMC 补摘要与文献类型）,api-ok,api-ok,,"https://api.crossref.org/journals/2095-9273/works?filter=from-created-date:2026-09-14,type:journal-article&rows=100&sort=created&order=desc&select=DOI,title,created,type,abstract,author,container-title",https://eutils.ncbi.nlm.nih.gov/entrez/eutils/esearch.fcgi?db=pubmed&retmode=json&retmax=100&datetype=edat&reldate=7&term=(2095-9273[is]+OR+2095-9281[is]),"ISSN 2095-9273, 2095-9281；近 30 天 Crossref 103 篇、PubMed 77 篇；Crossref 自带摘要：否",j-2095-9273
一、临床证据：期刊、文献流与预印本,综合与基础顶刊,军事医学研究 MMR,BioMed Central,en,INT,Crossref + PubMed,P0,直连,1,新发表论文（Crossref 登记即发现，PubMed / Europe PMC 补摘要与文献类型）,api-ok,api-ok,,"https://api.crossref.org/journals/2054-9369/works?filter=from-created-date:2026-09-14,type:journal-article&rows=100&sort=created&order=desc&select=DOI,title,created,type,abstract,author,container-title",https://eutils.ncbi.nlm.nih.gov/entrez/eutils/esearch.fcgi?db=pubmed&retmode=json&retmax=100&datetype=edat&reldate=7&term=(2054-9369[is]+OR+2095-7467[is]),"ISSN 2054-9369, 2095-7467；近 30 天 Crossref 3 篇、PubMed 4 篇；Crossref 自带摘要：否",j-2054-9369
一、临床证据：期刊、文献流与预印本,综合与基础顶刊,The Innovation,Elsevier BV,en,INT,Crossref + PubMed,P0,直连,2,新发表论文（Crossref 登记即发现，PubMed / Europe PMC 补摘要与文献类型）,api-ok,api-ok,,"https://api.crossref.org/journals/2666-6758/works?filter=from-created-date:2026-09-14,type:journal-article&rows=100&sort=created&order=desc&select=DOI,title,created,type,abstract,author,container-title",https://eutils.ncbi.nlm.nih.gov/entrez/eutils/esearch.fcgi?db=pubmed&retmode=json&retmax=100&datetype=edat&reldate=7&term=(2666-6758[is]),ISSN 2666-6758；近 30 天 Crossref 20 篇、PubMed 22 篇；Crossref 自带摘要：否,j-2666-6758
一、临床证据：期刊、文献流与预印本,综合与基础顶刊,自然综述-药物发现,Nature Portfolio,en,INT,Crossref + PubMed,P0,直连,4,新发表论文（Crossref 登记即发现，PubMed / Europe PMC 补摘要与文献类型）,api-ok,api-ok,,"https://api.crossref.org/journals/1474-1776/works?filter=from-created-date:2026-09-14,type:journal-article&rows=100&sort=created&order=desc&select=DOI,title,created,type,abstract,author,container-title",https://eutils.ncbi.nlm.nih.gov/entrez/eutils/esearch.fcgi?db=pubmed&retmode=json&retmax=100&datetype=edat&reldate=7&term=(1474-1776[is]+OR+1474-1784[is]),"ISSN 1474-1776, 1474-1784；近 30 天 Crossref 21 篇、PubMed 19 篇；Crossref 自带摘要：否",j-1474-1776
一、临床证据：期刊、文献流与预印本,综合与基础顶刊,自然-生物技术,Nature Portfolio,en,INT,Crossref + PubMed,P0,直连,5,新发表论文（Crossref 登记即发现，PubMed / Europe PMC 补摘要与文献类型）,api-ok,api-ok,,"https://api.crossref.org/journals/1087-0156/works?filter=from-created-date:2026-09-14,type:journal-article&rows=100&sort=created&order=desc&select=DOI,title,created,type,abstract,author,container-title",https://eutils.ncbi.nlm.nih.gov/entrez/eutils/esearch.fcgi?db=pubmed&retmode=json&retmax=100&datetype=edat&reldate=7&term=(0733-222X[is]+OR+1087-0156[is]+OR+1546-1696[is]+OR+2331-3684[is]),"ISSN 0733-222X, 1087-0156, 1546-1696, 2331-3684；近 30 天 Crossref 32 篇、PubMed 33 篇；Crossref 自带摘要：否",j-1087-0156
八、AI 与医学,医学 AI 期刊,NEJM AI,,en,INT,Crossref + PubMed,P0,直连,1,新发表论文（Crossref 登记即发现，PubMed / Europe PMC 补摘要与文献类型）,api-ok,api-ok,,"https://api.crossref.org/journals/2836-9386/works?filter=from-created-date:2026-09-14,type:journal-article&rows=100&sort=created&order=desc&select=DOI,title,created,type,abstract,author,container-title",https://eutils.ncbi.nlm.nih.gov/entrez/eutils/esearch.fcgi?db=pubmed&retmode=json&retmax=100&datetype=edat&reldate=7&term=(2836-9386[is]),ISSN 2836-9386；近 30 天 Crossref 7 篇、PubMed 3 篇；Crossref 自带摘要：否,j-2836-9386
八、AI 与医学,医学 AI 期刊,柳叶刀-数字健康,Elsevier BV,en,INT,Crossref + PubMed,P0,直连,1,新发表论文（Crossref 登记即发现，PubMed / Europe PMC 补摘要与文献类型）,api-ok,api-ok,,"https://api.crossref.org/journals/2589-7500/works?filter=from-created-date:2026-09-14,type:journal-article&rows=100&sort=created&order=desc&select=DOI,title,created,type,abstract,author,container-title",https://eutils.ncbi.nlm.nih.gov/entrez/eutils/esearch.fcgi?db=pubmed&retmode=json&retmax=100&datetype=edat&reldate=7&term=(2589-7500[is]),ISSN 2589-7500；近 30 天 Crossref 15 篇、PubMed 15 篇；Crossref 自带摘要：否,j-2589-7500
八、AI 与医学,医学 AI 期刊,npj 数字医学,Nature Portfolio,en,INT,Crossref + PubMed,P0,直连,35,新发表论文（Crossref 登记即发现，PubMed / Europe PMC 补摘要与文献类型）,api-ok,api-ok,,"https://api.crossref.org/journals/2398-6352/works?filter=from-created-date:2026-09-14,type:journal-article&rows=100&sort=created&order=desc&select=DOI,title,created,type,abstract,author,container-title",https://eutils.ncbi.nlm.nih.gov/entrez/eutils/esearch.fcgi?db=pubmed&retmode=json&retmax=100&datetype=edat&reldate=7&term=(2398-6352[is]),ISSN 2398-6352；近 30 天 Crossref 93 篇、PubMed 14 篇；Crossref 自带摘要：否,j-2398-6352
八、AI 与医学,医学 AI 期刊,自然-机器智能,Nature Portfolio,en,INT,Crossref + PubMed,P0,直连,2,新发表论文（Crossref 登记即发现，PubMed / Europe PMC 补摘要与文献类型）,api-ok,api-ok,,"https://api.crossref.org/journals/2522-5839/works?filter=from-created-date:2026-09-14,type:journal-article&rows=100&sort=created&order=desc&select=DOI,title,created,type,abstract,author,container-title",https://eutils.ncbi.nlm.nih.gov/entrez/eutils/esearch.fcgi?db=pubmed&retmode=json&retmax=100&datetype=edat&reldate=7&term=(2522-5839[is]),ISSN 2522-5839；近 30 天 Crossref 16 篇、PubMed 1 篇；Crossref 自带摘要：否,j-2522-5839
八、AI 与医学,医学 AI 期刊,自然-生物医学工程,Nature Portfolio,en,INT,Crossref + PubMed,P0,直连,4,新发表论文（Crossref 登记即发现，PubMed / Europe PMC 补摘要与文献类型）,api-ok,api-ok,,"https://api.crossref.org/journals/2157-846X/works?filter=from-created-date:2026-09-14,type:journal-article&rows=100&sort=created&order=desc&select=DOI,title,created,type,abstract,author,container-title",https://eutils.ncbi.nlm.nih.gov/entrez/eutils/esearch.fcgi?db=pubmed&retmode=json&retmax=100&datetype=edat&reldate=7&term=(2157-846X[is]),ISSN 2157-846X；近 30 天 Crossref 20 篇、PubMed 20 篇；Crossref 自带摘要：否,j-2157-846x
八、AI 与医学,医学 AI 期刊,美国医学信息学会杂志 JAMIA,Oxford University Press,en,INT,Crossref + PubMed,P0,直连,5,新发表论文（Crossref 登记即发现，PubMed / Europe PMC 补摘要与文献类型）,api-ok,api-ok,,"https://api.crossref.org/journals/1067-5027/works?filter=from-created-date:2026-09-14,type:journal-article&rows=100&sort=created&order=desc&select=DOI,title,created,type,abstract,author,container-title",https://eutils.ncbi.nlm.nih.gov/entrez/eutils/esearch.fcgi?db=pubmed&retmode=json&retmax=100&datetype=edat&reldate=7&term=(1067-5027[is]+OR+1527-974X[is]),"ISSN 1067-5027, 1527-974X；近 30 天 Crossref 1 篇、PubMed 10 篇；Crossref 自带摘要：是",j-1067-5027
八、AI 与医学,医学 AI 期刊,医学互联网研究杂志 JMIR,JMIR Publications,en,INT,Crossref + PubMed,P0,直连,31,新发表论文（Crossref 登记即发现，PubMed / Europe PMC 补摘要与文献类型）,api-ok,api-ok,,"https://api.crossref.org/journals/1438-8871/works?filter=from-created-date:2026-09-14,type:journal-article&rows=100&sort=created&order=desc&select=DOI,title,created,type,abstract,author,container-title",https://eutils.ncbi.nlm.nih.gov/entrez/eutils/esearch.fcgi?db=pubmed&retmode=json&retmax=100&datetype=edat&reldate=7&term=(1438-8871[is]+OR+1439-4456[is]),"ISSN 1438-8871, 1439-4456；近 30 天 Crossref 142 篇、PubMed 134 篇；Crossref 自带摘要：否",j-1438-8871
八、AI 与医学,医学 AI 期刊,JMIR Medical Informatics,JMIR Publications,en,INT,Crossref + PubMed,P0,直连,8,新发表论文（Crossref 登记即发现，PubMed / Europe PMC 补摘要与文献类型）,api-ok,api-ok,,"https://api.crossref.org/journals/2291-9694/works?filter=from-created-date:2026-09-14,type:journal-article&rows=100&sort=created&order=desc&select=DOI,title,created,type,abstract,author,container-title",https://eutils.ncbi.nlm.nih.gov/entrez/eutils/esearch.fcgi?db=pubmed&retmode=json&retmax=100&datetype=edat&reldate=7&term=(2291-9694[is]),ISSN 2291-9694；近 30 天 Crossref 29 篇、PubMed 28 篇；Crossref 自带摘要：否,j-2291-9694
八、AI 与医学,医学 AI 期刊,JMIR AI,,en,INT,Crossref + PubMed,P0,直连,3,新发表论文（Crossref 登记即发现，PubMed / Europe PMC 补摘要与文献类型）,api-ok,api-ok,,"https://api.crossref.org/journals/2817-1705/works?filter=from-created-date:2026-09-14,type:journal-article&rows=100&sort=created&order=desc&select=DOI,title,created,type,abstract,author,container-title",https://eutils.ncbi.nlm.nih.gov/entrez/eutils/esearch.fcgi?db=pubmed&retmode=json&retmax=100&datetype=edat&reldate=7&term=(2817-1705[is]),ISSN 2817-1705；近 30 天 Crossref 21 篇、PubMed 16 篇；Crossref 自带摘要：否,j-2817-1705
八、AI 与医学,医学 AI 期刊,Radiology: Artificial Intelligence,Radiological Society of North America,en,INT,Crossref + PubMed,P0,直连,0,新发表论文（Crossref 登记即发现，PubMed / Europe PMC 补摘要与文献类型）,api-ok,api-ok,,"https://api.crossref.org/journals/2638-6100/works?filter=from-created-date:2026-09-14,type:journal-article&rows=100&sort=created&order=desc&select=DOI,title,created,type,abstract,author,container-title",https://eutils.ncbi.nlm.nih.gov/entrez/eutils/esearch.fcgi?db=pubmed&retmode=json&retmax=100&datetype=edat&reldate=7&term=(2638-6100[is]),ISSN 2638-6100；近 30 天 Crossref 5 篇、PubMed 5 篇；Crossref 自带摘要：否,j-2638-6100
八、AI 与医学,医学 AI 期刊,PLOS Digital Health,Public Library of Science,en,INT,Crossref + PubMed,P0,直连,15,新发表论文（Crossref 登记即发现，PubMed / Europe PMC 补摘要与文献类型）,api-ok,api-ok,,"https://api.crossref.org/journals/2767-3170/works?filter=from-created-date:2026-09-14,type:journal-article&rows=100&sort=created&order=desc&select=DOI,title,created,type,abstract,author,container-title",https://eutils.ncbi.nlm.nih.gov/entrez/eutils/esearch.fcgi?db=pubmed&retmode=json&retmax=100&datetype=edat&reldate=7&term=(2767-3170[is]),ISSN 2767-3170；近 30 天 Crossref 54 篇、PubMed 54 篇；Crossref 自带摘要：是,j-2767-3170
八、AI 与医学,医学 AI 期刊,BMJ Health & Care Informatics,BMJ,en,INT,Crossref + PubMed,P0,直连,5,新发表论文（Crossref 登记即发现，PubMed / Europe PMC 补摘要与文献类型）,api-ok,api-ok,,"https://api.crossref.org/journals/2632-1009/works?filter=from-created-date:2026-09-14,type:journal-article&rows=100&sort=created&order=desc&select=DOI,title,created,type,abstract,author,container-title",https://eutils.ncbi.nlm.nih.gov/entrez/eutils/esearch.fcgi?db=pubmed&retmode=json&retmax=100&datetype=edat&reldate=7&term=(2632-1009[is]),ISSN 2632-1009；近 30 天 Crossref 7 篇、PubMed 7 篇；Crossref 自带摘要：是,j-2632-1009
八、AI 与医学,医学 AI 期刊,生物医学信息学杂志 JBI,Elsevier BV,en,INT,Crossref + PubMed,P0,直连,5,新发表论文（Crossref 登记即发现，PubMed / Europe PMC 补摘要与文献类型）,api-ok,api-ok,,"https://api.crossref.org/journals/1532-0464/works?filter=from-created-date:2026-09-14,type:journal-article&rows=100&sort=created&order=desc&select=DOI,title,created,type,abstract,author,container-title",https://eutils.ncbi.nlm.nih.gov/entrez/eutils/esearch.fcgi?db=pubmed&retmode=json&retmax=100&datetype=edat&reldate=7&term=(1532-0464[is]+OR+1532-0480[is]),"ISSN 1532-0464, 1532-0480；近 30 天 Crossref 11 篇、PubMed 9 篇；Crossref 自带摘要：否",j-1532-0464
八、AI 与医学,医学 AI 期刊,医学人工智能 AIM,Elsevier BV,en,INT,Crossref + PubMed,P0,直连,9,新发表论文（Crossref 登记即发现，PubMed / Europe PMC 补摘要与文献类型）,api-ok,api-ok,,"https://api.crossref.org/journals/0933-3657/works?filter=from-created-date:2026-09-14,type:journal-article&rows=100&sort=created&order=desc&select=DOI,title,created,type,abstract,author,container-title",https://eutils.ncbi.nlm.nih.gov/entrez/eutils/esearch.fcgi?db=pubmed&retmode=json&retmax=100&datetype=edat&reldate=7&term=(0933-3657[is]+OR+1873-2860[is]),"ISSN 0933-3657, 1873-2860；近 30 天 Crossref 21 篇、PubMed 20 篇；Crossref 自带摘要：否",j-0933-3657
八、AI 与医学,医学 AI 期刊,Patterns（Cell Press）,Elsevier BV,en,INT,Crossref + PubMed,P0,直连,13,新发表论文（Crossref 登记即发现，PubMed / Europe PMC 补摘要与文献类型）,api-ok,api-ok,,"https://api.crossref.org/journals/2666-3899/works?filter=from-created-date:2026-09-14,type:journal-article&rows=100&sort=created&order=desc&select=DOI,title,created,type,abstract,author,container-title",https://eutils.ncbi.nlm.nih.gov/entrez/eutils/esearch.fcgi?db=pubmed&retmode=json&retmax=100&datetype=edat&reldate=7&term=(2666-3899[is]),ISSN 2666-3899；近 30 天 Crossref 10 篇、PubMed 24 篇；Crossref 自带摘要：否,j-2666-3899
八、AI 与医学,医学 AI 期刊,Communications Medicine,Nature Portfolio,en,INT,Crossref + PubMed,P0,直连,13,新发表论文（Crossref 登记即发现，PubMed / Europe PMC 补摘要与文献类型）,api-ok,api-ok,,"https://api.crossref.org/journals/2730-664X/works?filter=from-created-date:2026-09-14,type:journal-article&rows=100&sort=created&order=desc&select=DOI,title,created,type,abstract,author,container-title",https://eutils.ncbi.nlm.nih.gov/entrez/eutils/esearch.fcgi?db=pubmed&retmode=json&retmax=100&datetype=edat&reldate=7&term=(2730-664X[is]),ISSN 2730-664X；近 30 天 Crossref 50 篇、PubMed 16 篇；Crossref 自带摘要：否,j-2730-664x
八、AI 与医学,医学 AI 期刊,Health Data Science,American Association for the Advancement of Science,en,INT,Crossref + PubMed,P0,直连,1,新发表论文（Crossref 登记即发现，PubMed / Europe PMC 补摘要与文献类型）,api-ok,api-ok,,"https://api.crossref.org/journals/2765-8783/works?filter=from-created-date:2026-09-14,type:journal-article&rows=100&sort=created&order=desc&select=DOI,title,created,type,abstract,author,container-title",https://eutils.ncbi.nlm.nih.gov/entrez/eutils/esearch.fcgi?db=pubmed&retmode=json&retmax=100&datetype=edat&reldate=7&term=(2097-1095[is]+OR+2765-8783[is]),"ISSN 2097-1095, 2765-8783；近 30 天 Crossref 1 篇、PubMed 5 篇；Crossref 自带摘要：否",j-2765-8783
一、临床证据：期刊、文献流与预印本,专科顶刊,柳叶刀-肿瘤学,Elsevier BV,en,INT,Crossref + PubMed,P0,直连,6,新发表论文（Crossref 登记即发现，PubMed / Europe PMC 补摘要与文献类型）,api-ok,api-ok,,"https://api.crossref.org/journals/1470-2045/works?filter=from-created-date:2026-09-14,type:journal-article&rows=100&sort=created&order=desc&select=DOI,title,created,type,abstract,author,container-title",https://eutils.ncbi.nlm.nih.gov/entrez/eutils/esearch.fcgi?db=pubmed&retmode=json&retmax=100&datetype=edat&reldate=7&term=(1470-2045[is]+OR+1474-5488[is]),"ISSN 1470-2045, 1474-5488；近 30 天 Crossref 36 篇、PubMed 36 篇；Crossref 自带摘要：否",j-1470-2045
一、临床证据：期刊、文献流与预印本,专科顶刊,临床肿瘤学杂志 JCO,Lippincott Williams & Wilkins,en,INT,Crossref + PubMed,P0,直连,13,新发表论文（Crossref 登记即发现，PubMed / Europe PMC 补摘要与文献类型）,api-ok,api-ok,,"https://api.crossref.org/journals/0732-183X/works?filter=from-created-date:2026-09-14,type:journal-article&rows=100&sort=created&order=desc&select=DOI,title,created,type,abstract,author,container-title",https://eutils.ncbi.nlm.nih.gov/entrez/eutils/esearch.fcgi?db=pubmed&retmode=json&retmax=100&datetype=edat&reldate=7&term=(0732-183X[is]+OR+1527-7755[is]),"ISSN 0732-183X, 1527-7755；近 30 天 Crossref 42 篇、PubMed 41 篇；Crossref 自带摘要：是",j-0732-183x
一、临床证据：期刊、文献流与预印本,专科顶刊,JAMA 肿瘤学,American Medical Association,en,INT,Crossref + PubMed,P0,直连,9,新发表论文（Crossref 登记即发现，PubMed / Europe PMC 补摘要与文献类型）,api-ok,api-ok,,"https://api.crossref.org/journals/2374-2437/works?filter=from-created-date:2026-09-14,type:journal-article&rows=100&sort=created&order=desc&select=DOI,title,created,type,abstract,author,container-title",https://eutils.ncbi.nlm.nih.gov/entrez/eutils/esearch.fcgi?db=pubmed&retmode=json&retmax=100&datetype=edat&reldate=7&term=(2374-2437[is]+OR+2374-2445[is]),"ISSN 2374-2437, 2374-2445；近 30 天 Crossref 25 篇、PubMed 24 篇；Crossref 自带摘要：是",j-2374-2437
一、临床证据：期刊、文献流与预印本,专科顶刊,肿瘤学年鉴,Elsevier BV,en,INT,Crossref + PubMed,P0,直连,6,新发表论文（Crossref 登记即发现，PubMed / Europe PMC 补摘要与文献类型）,api-ok,api-ok,,"https://api.crossref.org/journals/0923-7534/works?filter=from-created-date:2026-09-14,type:journal-article&rows=100&sort=created&order=desc&select=DOI,title,created,type,abstract,author,container-title",https://eutils.ncbi.nlm.nih.gov/entrez/eutils/esearch.fcgi?db=pubmed&retmode=json&retmax=100&datetype=edat&reldate=7&term=(0923-7534[is]+OR+1569-8041[is]),"ISSN 0923-7534, 1569-8041；近 30 天 Crossref 13 篇、PubMed 11 篇；Crossref 自带摘要：否",j-0923-7534
一、临床证据：期刊、文献流与预印本,专科顶刊,CA：临床医师癌症杂志,Wiley,en,INT,Crossref + PubMed,P0,直连,1,新发表论文（Crossref 登记即发现，PubMed / Europe PMC 补摘要与文献类型）,api-ok,api-ok,,"https://api.crossref.org/journals/0007-9235/works?filter=from-created-date:2026-09-14,type:journal-article&rows=100&sort=created&order=desc&select=DOI,title,created,type,abstract,author,container-title",https://eutils.ncbi.nlm.nih.gov/entrez/eutils/esearch.fcgi?db=pubmed&retmode=json&retmax=100&datetype=edat&reldate=7&term=(0007-9235[is]+OR+1542-4863[is]),"ISSN 0007-9235, 1542-4863；近 30 天 Crossref 7 篇、PubMed 5 篇；Crossref 自带摘要：是",j-0007-9235
一、临床证据：期刊、文献流与预印本,专科顶刊,Cancer Cell,Cell Press,en,INT,Crossref + PubMed,P0,直连,10,新发表论文（Crossref 登记即发现，PubMed / Europe PMC 补摘要与文献类型）,api-ok,api-ok,,"https://api.crossref.org/journals/1535-6108/works?filter=from-created-date:2026-09-14,type:journal-article&rows=100&sort=created&order=desc&select=DOI,title,created,type,abstract,author,container-title",https://eutils.ncbi.nlm.nih.gov/entrez/eutils/esearch.fcgi?db=pubmed&retmode=json&retmax=100&datetype=edat&reldate=7&term=(1535-6108[is]+OR+1878-3686[is]),"ISSN 1535-6108, 1878-3686；近 30 天 Crossref 20 篇、PubMed 20 篇；Crossref 自带摘要：否",j-1535-6108
一、临床证据：期刊、文献流与预印本,专科顶刊,自然综述-临床肿瘤学,Nature Portfolio,en,INT,Crossref + PubMed,P0,直连,3,新发表论文（Crossref 登记即发现，PubMed / Europe PMC 补摘要与文献类型）,api-ok,api-ok,,"https://api.crossref.org/journals/1759-4774/works?filter=from-created-date:2026-09-14,type:journal-article&rows=100&sort=created&order=desc&select=DOI,title,created,type,abstract,author,container-title",https://eutils.ncbi.nlm.nih.gov/entrez/eutils/esearch.fcgi?db=pubmed&retmode=json&retmax=100&datetype=edat&reldate=7&term=(1759-4774[is]+OR+1759-4782[is]),"ISSN 1759-4774, 1759-4782；近 30 天 Crossref 8 篇、PubMed 8 篇；Crossref 自带摘要：否",j-1759-4774
一、临床证据：期刊、文献流与预印本,专科顶刊,Cancer Discovery,American Association for Cancer Research,en,INT,Crossref + PubMed,P0,直连,9,新发表论文（Crossref 登记即发现，PubMed / Europe PMC 补摘要与文献类型）,api-ok,api-ok,,"https://api.crossref.org/journals/2159-8274/works?filter=from-created-date:2026-09-14,type:journal-article&rows=100&sort=created&order=desc&select=DOI,title,created,type,abstract,author,container-title",https://eutils.ncbi.nlm.nih.gov/entrez/eutils/esearch.fcgi?db=pubmed&retmode=json&retmax=100&datetype=edat&reldate=7&term=(2159-8274[is]+OR+2159-8290[is]),"ISSN 2159-8274, 2159-8290；近 30 天 Crossref 29 篇、PubMed 29 篇；Crossref 自带摘要：是",j-2159-8274
一、临床证据：期刊、文献流与预印本,专科顶刊,循环 Circulation,Lippincott Williams & Wilkins,en,INT,Crossref + PubMed,P0,直连,19,新发表论文（Crossref 登记即发现，PubMed / Europe PMC 补摘要与文献类型）,api-ok,api-ok,,"https://api.crossref.org/journals/0009-7322/works?filter=from-created-date:2026-09-14,type:journal-article&rows=100&sort=created&order=desc&select=DOI,title,created,type,abstract,author,container-title",https://eutils.ncbi.nlm.nih.gov/entrez/eutils/esearch.fcgi?db=pubmed&retmode=json&retmax=100&datetype=edat&reldate=7&term=(0009-7322[is]+OR+1524-4539[is]),"ISSN 0009-7322, 1524-4539；近 30 天 Crossref 107 篇、PubMed 89 篇；Crossref 自带摘要：是",j-0009-7322
一、临床证据：期刊、文献流与预印本,专科顶刊,美国心脏病学会杂志 JACC,Elsevier BV,en,INT,Crossref + PubMed,P0,直连,8,新发表论文（Crossref 登记即发现，PubMed / Europe PMC 补摘要与文献类型）,api-ok,api-ok,,"https://api.crossref.org/journals/0735-1097/works?filter=from-created-date:2026-09-14,type:journal-article&rows=100&sort=created&order=desc&select=DOI,title,created,type,abstract,author,container-title",https://eutils.ncbi.nlm.nih.gov/entrez/eutils/esearch.fcgi?db=pubmed&retmode=json&retmax=100&datetype=edat&reldate=7&term=(0735-1097[is]+OR+1558-3597[is]),"ISSN 0735-1097, 1558-3597；近 30 天 Crossref 61 篇、PubMed 53 篇；Crossref 自带摘要：否",j-0735-1097
一、临床证据：期刊、文献流与预印本,专科顶刊,欧洲心脏杂志 EHJ,Oxford University Press,en,INT,Crossref + PubMed,P0,直连,20,新发表论文（Crossref 登记即发现，PubMed / Europe PMC 补摘要与文献类型）,api-ok,api-ok,,"https://api.crossref.org/journals/0195-668X/works?filter=from-created-date:2026-09-14,type:journal-article&rows=100&sort=created&order=desc&select=DOI,title,created,type,abstract,author,container-title",https://eutils.ncbi.nlm.nih.gov/entrez/eutils/esearch.fcgi?db=pubmed&retmode=json&retmax=100&datetype=edat&reldate=7&term=(0195-668X[is]+OR+1522-9645[is]),"ISSN 0195-668X, 1522-9645；近 30 天 Crossref 41 篇、PubMed 121 篇；Crossref 自带摘要：否",j-0195-668x
一、临床证据：期刊、文献流与预印本,专科顶刊,JAMA 心脏病学,American Medical Association,en,INT,Crossref + PubMed,P0,直连,7,新发表论文（Crossref 登记即发现，PubMed / Europe PMC 补摘要与文献类型）,api-ok,api-ok,,"https://api.crossref.org/journals/2380-6583/works?filter=from-created-date:2026-09-14,type:journal-article&rows=100&sort=created&order=desc&select=DOI,title,created,type,abstract,author,container-title",https://eutils.ncbi.nlm.nih.gov/entrez/eutils/esearch.fcgi?db=pubmed&retmode=json&retmax=100&datetype=edat&reldate=7&term=(2380-6583[is]+OR+2380-6591[is]),"ISSN 2380-6583, 2380-6591；近 30 天 Crossref 35 篇、PubMed 34 篇；Crossref 自带摘要：是",j-2380-6583
一、临床证据：期刊、文献流与预印本,专科顶刊,自然综述-心脏病学,Nature Portfolio,en,INT,Crossref + PubMed,P0,直连,5,新发表论文（Crossref 登记即发现，PubMed / Europe PMC 补摘要与文献类型）,api-ok,api-ok,,"https://api.crossref.org/journals/1759-5002/works?filter=from-created-date:2026-09-14,type:journal-article&rows=100&sort=created&order=desc&select=DOI,title,created,type,abstract,author,container-title",https://eutils.ncbi.nlm.nih.gov/entrez/eutils/esearch.fcgi?db=pubmed&retmode=json&retmax=100&datetype=edat&reldate=7&term=(1759-5002[is]+OR+1759-5010[is]),"ISSN 1759-5002, 1759-5010；近 30 天 Crossref 14 篇、PubMed 14 篇；Crossref 自带摘要：否",j-1759-5002
一、临床证据：期刊、文献流与预印本,专科顶刊,柳叶刀-糖尿病与内分泌学,Elsevier BV,en,INT,Crossref + PubMed,P0,直连,0,新发表论文（Crossref 登记即发现，PubMed / Europe PMC 补摘要与文献类型）,api-ok,api-ok,,"https://api.crossref.org/journals/2213-8587/works?filter=from-created-date:2026-09-14,type:journal-article&rows=100&sort=created&order=desc&select=DOI,title,created,type,abstract,author,container-title",https://eutils.ncbi.nlm.nih.gov/entrez/eutils/esearch.fcgi?db=pubmed&retmode=json&retmax=100&datetype=edat&reldate=7&term=(2213-8587[is]+OR+2213-8595[is]),"ISSN 2213-8587, 2213-8595；近 30 天 Crossref 7 篇、PubMed 5 篇；Crossref 自带摘要：否",j-2213-8587
一、临床证据：期刊、文献流与预印本,专科顶刊,糖尿病护理 Diabetes Care,American Diabetes Association,en,INT,Crossref + PubMed,P0,直连,10,新发表论文（Crossref 登记即发现，PubMed / Europe PMC 补摘要与文献类型）,api-ok,api-ok,,"https://api.crossref.org/journals/0149-5992/works?filter=from-created-date:2026-09-14,type:journal-article&rows=100&sort=created&order=desc&select=DOI,title,created,type,abstract,author,container-title",https://eutils.ncbi.nlm.nih.gov/entrez/eutils/esearch.fcgi?db=pubmed&retmode=json&retmax=100&datetype=edat&reldate=7&term=(0149-5992[is]+OR+1935-5548[is]),"ISSN 0149-5992, 1935-5548；近 30 天 Crossref 23 篇、PubMed 23 篇；Crossref 自带摘要：是",j-0149-5992
一、临床证据：期刊、文献流与预印本,专科顶刊,Cell Metabolism,Cell Press,en,INT,Crossref + PubMed,P0,直连,2,新发表论文（Crossref 登记即发现，PubMed / Europe PMC 补摘要与文献类型）,api-ok,api-ok,,"https://api.crossref.org/journals/1550-4131/works?filter=from-created-date:2026-09-14,type:journal-article&rows=100&sort=created&order=desc&select=DOI,title,created,type,abstract,author,container-title",https://eutils.ncbi.nlm.nih.gov/entrez/eutils/esearch.fcgi?db=pubmed&retmode=json&retmax=100&datetype=edat&reldate=7&term=(1550-4131[is]+OR+1932-7420[is]),"ISSN 1550-4131, 1932-7420；近 30 天 Crossref 19 篇、PubMed 19 篇；Crossref 自带摘要：否",j-1550-4131
一、临床证据：期刊、文献流与预印本,专科顶刊,自然综述-内分泌学,Nature Portfolio,en,INT,Crossref + PubMed,P0,直连,2,新发表论文（Crossref 登记即发现，PubMed / Europe PMC 补摘要与文献类型）,api-ok,api-ok,,"https://api.crossref.org/journals/1759-5029/works?filter=from-created-date:2026-09-14,type:journal-article&rows=100&sort=created&order=desc&select=DOI,title,created,type,abstract,author,container-title",https://eutils.ncbi.nlm.nih.gov/entrez/eutils/esearch.fcgi?db=pubmed&retmode=json&retmax=100&datetype=edat&reldate=7&term=(1759-5029[is]+OR+1759-5037[is]),"ISSN 1759-5029, 1759-5037；近 30 天 Crossref 10 篇、PubMed 10 篇；Crossref 自带摘要：否",j-1759-5029
一、临床证据：期刊、文献流与预印本,专科顶刊,柳叶刀-神经病学,Elsevier BV,en,INT,Crossref + PubMed,P0,直连,0,新发表论文（Crossref 登记即发现，PubMed / Europe PMC 补摘要与文献类型）,api-ok,api-ok,,"https://api.crossref.org/journals/1474-4422/works?filter=from-created-date:2026-09-14,type:journal-article&rows=100&sort=created&order=desc&select=DOI,title,created,type,abstract,author,container-title",https://eutils.ncbi.nlm.nih.gov/entrez/eutils/esearch.fcgi?db=pubmed&retmode=json&retmax=100&datetype=edat&reldate=7&term=(1474-4422[is]+OR+1474-4465[is]),"ISSN 1474-4422, 1474-4465；近 30 天 Crossref 22 篇、PubMed 21 篇；Crossref 自带摘要：否",j-1474-4422
一、临床证据：期刊、文献流与预印本,专科顶刊,JAMA 神经病学,American Medical Association,en,INT,Crossref + PubMed,P0,直连,5,新发表论文（Crossref 登记即发现，PubMed / Europe PMC 补摘要与文献类型）,api-ok,api-ok,,"https://api.crossref.org/journals/2168-6149/works?filter=from-created-date:2026-09-14,type:journal-article&rows=100&sort=created&order=desc&select=DOI,title,created,type,abstract,author,container-title",https://eutils.ncbi.nlm.nih.gov/entrez/eutils/esearch.fcgi?db=pubmed&retmode=json&retmax=100&datetype=edat&reldate=7&term=(2168-6149[is]+OR+2168-6157[is]),"ISSN 2168-6149, 2168-6157；近 30 天 Crossref 17 篇、PubMed 16 篇；Crossref 自带摘要：是",j-2168-6149
一、临床证据：期刊、文献流与预印本,专科顶刊,神经病学 Neurology,Lippincott Williams & Wilkins,en,INT,Crossref + PubMed,P0,直连,14,新发表论文（Crossref 登记即发现，PubMed / Europe PMC 补摘要与文献类型）,api-ok,api-ok,,"https://api.crossref.org/journals/0028-3878/works?filter=from-created-date:2026-09-14,type:journal-article&rows=100&sort=created&order=desc&select=DOI,title,created,type,abstract,author,container-title",https://eutils.ncbi.nlm.nih.gov/entrez/eutils/esearch.fcgi?db=pubmed&retmode=json&retmax=100&datetype=edat&reldate=7&term=(0028-3878[is]+OR+1526-632X[is]),"ISSN 0028-3878, 1526-632X；近 30 天 Crossref 61 篇、PubMed 61 篇；Crossref 自带摘要：否",j-0028-3878
一、临床证据：期刊、文献流与预印本,专科顶刊,Brain,Oxford University Press,en,INT,Crossref + PubMed,P0,直连,13,新发表论文（Crossref 登记即发现，PubMed / Europe PMC 补摘要与文献类型）,api-ok,api-ok,,"https://api.crossref.org/journals/0006-8950/works?filter=from-created-date:2026-09-14,type:journal-article&rows=100&sort=created&order=desc&select=DOI,title,created,type,abstract,author,container-title",https://eutils.ncbi.nlm.nih.gov/entrez/eutils/esearch.fcgi?db=pubmed&retmode=json&retmax=100&datetype=edat&reldate=7&term=(0006-8950[is]+OR+1460-2156[is]),"ISSN 0006-8950, 1460-2156；近 30 天 Crossref 30 篇、PubMed 42 篇；Crossref 自带摘要：是",j-0006-8950
一、临床证据：期刊、文献流与预印本,专科顶刊,卒中 Stroke,Lippincott Williams & Wilkins,en,INT,Crossref + PubMed,P0,直连,6,新发表论文（Crossref 登记即发现，PubMed / Europe PMC 补摘要与文献类型）,api-ok,api-ok,,"https://api.crossref.org/journals/0039-2499/works?filter=from-created-date:2026-09-14,type:journal-article&rows=100&sort=created&order=desc&select=DOI,title,created,type,abstract,author,container-title",https://eutils.ncbi.nlm.nih.gov/entrez/eutils/esearch.fcgi?db=pubmed&retmode=json&retmax=100&datetype=edat&reldate=7&term=(0039-2499[is]+OR+1524-4628[is]),"ISSN 0039-2499, 1524-4628；近 30 天 Crossref 45 篇、PubMed 45 篇；Crossref 自带摘要：是",j-0039-2499
一、临床证据：期刊、文献流与预印本,专科顶刊,柳叶刀-精神病学,Elsevier BV,en,INT,Crossref + PubMed,P0,直连,1,新发表论文（Crossref 登记即发现，PubMed / Europe PMC 补摘要与文献类型）,api-ok,api-ok,,"https://api.crossref.org/journals/2215-0366/works?filter=from-created-date:2026-09-14,type:journal-article&rows=100&sort=created&order=desc&select=DOI,title,created,type,abstract,author,container-title",https://eutils.ncbi.nlm.nih.gov/entrez/eutils/esearch.fcgi?db=pubmed&retmode=json&retmax=100&datetype=edat&reldate=7&term=(2215-0366[is]+OR+2215-0374[is]),"ISSN 2215-0366, 2215-0374；近 30 天 Crossref 16 篇、PubMed 16 篇；Crossref 自带摘要：否",j-2215-0366
一、临床证据：期刊、文献流与预印本,专科顶刊,JAMA 精神病学,American Medical Association,en,INT,Crossref + PubMed,P0,直连,6,新发表论文（Crossref 登记即发现，PubMed / Europe PMC 补摘要与文献类型）,api-ok,api-ok,,"https://api.crossref.org/journals/2168-622X/works?filter=from-created-date:2026-09-14,type:journal-article&rows=100&sort=created&order=desc&select=DOI,title,created,type,abstract,author,container-title",https://eutils.ncbi.nlm.nih.gov/entrez/eutils/esearch.fcgi?db=pubmed&retmode=json&retmax=100&datetype=edat&reldate=7&term=(2168-622X[is]+OR+2168-6238[is]),"ISSN 2168-622X, 2168-6238；近 30 天 Crossref 16 篇、PubMed 15 篇；Crossref 自带摘要：是",j-2168-622x
一、临床证据：期刊、文献流与预印本,专科顶刊,World Psychiatry,Wiley,en,INT,Crossref + PubMed,P0,直连,38,新发表论文（Crossref 登记即发现，PubMed / Europe PMC 补摘要与文献类型）,api-ok,api-ok,,"https://api.crossref.org/journals/1723-8617/works?filter=from-created-date:2026-09-14,type:journal-article&rows=100&sort=created&order=desc&select=DOI,title,created,type,abstract,author,container-title",https://eutils.ncbi.nlm.nih.gov/entrez/eutils/esearch.fcgi?db=pubmed&retmode=json&retmax=100&datetype=edat&reldate=7&term=(1723-8617[is]+OR+2051-5545[is]),"ISSN 1723-8617, 2051-5545；近 30 天 Crossref 0 篇、PubMed 38 篇；Crossref 自带摘要：否",j-1723-8617
一、临床证据：期刊、文献流与预印本,专科顶刊,柳叶刀-感染病学,Elsevier BV,en,INT,Crossref + PubMed,P0,直连,3,新发表论文（Crossref 登记即发现，PubMed / Europe PMC 补摘要与文献类型）,api-ok,api-ok,,"https://api.crossref.org/journals/1473-3099/works?filter=from-created-date:2026-09-14,type:journal-article&rows=100&sort=created&order=desc&select=DOI,title,created,type,abstract,author,container-title",https://eutils.ncbi.nlm.nih.gov/entrez/eutils/esearch.fcgi?db=pubmed&retmode=json&retmax=100&datetype=edat&reldate=7&term=(1473-3099[is]+OR+1474-4457[is]),"ISSN 1473-3099, 1474-4457；近 30 天 Crossref 25 篇、PubMed 23 篇；Crossref 自带摘要：否",j-1473-3099
一、临床证据：期刊、文献流与预印本,专科顶刊,临床感染病 CID,Oxford University Press,en,INT,Crossref + PubMed,P0,直连,13,新发表论文（Crossref 登记即发现，PubMed / Europe PMC 补摘要与文献类型）,api-ok,api-ok,,"https://api.crossref.org/journals/1058-4838/works?filter=from-created-date:2026-09-14,type:journal-article&rows=100&sort=created&order=desc&select=DOI,title,created,type,abstract,author,container-title",https://eutils.ncbi.nlm.nih.gov/entrez/eutils/esearch.fcgi?db=pubmed&retmode=json&retmax=100&datetype=edat&reldate=7&term=(1058-4838[is]+OR+1537-6591[is]),"ISSN 1058-4838, 1537-6591；近 30 天 Crossref 41 篇、PubMed 54 篇；Crossref 自带摘要：是",j-1058-4838
一、临床证据：期刊、文献流与预印本,专科顶刊,柳叶刀-微生物,Elsevier BV,en,INT,Crossref + PubMed,P0,直连,8,新发表论文（Crossref 登记即发现，PubMed / Europe PMC 补摘要与文献类型）,api-ok,api-ok,,"https://api.crossref.org/journals/2666-5247/works?filter=from-created-date:2026-09-14,type:journal-article&rows=100&sort=created&order=desc&select=DOI,title,created,type,abstract,author,container-title",https://eutils.ncbi.nlm.nih.gov/entrez/eutils/esearch.fcgi?db=pubmed&retmode=json&retmax=100&datetype=edat&reldate=7&term=(2666-5247[is]),ISSN 2666-5247；近 30 天 Crossref 22 篇、PubMed 21 篇；Crossref 自带摘要：否,j-2666-5247
一、临床证据：期刊、文献流与预印本,专科顶刊,柳叶刀-HIV,Elsevier BV,en,INT,Crossref + PubMed,P0,直连,1,新发表论文（Crossref 登记即发现，PubMed / Europe PMC 补摘要与文献类型）,api-ok,api-ok,,"https://api.crossref.org/journals/2352-3018/works?filter=from-created-date:2026-09-14,type:journal-article&rows=100&sort=created&order=desc&select=DOI,title,created,type,abstract,author,container-title",https://eutils.ncbi.nlm.nih.gov/entrez/eutils/esearch.fcgi?db=pubmed&retmode=json&retmax=100&datetype=edat&reldate=7&term=(2352-3018[is]+OR+2405-4704[is]),"ISSN 2352-3018, 2405-4704；近 30 天 Crossref 13 篇、PubMed 13 篇；Crossref 自带摘要：否",j-2352-3018
一、临床证据：期刊、文献流与预印本,专科顶刊,柳叶刀-呼吸医学,Elsevier BV,en,INT,Crossref + PubMed,P0,直连,7,新发表论文（Crossref 登记即发现，PubMed / Europe PMC 补摘要与文献类型）,api-ok,api-ok,,"https://api.crossref.org/journals/2213-2600/works?filter=from-created-date:2026-09-14,type:journal-article&rows=100&sort=created&order=desc&select=DOI,title,created,type,abstract,author,container-title",https://eutils.ncbi.nlm.nih.gov/entrez/eutils/esearch.fcgi?db=pubmed&retmode=json&retmax=100&datetype=edat&reldate=7&term=(2213-2600[is]+OR+2213-2619[is]),"ISSN 2213-2600, 2213-2619；近 30 天 Crossref 22 篇、PubMed 22 篇；Crossref 自带摘要：否",j-2213-2600
一、临床证据：期刊、文献流与预印本,专科顶刊,美国呼吸与危重症医学杂志 AJRCCM,American Thoracic Society,en,INT,Crossref + PubMed,P0,直连,22,新发表论文（Crossref 登记即发现，PubMed / Europe PMC 补摘要与文献类型）,api-ok,api-ok,,"https://api.crossref.org/journals/1073-449X/works?filter=from-created-date:2026-09-14,type:journal-article&rows=100&sort=created&order=desc&select=DOI,title,created,type,abstract,author,container-title",https://eutils.ncbi.nlm.nih.gov/entrez/eutils/esearch.fcgi?db=pubmed&retmode=json&retmax=100&datetype=edat&reldate=7&term=(1073-449X[is]+OR+1535-4970[is]),"ISSN 1073-449X, 1535-4970；近 30 天 Crossref 24 篇、PubMed 44 篇；Crossref 自带摘要：否",j-1073-449x
一、临床证据：期刊、文献流与预印本,专科顶刊,CHEST,,en,INT,Crossref + PubMed,P0,直连,11,新发表论文（Crossref 登记即发现，PubMed / Europe PMC 补摘要与文献类型）,api-ok,api-ok,,"https://api.crossref.org/journals/0012-3692/works?filter=from-created-date:2026-09-14,type:journal-article&rows=100&sort=created&order=desc&select=DOI,title,created,type,abstract,author,container-title",https://eutils.ncbi.nlm.nih.gov/entrez/eutils/esearch.fcgi?db=pubmed&retmode=json&retmax=100&datetype=edat&reldate=7&term=(0012-3692[is]+OR+1931-3543[is]),"ISSN 0012-3692, 1931-3543；近 30 天 Crossref 57 篇、PubMed 53 篇；Crossref 自带摘要：否",j-0012-3692
一、临床证据：期刊、文献流与预印本,专科顶刊,重症医学 ICM,Springer Science+Business Media,en,INT,Crossref + PubMed,P0,直连,0,新发表论文（Crossref 登记即发现，PubMed / Europe PMC 补摘要与文献类型）,api-ok,api-ok,,"https://api.crossref.org/journals/0342-4642/works?filter=from-created-date:2026-09-14,type:journal-article&rows=100&sort=created&order=desc&select=DOI,title,created,type,abstract,author,container-title",https://eutils.ncbi.nlm.nih.gov/entrez/eutils/esearch.fcgi?db=pubmed&retmode=json&retmax=100&datetype=edat&reldate=7&term=(0342-4642[is]+OR+1432-1238[is]),"ISSN 0342-4642, 1432-1238；近 30 天 Crossref 12 篇、PubMed 12 篇；Crossref 自带摘要：否",j-0342-4642
一、临床证据：期刊、文献流与预印本,专科顶刊,Critical Care,BioMed Central,en,INT,Crossref + PubMed,P0,直连,14,新发表论文（Crossref 登记即发现，PubMed / Europe PMC 补摘要与文献类型）,api-ok,api-ok,,"https://api.crossref.org/journals/1364-8535/works?filter=from-created-date:2026-09-14,type:journal-article&rows=100&sort=created&order=desc&select=DOI,title,created,type,abstract,author,container-title",https://eutils.ncbi.nlm.nih.gov/entrez/eutils/esearch.fcgi?db=pubmed&retmode=json&retmax=100&datetype=edat&reldate=7&term=(1364-8535[is]+OR+1466-609X[is]+OR+1574-4280[is]+OR+1875-7081[is]),"ISSN 1364-8535, 1466-609X, 1574-4280, 1875-7081；近 30 天 Crossref 58 篇、PubMed 32 篇；Crossref 自带摘要：否",j-1364-8535
一、临床证据：期刊、文献流与预印本,专科顶刊,胃肠病学 Gastroenterology,Elsevier BV,en,INT,Crossref + PubMed,P0,直连,13,新发表论文（Crossref 登记即发现，PubMed / Europe PMC 补摘要与文献类型）,api-ok,api-ok,,"https://api.crossref.org/journals/0016-5085/works?filter=from-created-date:2026-09-14,type:journal-article&rows=100&sort=created&order=desc&select=DOI,title,created,type,abstract,author,container-title",https://eutils.ncbi.nlm.nih.gov/entrez/eutils/esearch.fcgi?db=pubmed&retmode=json&retmax=100&datetype=edat&reldate=7&term=(0016-5085[is]+OR+1528-0012[is]),"ISSN 0016-5085, 1528-0012；近 30 天 Crossref 35 篇、PubMed 28 篇；Crossref 自带摘要：否",j-0016-5085
一、临床证据：期刊、文献流与预印本,专科顶刊,Gut,BMJ,en,INT,Crossref + PubMed,P0,直连,10,新发表论文（Crossref 登记即发现，PubMed / Europe PMC 补摘要与文献类型）,api-ok,api-ok,,"https://api.crossref.org/journals/0017-5749/works?filter=from-created-date:2026-09-14,type:journal-article&rows=100&sort=created&order=desc&select=DOI,title,created,type,abstract,author,container-title",https://eutils.ncbi.nlm.nih.gov/entrez/eutils/esearch.fcgi?db=pubmed&retmode=json&retmax=100&datetype=edat&reldate=7&term=(0017-5749[is]+OR+1468-3288[is]),"ISSN 0017-5749, 1468-3288；近 30 天 Crossref 34 篇、PubMed 34 篇；Crossref 自带摘要：是",j-0017-5749
一、临床证据：期刊、文献流与预印本,专科顶刊,柳叶刀-胃肠病学与肝病学,,en,INT,Crossref + PubMed,P0,直连,2,新发表论文（Crossref 登记即发现，PubMed / Europe PMC 补摘要与文献类型）,api-ok,api-ok,,"https://api.crossref.org/journals/2468-1253/works?filter=from-created-date:2026-09-14,type:journal-article&rows=100&sort=created&order=desc&select=DOI,title,created,type,abstract,author,container-title",https://eutils.ncbi.nlm.nih.gov/entrez/eutils/esearch.fcgi?db=pubmed&retmode=json&retmax=100&datetype=edat&reldate=7&term=(2468-1253[is]+OR+2468-1156[is]),"ISSN 2468-1253, 2468-1156；近 30 天 Crossref 13 篇、PubMed 13 篇；Crossref 自带摘要：否",j-2468-1253
一、临床证据：期刊、文献流与预印本,专科顶刊,肝病学杂志 J Hepatol,Elsevier BV,en,INT,Crossref + PubMed,P0,直连,10,新发表论文（Crossref 登记即发现，PubMed / Europe PMC 补摘要与文献类型）,api-ok,api-ok,,"https://api.crossref.org/journals/0168-8278/works?filter=from-created-date:2026-09-14,type:journal-article&rows=100&sort=created&order=desc&select=DOI,title,created,type,abstract,author,container-title",https://eutils.ncbi.nlm.nih.gov/entrez/eutils/esearch.fcgi?db=pubmed&retmode=json&retmax=100&datetype=edat&reldate=7&term=(0168-8278[is]+OR+1600-0641[is]),"ISSN 0168-8278, 1600-0641；近 30 天 Crossref 34 篇、PubMed 32 篇；Crossref 自带摘要：否",j-0168-8278
一、临床证据：期刊、文献流与预印本,专科顶刊,肝病学 Hepatology,Lippincott Williams & Wilkins,en,INT,Crossref + PubMed,P0,直连,5,新发表论文（Crossref 登记即发现，PubMed / Europe PMC 补摘要与文献类型）,api-ok,api-ok,,"https://api.crossref.org/journals/0270-9139/works?filter=from-created-date:2026-09-14,type:journal-article&rows=100&sort=created&order=desc&select=DOI,title,created,type,abstract,author,container-title",https://eutils.ncbi.nlm.nih.gov/entrez/eutils/esearch.fcgi?db=pubmed&retmode=json&retmax=100&datetype=edat&reldate=7&term=(0270-9139[is]+OR+1527-3350[is]),"ISSN 0270-9139, 1527-3350；近 30 天 Crossref 14 篇、PubMed 14 篇；Crossref 自带摘要：是",j-0270-9139
一、临床证据：期刊、文献流与预印本,专科顶刊,美国肾脏病学会杂志 JASN,American Society of Nephrology,en,INT,Crossref + PubMed,P0,直连,8,新发表论文（Crossref 登记即发现，PubMed / Europe PMC 补摘要与文献类型）,api-ok,api-ok,,"https://api.crossref.org/journals/1046-6673/works?filter=from-created-date:2026-09-14,type:journal-article&rows=100&sort=created&order=desc&select=DOI,title,created,type,abstract,author,container-title",https://eutils.ncbi.nlm.nih.gov/entrez/eutils/esearch.fcgi?db=pubmed&retmode=json&retmax=100&datetype=edat&reldate=7&term=(1046-6673[is]+OR+1533-3450[is]),"ISSN 1046-6673, 1533-3450；近 30 天 Crossref 28 篇、PubMed 26 篇；Crossref 自带摘要：否",j-1046-6673
一、临床证据：期刊、文献流与预印本,专科顶刊,Kidney International,Elsevier BV,en,INT,Crossref + PubMed,P0,直连,33,新发表论文（Crossref 登记即发现，PubMed / Europe PMC 补摘要与文献类型）,api-ok,api-ok,,"https://api.crossref.org/journals/0085-2538/works?filter=from-created-date:2026-09-14,type:journal-article&rows=100&sort=created&order=desc&select=DOI,title,created,type,abstract,author,container-title",https://eutils.ncbi.nlm.nih.gov/entrez/eutils/esearch.fcgi?db=pubmed&retmode=json&retmax=100&datetype=edat&reldate=7&term=(0085-2538[is]+OR+1523-1755[is]),"ISSN 0085-2538, 1523-1755；近 30 天 Crossref 42 篇、PubMed 34 篇；Crossref 自带摘要：否",j-0085-2538
一、临床证据：期刊、文献流与预印本,专科顶刊,风湿病年鉴 ARD,BMJ,en,INT,Crossref + PubMed,P0,直连,3,新发表论文（Crossref 登记即发现，PubMed / Europe PMC 补摘要与文献类型）,api-ok,api-ok,,"https://api.crossref.org/journals/0003-4967/works?filter=from-created-date:2026-09-14,type:journal-article&rows=100&sort=created&order=desc&select=DOI,title,created,type,abstract,author,container-title",https://eutils.ncbi.nlm.nih.gov/entrez/eutils/esearch.fcgi?db=pubmed&retmode=json&retmax=100&datetype=edat&reldate=7&term=(0003-4967[is]+OR+1468-2060[is]),"ISSN 0003-4967, 1468-2060；近 30 天 Crossref 23 篇、PubMed 23 篇；Crossref 自带摘要：否",j-0003-4967
一、临床证据：期刊、文献流与预印本,专科顶刊,柳叶刀-风湿病学,Elsevier BV,en,INT,Crossref + PubMed,P0,直连,2,新发表论文（Crossref 登记即发现，PubMed / Europe PMC 补摘要与文献类型）,api-ok,api-ok,,"https://api.crossref.org/journals/2665-9913/works?filter=from-created-date:2026-09-14,type:journal-article&rows=100&sort=created&order=desc&select=DOI,title,created,type,abstract,author,container-title",https://eutils.ncbi.nlm.nih.gov/entrez/eutils/esearch.fcgi?db=pubmed&retmode=json&retmax=100&datetype=edat&reldate=7&term=(2665-9913[is]),ISSN 2665-9913；近 30 天 Crossref 12 篇、PubMed 11 篇；Crossref 自带摘要：否,j-2665-9913
一、临床证据：期刊、文献流与预印本,专科顶刊,Blood,,en,INT,Crossref + PubMed,P0,直连,12,新发表论文（Crossref 登记即发现，PubMed / Europe PMC 补摘要与文献类型）,api-ok,api-ok,,"https://api.crossref.org/journals/0006-4971/works?filter=from-created-date:2026-09-14,type:journal-article&rows=100&sort=created&order=desc&select=DOI,title,created,type,abstract,author,container-title",https://eutils.ncbi.nlm.nih.gov/entrez/eutils/esearch.fcgi?db=pubmed&retmode=json&retmax=100&datetype=edat&reldate=7&term=(0006-4971[is]+OR+1528-0020[is]),"ISSN 0006-4971, 1528-0020；近 30 天 Crossref 65 篇、PubMed 66 篇；Crossref 自带摘要：是",j-0006-4971
一、临床证据：期刊、文献流与预印本,专科顶刊,柳叶刀-血液病学,Elsevier,en,INT,Crossref + PubMed,P0,直连,2,新发表论文（Crossref 登记即发现，PubMed / Europe PMC 补摘要与文献类型）,api-ok,api-ok,,"https://api.crossref.org/journals/2352-3026/works?filter=from-created-date:2026-09-14,type:journal-article&rows=100&sort=created&order=desc&select=DOI,title,created,type,abstract,author,container-title",https://eutils.ncbi.nlm.nih.gov/entrez/eutils/esearch.fcgi?db=pubmed&retmode=json&retmax=100&datetype=edat&reldate=7&term=(2352-3026[is]),ISSN 2352-3026；近 30 天 Crossref 18 篇、PubMed 15 篇；Crossref 自带摘要：否,j-2352-3026
一、临床证据：期刊、文献流与预印本,专科顶刊,JAMA 儿科学,American Medical Association,en,INT,Crossref + PubMed,P0,直连,7,新发表论文（Crossref 登记即发现，PubMed / Europe PMC 补摘要与文献类型）,api-ok,api-ok,,"https://api.crossref.org/journals/2168-6203/works?filter=from-created-date:2026-09-14,type:journal-article&rows=100&sort=created&order=desc&select=DOI,title,created,type,abstract,author,container-title",https://eutils.ncbi.nlm.nih.gov/entrez/eutils/esearch.fcgi?db=pubmed&retmode=json&retmax=100&datetype=edat&reldate=7&term=(2168-6203[is]),ISSN 2168-6203；近 30 天 Crossref 30 篇、PubMed 29 篇；Crossref 自带摘要：是,j-2168-6203
一、临床证据：期刊、文献流与预印本,专科顶刊,Pediatrics,,en,INT,Crossref + PubMed,P0,直连,18,新发表论文（Crossref 登记即发现，PubMed / Europe PMC 补摘要与文献类型）,api-ok,api-ok,,"https://api.crossref.org/journals/0031-4005/works?filter=from-created-date:2026-09-14,type:journal-article&rows=100&sort=created&order=desc&select=DOI,title,created,type,abstract,author,container-title",https://eutils.ncbi.nlm.nih.gov/entrez/eutils/esearch.fcgi?db=pubmed&retmode=json&retmax=100&datetype=edat&reldate=7&term=(0031-4005[is]+OR+1098-4275[is]),"ISSN 0031-4005, 1098-4275；近 30 天 Crossref 60 篇、PubMed 60 篇；Crossref 自带摘要：是",j-0031-4005
一、临床证据：期刊、文献流与预印本,专科顶刊,美国妇产科杂志 AJOG,Elsevier,en,INT,Crossref + PubMed,P0,直连,29,新发表论文（Crossref 登记即发现，PubMed / Europe PMC 补摘要与文献类型）,api-ok,api-ok,,"https://api.crossref.org/journals/0002-9378/works?filter=from-created-date:2026-09-14,type:journal-article&rows=100&sort=created&order=desc&select=DOI,title,created,type,abstract,author,container-title",https://eutils.ncbi.nlm.nih.gov/entrez/eutils/esearch.fcgi?db=pubmed&retmode=json&retmax=100&datetype=edat&reldate=7&term=(0002-9378[is]),ISSN 0002-9378；近 30 天 Crossref 55 篇、PubMed 51 篇；Crossref 自带摘要：否,j-0002-9378
一、临床证据：期刊、文献流与预印本,专科顶刊,柳叶刀-健康长寿,Elsevier,en,INT,Crossref + PubMed,P0,直连,5,新发表论文（Crossref 登记即发现，PubMed / Europe PMC 补摘要与文献类型）,api-ok,api-ok,,"https://api.crossref.org/journals/2666-7568/works?filter=from-created-date:2026-09-14,type:journal-article&rows=100&sort=created&order=desc&select=DOI,title,created,type,abstract,author,container-title",https://eutils.ncbi.nlm.nih.gov/entrez/eutils/esearch.fcgi?db=pubmed&retmode=json&retmax=100&datetype=edat&reldate=7&term=(2666-7568[is]),ISSN 2666-7568；近 30 天 Crossref 12 篇、PubMed 12 篇；Crossref 自带摘要：否,j-2666-7568
一、临床证据：期刊、文献流与预印本,专科顶刊,JAMA 外科学,American Medical Association,en,INT,Crossref + PubMed,P0,直连,10,新发表论文（Crossref 登记即发现，PubMed / Europe PMC 补摘要与文献类型）,api-ok,api-ok,,"https://api.crossref.org/journals/2168-6254/works?filter=from-created-date:2026-09-14,type:journal-article&rows=100&sort=created&order=desc&select=DOI,title,created,type,abstract,author,container-title",https://eutils.ncbi.nlm.nih.gov/entrez/eutils/esearch.fcgi?db=pubmed&retmode=json&retmax=100&datetype=edat&reldate=7&term=(2168-6254[is]),ISSN 2168-6254；近 30 天 Crossref 30 篇、PubMed 29 篇；Crossref 自带摘要：是,j-2168-6254
一、临床证据：期刊、文献流与预印本,专科顶刊,外科学年鉴,Ovid Technologies (Wolters Kluwer) - Lippincott Williams & Wilkins,en,INT,Crossref + PubMed,P0,直连,2,新发表论文（Crossref 登记即发现，PubMed / Europe PMC 补摘要与文献类型）,api-ok,api-ok,,"https://api.crossref.org/journals/0003-4932/works?filter=from-created-date:2026-09-14,type:journal-article&rows=100&sort=created&order=desc&select=DOI,title,created,type,abstract,author,container-title",https://eutils.ncbi.nlm.nih.gov/entrez/eutils/esearch.fcgi?db=pubmed&retmode=json&retmax=100&datetype=edat&reldate=7&term=(0003-4932[is]+OR+1528-1140[is]),"ISSN 0003-4932, 1528-1140；近 30 天 Crossref 33 篇、PubMed 33 篇；Crossref 自带摘要：否",j-0003-4932
一、临床证据：期刊、文献流与预印本,专科顶刊,麻醉学 Anesthesiology,,en,INT,Crossref + PubMed,P0,直连,4,新发表论文（Crossref 登记即发现，PubMed / Europe PMC 补摘要与文献类型）,api-ok,api-ok,,"https://api.crossref.org/journals/0003-3022/works?filter=from-created-date:2026-09-14,type:journal-article&rows=100&sort=created&order=desc&select=DOI,title,created,type,abstract,author,container-title",https://eutils.ncbi.nlm.nih.gov/entrez/eutils/esearch.fcgi?db=pubmed&retmode=json&retmax=100&datetype=edat&reldate=7&term=(0003-3022[is]+OR+1528-1175[is]),"ISSN 0003-3022, 1528-1175；近 30 天 Crossref 62 篇、PubMed 53 篇；Crossref 自带摘要：是",j-0003-3022
一、临床证据：期刊、文献流与预印本,专科顶刊,放射学 Radiology,,en,INT,Crossref + PubMed,P0,直连,8,新发表论文（Crossref 登记即发现，PubMed / Europe PMC 补摘要与文献类型）,api-ok,api-ok,,"https://api.crossref.org/journals/0033-8419/works?filter=from-created-date:2026-09-14,type:journal-article&rows=100&sort=created&order=desc&select=DOI,title,created,type,abstract,author,container-title",https://eutils.ncbi.nlm.nih.gov/entrez/eutils/esearch.fcgi?db=pubmed&retmode=json&retmax=100&datetype=edat&reldate=7&term=(0033-8419[is]+OR+1527-1315[is]),"ISSN 0033-8419, 1527-1315；近 30 天 Crossref 38 篇、PubMed 38 篇；Crossref 自带摘要：是",j-0033-8419
一、临床证据：期刊、文献流与预印本,专科顶刊,JAMA 皮肤病学,American Medical Association,en,INT,Crossref + PubMed,P0,直连,7,新发表论文（Crossref 登记即发现，PubMed / Europe PMC 补摘要与文献类型）,api-ok,api-ok,,"https://api.crossref.org/journals/2168-6068/works?filter=from-created-date:2026-09-14,type:journal-article&rows=100&sort=created&order=desc&select=DOI,title,created,type,abstract,author,container-title",https://eutils.ncbi.nlm.nih.gov/entrez/eutils/esearch.fcgi?db=pubmed&retmode=json&retmax=100&datetype=edat&reldate=7&term=(2168-6068[is]),ISSN 2168-6068；近 30 天 Crossref 25 篇、PubMed 24 篇；Crossref 自带摘要：是,j-2168-6068
一、临床证据：期刊、文献流与预印本,专科顶刊,眼科学 Ophthalmology,,en,INT,Crossref + PubMed,P0,直连,11,新发表论文（Crossref 登记即发现，PubMed / Europe PMC 补摘要与文献类型）,api-ok,api-ok,,"https://api.crossref.org/journals/0161-6420/works?filter=from-created-date:2026-09-14,type:journal-article&rows=100&sort=created&order=desc&select=DOI,title,created,type,abstract,author,container-title",https://eutils.ncbi.nlm.nih.gov/entrez/eutils/esearch.fcgi?db=pubmed&retmode=json&retmax=100&datetype=edat&reldate=7&term=(0161-6420[is]+OR+1549-4713[is]),"ISSN 0161-6420, 1549-4713；近 30 天 Crossref 45 篇、PubMed 37 篇；Crossref 自带摘要：否",j-0161-6420
一、临床证据：期刊、文献流与预印本,专科顶刊,JAMA 眼科学,American Medical Association,en,INT,Crossref + PubMed,P0,直连,5,新发表论文（Crossref 登记即发现，PubMed / Europe PMC 补摘要与文献类型）,api-ok,api-ok,,"https://api.crossref.org/journals/2168-6165/works?filter=from-created-date:2026-09-14,type:journal-article&rows=100&sort=created&order=desc&select=DOI,title,created,type,abstract,author,container-title",https://eutils.ncbi.nlm.nih.gov/entrez/eutils/esearch.fcgi?db=pubmed&retmode=json&retmax=100&datetype=edat&reldate=7&term=(2168-6165[is]+OR+2168-6173[is]),"ISSN 2168-6165, 2168-6173；近 30 天 Crossref 24 篇、PubMed 23 篇；Crossref 自带摘要：是",j-2168-6165
七、科研与基金：方法学、科研诚信、基金与科学媒体,方法学与循证期刊,国际流行病学杂志 IJE,Oxford University Press,en,INT,Crossref + PubMed,P0,直连,10,新发表论文（Crossref 登记即发现，PubMed / Europe PMC 补摘要与文献类型）,api-ok,api-ok,,"https://api.crossref.org/journals/0300-5771/works?filter=from-created-date:2026-09-14,type:journal-article&rows=100&sort=created&order=desc&select=DOI,title,created,type,abstract,author,container-title",https://eutils.ncbi.nlm.nih.gov/entrez/eutils/esearch.fcgi?db=pubmed&retmode=json&retmax=100&datetype=edat&reldate=7&term=(0300-5771[is]+OR+1464-3685[is]),"ISSN 0300-5771, 1464-3685；近 30 天 Crossref 10 篇、PubMed 41 篇；Crossref 自带摘要：是",j-0300-5771
七、科研与基金：方法学、科研诚信、基金与科学媒体,方法学与循证期刊,美国流行病学杂志 AJE,Oxford University Press,en,INT,Crossref + PubMed,P0,直连,4,新发表论文（Crossref 登记即发现，PubMed / Europe PMC 补摘要与文献类型）,api-ok,api-ok,,"https://api.crossref.org/journals/0002-9262/works?filter=from-created-date:2026-09-14,type:journal-article&rows=100&sort=created&order=desc&select=DOI,title,created,type,abstract,author,container-title",https://eutils.ncbi.nlm.nih.gov/entrez/eutils/esearch.fcgi?db=pubmed&retmode=json&retmax=100&datetype=edat&reldate=7&term=(0002-9262[is]+OR+0002-9262[is]+OR+1476-6256[is]),"ISSN 0002-9262, 0002-9262, 1476-6256；近 30 天 Crossref 27 篇、PubMed 27 篇；Crossref 自带摘要：是",j-0002-9262
七、科研与基金：方法学、科研诚信、基金与科学媒体,方法学与循证期刊,Epidemiology,,en,INT,Crossref + PubMed,P0,直连,2,新发表论文（Crossref 登记即发现，PubMed / Europe PMC 补摘要与文献类型）,api-ok,api-ok,,"https://api.crossref.org/journals/1044-3983/works?filter=from-created-date:2026-09-14,type:journal-article&rows=100&sort=created&order=desc&select=DOI,title,created,type,abstract,author,container-title",https://eutils.ncbi.nlm.nih.gov/entrez/eutils/esearch.fcgi?db=pubmed&retmode=json&retmax=100&datetype=edat&reldate=7&term=(1044-3983[is]+OR+1531-5487[is]),"ISSN 1044-3983, 1531-5487；近 30 天 Crossref 6 篇、PubMed 5 篇；Crossref 自带摘要：是",j-1044-3983
七、科研与基金：方法学、科研诚信、基金与科学媒体,方法学与循证期刊,临床流行病学杂志 JCE,Elsevier,en,INT,Crossref + PubMed,P0,直连,6,新发表论文（Crossref 登记即发现，PubMed / Europe PMC 补摘要与文献类型）,api-ok,api-ok,,"https://api.crossref.org/journals/0895-4356/works?filter=from-created-date:2026-09-14,type:journal-article&rows=100&sort=created&order=desc&select=DOI,title,created,type,abstract,author,container-title",https://eutils.ncbi.nlm.nih.gov/entrez/eutils/esearch.fcgi?db=pubmed&retmode=json&retmax=100&datetype=edat&reldate=7&term=(0895-4356[is]),ISSN 0895-4356；近 30 天 Crossref 32 篇、PubMed 27 篇；Crossref 自带摘要：否,j-0895-4356
七、科研与基金：方法学、科研诚信、基金与科学媒体,方法学与循证期刊,Research Synthesis Methods,Cambridge University Press,en,INT,Crossref + PubMed,P0,直连,3,新发表论文（Crossref 登记即发现，PubMed / Europe PMC 补摘要与文献类型）,api-ok,api-ok,,"https://api.crossref.org/journals/1759-2879/works?filter=from-created-date:2026-09-14,type:journal-article&rows=100&sort=created&order=desc&select=DOI,title,created,type,abstract,author,container-title",https://eutils.ncbi.nlm.nih.gov/entrez/eutils/esearch.fcgi?db=pubmed&retmode=json&retmax=100&datetype=edat&reldate=7&term=(1759-2879[is]+OR+1759-2887[is]),"ISSN 1759-2879, 1759-2887；近 30 天 Crossref 5 篇、PubMed 5 篇；Crossref 自带摘要：是",j-1759-2879
七、科研与基金：方法学、科研诚信、基金与科学媒体,方法学与循证期刊,Systematic Reviews（BMC）,,en,INT,Crossref + PubMed,P0,直连,7,新发表论文（Crossref 登记即发现，PubMed / Europe PMC 补摘要与文献类型）,api-ok,api-ok,,"https://api.crossref.org/journals/2046-4053/works?filter=from-created-date:2026-09-14,type:journal-article&rows=100&sort=created&order=desc&select=DOI,title,created,type,abstract,author,container-title",https://eutils.ncbi.nlm.nih.gov/entrez/eutils/esearch.fcgi?db=pubmed&retmode=json&retmax=100&datetype=edat&reldate=7&term=(2046-4053[is]),ISSN 2046-4053；近 30 天 Crossref 21 篇、PubMed 6 篇；Crossref 自带摘要：是,j-2046-4053
七、科研与基金：方法学、科研诚信、基金与科学媒体,方法学与循证期刊,BMC 医学研究方法学,Springer (Biomed Central Ltd.),en,INT,Crossref + PubMed,P0,直连,8,新发表论文（Crossref 登记即发现，PubMed / Europe PMC 补摘要与文献类型）,api-ok,api-ok,,"https://api.crossref.org/journals/1471-2288/works?filter=from-created-date:2026-09-14,type:journal-article&rows=100&sort=created&order=desc&select=DOI,title,created,type,abstract,author,container-title",https://eutils.ncbi.nlm.nih.gov/entrez/eutils/esearch.fcgi?db=pubmed&retmode=json&retmax=100&datetype=edat&reldate=7&term=(1471-2288[is]+OR+1471-2288[is]),"ISSN 1471-2288, 1471-2288；近 30 天 Crossref 29 篇、PubMed 4 篇；Crossref 自带摘要：否",j-1471-2288
七、科研与基金：方法学、科研诚信、基金与科学媒体,方法学与循证期刊,医学统计学 Statistics in Medicine,Wiley (John Wiley & Sons),en,INT,Crossref + PubMed,P0,直连,4,新发表论文（Crossref 登记即发现，PubMed / Europe PMC 补摘要与文献类型）,api-ok,api-ok,,"https://api.crossref.org/journals/0277-6715/works?filter=from-created-date:2026-09-14,type:journal-article&rows=100&sort=created&order=desc&select=DOI,title,created,type,abstract,author,container-title",https://eutils.ncbi.nlm.nih.gov/entrez/eutils/esearch.fcgi?db=pubmed&retmode=json&retmax=100&datetype=edat&reldate=7&term=(0277-6715[is]+OR+1097-0258[is]),"ISSN 0277-6715, 1097-0258；近 30 天 Crossref 33 篇、PubMed 32 篇；Crossref 自带摘要：是",j-0277-6715
七、科研与基金：方法学、科研诚信、基金与科学媒体,方法学与循证期刊,Cochrane 系统评价数据库 CDSR,,en,INT,Crossref + PubMed,P0,直连,13,新发表论文（Crossref 登记即发现，PubMed / Europe PMC 补摘要与文献类型）,api-ok,api-ok,,"https://api.crossref.org/journals/1465-1858/works?filter=from-created-date:2026-09-14,type:journal-article&rows=100&sort=created&order=desc&select=DOI,title,created,type,abstract,author,container-title",https://eutils.ncbi.nlm.nih.gov/entrez/eutils/esearch.fcgi?db=pubmed&retmode=json&retmax=100&datetype=edat&reldate=7&term=(1469-493X[is]+OR+1465-1858[is]),"ISSN 1469-493X, 1465-1858；近 30 天 Crossref 38 篇、PubMed 38 篇；Crossref 自带摘要：否",j-1465-1858
七、科研与基金：方法学、科研诚信、基金与科学媒体,方法学与循证期刊,JBI Evidence Synthesis,Joanna Briggs Institute,en,INT,Crossref + PubMed,P0,直连,4,新发表论文（Crossref 登记即发现，PubMed / Europe PMC 补摘要与文献类型）,api-ok,api-ok,,"https://api.crossref.org/journals/2689-8381/works?filter=from-created-date:2026-09-14,type:journal-article&rows=100&sort=created&order=desc&select=DOI,title,created,type,abstract,author,container-title",https://eutils.ncbi.nlm.nih.gov/entrez/eutils/esearch.fcgi?db=pubmed&retmode=json&retmax=100&datetype=edat&reldate=7&term=(2689-8381[is]+OR+2689-8381[is]),"ISSN 2689-8381, 2689-8381；近 30 天 Crossref 2 篇、PubMed 17 篇；Crossref 自带摘要：是",j-2689-8381
七、科研与基金：方法学、科研诚信、基金与科学媒体,方法学与循证期刊,循证医学杂志 JEBM,Wiley (Blackwell Publishing),en,INT,Crossref + PubMed,P0,直连,3,新发表论文（Crossref 登记即发现，PubMed / Europe PMC 补摘要与文献类型）,api-ok,api-ok,,"https://api.crossref.org/journals/1756-5383/works?filter=from-created-date:2026-09-14,type:journal-article&rows=100&sort=created&order=desc&select=DOI,title,created,type,abstract,author,container-title",https://eutils.ncbi.nlm.nih.gov/entrez/eutils/esearch.fcgi?db=pubmed&retmode=json&retmax=100&datetype=edat&reldate=7&term=(1756-5383[is]+OR+1756-5391[is]),"ISSN 1756-5383, 1756-5391；近 30 天 Crossref 11 篇、PubMed 11 篇；Crossref 自带摘要：是",j-1756-5383
一、临床证据：期刊、文献流与预印本,中医药期刊（英文）,民族药理学杂志,Elsevier,en,INT,Crossref + PubMed,P0,直连,12,新发表论文（Crossref 登记即发现，PubMed / Europe PMC 补摘要与文献类型）,api-ok,api-ok,,"https://api.crossref.org/journals/0378-8741/works?filter=from-created-date:2026-09-14,type:journal-article&rows=100&sort=created&order=desc&select=DOI,title,created,type,abstract,author,container-title",https://eutils.ncbi.nlm.nih.gov/entrez/eutils/esearch.fcgi?db=pubmed&retmode=json&retmax=100&datetype=edat&reldate=7&term=(0378-8741[is]),ISSN 0378-8741；近 30 天 Crossref 77 篇、PubMed 76 篇；Crossref 自带摘要：否,j-0378-8741
一、临床证据：期刊、文献流与预印本,中医药期刊（英文）,Phytomedicine,Elsevier,en,INT,Crossref + PubMed,P0,直连,17,新发表论文（Crossref 登记即发现，PubMed / Europe PMC 补摘要与文献类型）,api-ok,api-ok,,"https://api.crossref.org/journals/0944-7113/works?filter=from-created-date:2026-09-14,type:journal-article&rows=100&sort=created&order=desc&select=DOI,title,created,type,abstract,author,container-title",https://eutils.ncbi.nlm.nih.gov/entrez/eutils/esearch.fcgi?db=pubmed&retmode=json&retmax=100&datetype=edat&reldate=7&term=(0944-7113[is]),ISSN 0944-7113；近 30 天 Crossref 74 篇、PubMed 88 篇；Crossref 自带摘要：否,j-0944-7113
一、临床证据：期刊、文献流与预印本,中医药期刊（英文）,Chinese Medicine（BMC）,,en,INT,Crossref + PubMed,P0,直连,3,新发表论文（Crossref 登记即发现，PubMed / Europe PMC 补摘要与文献类型）,api-ok,api-ok,,"https://api.crossref.org/journals/1749-8546/works?filter=from-created-date:2026-09-14,type:journal-article&rows=100&sort=created&order=desc&select=DOI,title,created,type,abstract,author,container-title",https://eutils.ncbi.nlm.nih.gov/entrez/eutils/esearch.fcgi?db=pubmed&retmode=json&retmax=100&datetype=edat&reldate=7&term=(1749-8546[is]),ISSN 1749-8546；近 30 天 Crossref 9 篇、PubMed 10 篇；Crossref 自带摘要：否,j-1749-8546
一、临床证据：期刊、文献流与预印本,中医药期刊（英文）,中国结合医学杂志（英文版）CJIM,Springer-Verlag,en,INT,Crossref + PubMed,P0,直连,3,新发表论文（Crossref 登记即发现，PubMed / Europe PMC 补摘要与文献类型）,api-ok,api-ok,,"https://api.crossref.org/journals/1672-0415/works?filter=from-created-date:2026-09-14,type:journal-article&rows=100&sort=created&order=desc&select=DOI,title,created,type,abstract,author,container-title",https://eutils.ncbi.nlm.nih.gov/entrez/eutils/esearch.fcgi?db=pubmed&retmode=json&retmax=100&datetype=edat&reldate=7&term=(1672-0415[is]+OR+1993-0402[is]),"ISSN 1672-0415, 1993-0402；近 30 天 Crossref 15 篇、PubMed 15 篇；Crossref 自带摘要：否",j-1672-0415
一、临床证据：期刊、文献流与预印本,中医药期刊（英文）,结合医学学报（英文版）JIM,Elsevier,en,INT,Crossref + PubMed,P0,直连,3,新发表论文（Crossref 登记即发现，PubMed / Europe PMC 补摘要与文献类型）,api-ok,api-ok,,"https://api.crossref.org/journals/2095-4964/works?filter=from-created-date:2026-09-14,type:journal-article&rows=100&sort=created&order=desc&select=DOI,title,created,type,abstract,author,container-title",https://eutils.ncbi.nlm.nih.gov/entrez/eutils/esearch.fcgi?db=pubmed&retmode=json&retmax=100&datetype=edat&reldate=7&term=(2095-4964[is]),ISSN 2095-4964；近 30 天 Crossref 9 篇、PubMed 8 篇；Crossref 自带摘要：否,j-2095-4964
一、临床证据：期刊、文献流与预印本,中医药期刊（英文）,世界中医药杂志（英文版）,Ovid Technologies (Wolters Kluwer) - Medknow Publications,en,INT,Crossref + PubMed,P0,直连,0,新发表论文（Crossref 登记即发现，PubMed / Europe PMC 补摘要与文献类型）,api-ok,api-ok,,"https://api.crossref.org/journals/2311-8571/works?filter=from-created-date:2026-09-14,type:journal-article&rows=100&sort=created&order=desc&select=DOI,title,created,type,abstract,author,container-title",https://eutils.ncbi.nlm.nih.gov/entrez/eutils/esearch.fcgi?db=pubmed&retmode=json&retmax=100&datetype=edat&reldate=7&term=(2311-8571[is]+OR+2589-2894[is]),"ISSN 2311-8571, 2589-2894；近 30 天 Crossref 3 篇、PubMed 0 篇；Crossref 自带摘要：是",j-2311-8571
一、临床证据：期刊、文献流与预印本,中医药期刊（英文）,Acupuncture in Medicine,SAGE Publications,en,INT,Crossref + PubMed,P0,直连,0,新发表论文（Crossref 登记即发现，PubMed / Europe PMC 补摘要与文献类型）,api-ok,api-ok,,"https://api.crossref.org/journals/0964-5284/works?filter=from-created-date:2026-09-14,type:journal-article&rows=100&sort=created&order=desc&select=DOI,title,created,type,abstract,author,container-title",https://eutils.ncbi.nlm.nih.gov/entrez/eutils/esearch.fcgi?db=pubmed&retmode=json&retmax=100&datetype=edat&reldate=7&term=(0964-5284[is]+OR+1759-9873[is]),"ISSN 0964-5284, 1759-9873；近 30 天 Crossref 2 篇、PubMed 2 篇；Crossref 自带摘要：是",j-0964-5284
一、临床证据：期刊、文献流与预印本,中医药期刊（英文）,Frontiers in Pharmacology,Frontiers Media SA,en,INT,Crossref + PubMed,P0,直连,121,新发表论文（Crossref 登记即发现，PubMed / Europe PMC 补摘要与文献类型）,api-ok,api-ok,,"https://api.crossref.org/journals/1663-9812/works?filter=from-created-date:2026-09-14,type:journal-article&rows=100&sort=created&order=desc&select=DOI,title,created,type,abstract,author,container-title",https://eutils.ncbi.nlm.nih.gov/entrez/eutils/esearch.fcgi?db=pubmed&retmode=json&retmax=100&datetype=edat&reldate=7&term=(1663-9812[is]),ISSN 1663-9812；近 30 天 Crossref 429 篇、PubMed 377 篇；Crossref 自带摘要：否,j-1663-9812
一、临床证据：期刊、文献流与预印本,中医药期刊（英文）,Pharmacological Research,Elsevier,en,INT,Crossref + PubMed,P0,直连,22,新发表论文（Crossref 登记即发现，PubMed / Europe PMC 补摘要与文献类型）,api-ok,api-ok,,"https://api.crossref.org/journals/1043-6618/works?filter=from-created-date:2026-09-14,type:journal-article&rows=100&sort=created&order=desc&select=DOI,title,created,type,abstract,author,container-title",https://eutils.ncbi.nlm.nih.gov/entrez/eutils/esearch.fcgi?db=pubmed&retmode=json&retmax=100&datetype=edat&reldate=7&term=(1043-6618[is]+OR+1096-1186[is]),"ISSN 1043-6618, 1096-1186；近 30 天 Crossref 62 篇、PubMed 57 篇；Crossref 自带摘要：否",j-1043-6618
一、临床证据：期刊、文献流与预印本,中医药期刊（英文）,Journal of Traditional and Complementary Medicine,Elsevier,en,INT,Crossref + PubMed,P0,直连,2,新发表论文（Crossref 登记即发现，PubMed / Europe PMC 补摘要与文献类型）,api-ok,api-ok,,"https://api.crossref.org/journals/2225-4110/works?filter=from-created-date:2026-09-14,type:journal-article&rows=100&sort=created&order=desc&select=DOI,title,created,type,abstract,author,container-title",https://eutils.ncbi.nlm.nih.gov/entrez/eutils/esearch.fcgi?db=pubmed&retmode=json&retmax=100&datetype=edat&reldate=7&term=(2225-4110[is]),ISSN 2225-4110；近 30 天 Crossref 5 篇、PubMed 9 篇；Crossref 自带摘要：否,j-2225-4110
一、临床证据：期刊、文献流与预印本,中医药期刊（英文）,Integrative Medicine Research,Elsevier,en,INT,Crossref + PubMed,P0,直连,0,新发表论文（Crossref 登记即发现，PubMed / Europe PMC 补摘要与文献类型）,api-ok,api-ok,,"https://api.crossref.org/journals/2213-4220/works?filter=from-created-date:2026-09-14,type:journal-article&rows=100&sort=created&order=desc&select=DOI,title,created,type,abstract,author,container-title",https://eutils.ncbi.nlm.nih.gov/entrez/eutils/esearch.fcgi?db=pubmed&retmode=json&retmax=100&datetype=edat&reldate=7&term=(2213-4220[is]),ISSN 2213-4220；近 30 天 Crossref 2 篇、PubMed 0 篇；Crossref 自带摘要：否,j-2213-4220
一、临床证据：期刊、文献流与预印本,中医药期刊（英文）,中草药（英文版）CHM,Elsevier,en,INT,Crossref + PubMed,P0,直连,1,新发表论文（Crossref 登记即发现，PubMed / Europe PMC 补摘要与文献类型）,api-ok,api-ok,,"https://api.crossref.org/journals/1674-6384/works?filter=from-created-date:2026-09-14,type:journal-article&rows=100&sort=created&order=desc&select=DOI,title,created,type,abstract,author,container-title",https://eutils.ncbi.nlm.nih.gov/entrez/eutils/esearch.fcgi?db=pubmed&retmode=json&retmax=100&datetype=edat&reldate=7&term=(1674-6384[is]),ISSN 1674-6384；近 30 天 Crossref 20 篇、PubMed 0 篇；Crossref 自带摘要：否,j-1674-6384
一、临床证据：期刊、文献流与预印本,中医药期刊（英文）,针灸和草药（英文）,Ovid Technologies (Wolters Kluwer) - Lippincott Williams & Wilkins,en,INT,Crossref + PubMed,P0,直连,0,新发表论文（Crossref 登记即发现，PubMed / Europe PMC 补摘要与文献类型）,api-ok,api-ok,,"https://api.crossref.org/journals/2765-8619/works?filter=from-created-date:2026-09-14,type:journal-article&rows=100&sort=created&order=desc&select=DOI,title,created,type,abstract,author,container-title",https://eutils.ncbi.nlm.nih.gov/entrez/eutils/esearch.fcgi?db=pubmed&retmode=json&retmax=100&datetype=edat&reldate=7&term=(2765-8619[is]+OR+2765-8619[is]+OR+2097-0226[is]),"ISSN 2765-8619, 2765-8619, 2097-0226；近 30 天 Crossref 1 篇、PubMed 0 篇；Crossref 自带摘要：是",j-2765-8619
四、药物安全：安全通告、药物警戒与药学期刊,药学与药物安全期刊,英国临床药理学杂志 BJCP,Wiley (Blackwell Publishing),en,INT,Crossref + PubMed,P0,直连,16,新发表论文（Crossref 登记即发现，PubMed / Europe PMC 补摘要与文献类型）,api-ok,api-ok,,"https://api.crossref.org/journals/0306-5251/works?filter=from-created-date:2026-09-14,type:journal-article&rows=100&sort=created&order=desc&select=DOI,title,created,type,abstract,author,container-title",https://eutils.ncbi.nlm.nih.gov/entrez/eutils/esearch.fcgi?db=pubmed&retmode=json&retmax=100&datetype=edat&reldate=7&term=(0306-5251[is]+OR+1365-2125[is]),"ISSN 0306-5251, 1365-2125；近 30 天 Crossref 83 篇、PubMed 48 篇；Crossref 自带摘要：是",j-0306-5251
四、药物安全：安全通告、药物警戒与药学期刊,药学与药物安全期刊,Drug Safety,Springer-Verlag,en,INT,Crossref + PubMed,P0,直连,7,新发表论文（Crossref 登记即发现，PubMed / Europe PMC 补摘要与文献类型）,api-ok,api-ok,,"https://api.crossref.org/journals/0114-5916/works?filter=from-created-date:2026-09-14,type:journal-article&rows=100&sort=created&order=desc&select=DOI,title,created,type,abstract,author,container-title",https://eutils.ncbi.nlm.nih.gov/entrez/eutils/esearch.fcgi?db=pubmed&retmode=json&retmax=100&datetype=edat&reldate=7&term=(0114-5916[is]+OR+1179-1942[is]),"ISSN 0114-5916, 1179-1942；近 30 天 Crossref 16 篇、PubMed 16 篇；Crossref 自带摘要：否",j-0114-5916
四、药物安全：安全通告、药物警戒与药学期刊,药学与药物安全期刊,药物流行病学与药物安全 PDS,Wiley (John Wiley & Sons),en,INT,Crossref + PubMed,P0,直连,6,新发表论文（Crossref 登记即发现，PubMed / Europe PMC 补摘要与文献类型）,api-ok,api-ok,,"https://api.crossref.org/journals/1053-8569/works?filter=from-created-date:2026-09-14,type:journal-article&rows=100&sort=created&order=desc&select=DOI,title,created,type,abstract,author,container-title",https://eutils.ncbi.nlm.nih.gov/entrez/eutils/esearch.fcgi?db=pubmed&retmode=json&retmax=100&datetype=edat&reldate=7&term=(1053-8569[is]+OR+1099-1557[is]),"ISSN 1053-8569, 1099-1557；近 30 天 Crossref 28 篇、PubMed 25 篇；Crossref 自带摘要：是",j-1053-8569
四、药物安全：安全通告、药物警戒与药学期刊,药学与药物安全期刊,Expert Opinion on Drug Safety,Informa UK (Taylor & Francis),en,INT,Crossref + PubMed,P0,直连,1,新发表论文（Crossref 登记即发现，PubMed / Europe PMC 补摘要与文献类型）,api-ok,api-ok,,"https://api.crossref.org/journals/1474-0338/works?filter=from-created-date:2026-09-14,type:journal-article&rows=100&sort=created&order=desc&select=DOI,title,created,type,abstract,author,container-title",https://eutils.ncbi.nlm.nih.gov/entrez/eutils/esearch.fcgi?db=pubmed&retmode=json&retmax=100&datetype=edat&reldate=7&term=(1474-0338[is]+OR+1744-764X[is]),"ISSN 1474-0338, 1744-764X；近 30 天 Crossref 3 篇、PubMed 3 篇；Crossref 自带摘要：否",j-1474-0338
四、药物安全：安全通告、药物警戒与药学期刊,药学与药物安全期刊,药物治疗年鉴,SAGE Publications,en,INT,Crossref + PubMed,P0,直连,2,新发表论文（Crossref 登记即发现，PubMed / Europe PMC 补摘要与文献类型）,api-ok,api-ok,,"https://api.crossref.org/journals/1060-0280/works?filter=from-created-date:2026-09-14,type:journal-article&rows=100&sort=created&order=desc&select=DOI,title,created,type,abstract,author,container-title",https://eutils.ncbi.nlm.nih.gov/entrez/eutils/esearch.fcgi?db=pubmed&retmode=json&retmax=100&datetype=edat&reldate=7&term=(1060-0280[is]+OR+1542-6270[is]),"ISSN 1060-0280, 1542-6270；近 30 天 Crossref 11 篇、PubMed 11 篇；Crossref 自带摘要：是",j-1060-0280
四、药物安全：安全通告、药物警戒与药学期刊,药学与药物安全期刊,美国卫生系统药学杂志 AJHP,Oxford University Press,en,INT,Crossref + PubMed,P0,直连,1,新发表论文（Crossref 登记即发现，PubMed / Europe PMC 补摘要与文献类型）,api-ok,api-ok,,"https://api.crossref.org/journals/1079-2082/works?filter=from-created-date:2026-09-14,type:journal-article&rows=100&sort=created&order=desc&select=DOI,title,created,type,abstract,author,container-title",https://eutils.ncbi.nlm.nih.gov/entrez/eutils/esearch.fcgi?db=pubmed&retmode=json&retmax=100&datetype=edat&reldate=7&term=(1079-2082[is]+OR+1535-2900[is]),"ISSN 1079-2082, 1535-2900；近 30 天 Crossref 41 篇、PubMed 40 篇；Crossref 自带摘要：是",j-1079-2082
四、药物安全：安全通告、药物警戒与药学期刊,药学与药物安全期刊,国际临床药学杂志,Springer-Verlag,en,INT,Crossref + PubMed,P0,直连,6,新发表论文（Crossref 登记即发现，PubMed / Europe PMC 补摘要与文献类型）,api-ok,api-ok,,"https://api.crossref.org/journals/2210-7711/works?filter=from-created-date:2026-09-14,type:journal-article&rows=100&sort=created&order=desc&select=DOI,title,created,type,abstract,author,container-title",https://eutils.ncbi.nlm.nih.gov/entrez/eutils/esearch.fcgi?db=pubmed&retmode=json&retmax=100&datetype=edat&reldate=7&term=(2210-7703[is]+OR+2210-7711[is]),"ISSN 2210-7703, 2210-7711；近 30 天 Crossref 15 篇、PubMed 15 篇；Crossref 自带摘要：是",j-2210-7711
四、药物安全：安全通告、药物警戒与药学期刊,药学与药物安全期刊,临床药代动力学,Springer-Verlag,en,INT,Crossref + PubMed,P0,直连,2,新发表论文（Crossref 登记即发现，PubMed / Europe PMC 补摘要与文献类型）,api-ok,api-ok,,"https://api.crossref.org/journals/0312-5963/works?filter=from-created-date:2026-09-14,type:journal-article&rows=100&sort=created&order=desc&select=DOI,title,created,type,abstract,author,container-title",https://eutils.ncbi.nlm.nih.gov/entrez/eutils/esearch.fcgi?db=pubmed&retmode=json&retmax=100&datetype=edat&reldate=7&term=(0312-5963[is]+OR+1179-1926[is]),"ISSN 0312-5963, 1179-1926；近 30 天 Crossref 12 篇、PubMed 12 篇；Crossref 自带摘要：否",j-0312-5963
四、药物安全：安全通告、药物警戒与药学期刊,药学与药物安全期刊,Drugs,,en,INT,Crossref + PubMed,P0,直连,1,新发表论文（Crossref 登记即发现，PubMed / Europe PMC 补摘要与文献类型）,api-ok,api-ok,,"https://api.crossref.org/journals/0012-6667/works?filter=from-created-date:2026-09-14,type:journal-article&rows=100&sort=created&order=desc&select=DOI,title,created,type,abstract,author,container-title",https://eutils.ncbi.nlm.nih.gov/entrez/eutils/esearch.fcgi?db=pubmed&retmode=json&retmax=100&datetype=edat&reldate=7&term=(0012-6667[is]+OR+1179-1950[is]),"ISSN 0012-6667, 1179-1950；近 30 天 Crossref 10 篇、PubMed 10 篇；Crossref 自带摘要：否",j-0012-6667
四、药物安全：安全通告、药物警戒与药学期刊,药学与药物安全期刊,欧洲临床药理学杂志,Springer-Verlag,en,INT,Crossref + PubMed,P0,直连,3,新发表论文（Crossref 登记即发现，PubMed / Europe PMC 补摘要与文献类型）,api-ok,api-ok,,"https://api.crossref.org/journals/0031-6970/works?filter=from-created-date:2026-09-14,type:journal-article&rows=100&sort=created&order=desc&select=DOI,title,created,type,abstract,author,container-title",https://eutils.ncbi.nlm.nih.gov/entrez/eutils/esearch.fcgi?db=pubmed&retmode=json&retmax=100&datetype=edat&reldate=7&term=(0031-6970[is]+OR+1432-1041[is]),"ISSN 0031-6970, 1432-1041；近 30 天 Crossref 15 篇、PubMed 14 篇；Crossref 自带摘要：否",j-0031-6970
四、药物安全：安全通告、药物警戒与药学期刊,药学与药物安全期刊,药物经济学 PharmacoEconomics,Springer-Verlag,en,INT,Crossref + PubMed,P0,直连,3,新发表论文（Crossref 登记即发现，PubMed / Europe PMC 补摘要与文献类型）,api-ok,api-ok,,"https://api.crossref.org/journals/1170-7690/works?filter=from-created-date:2026-09-14,type:journal-article&rows=100&sort=created&order=desc&select=DOI,title,created,type,abstract,author,container-title",https://eutils.ncbi.nlm.nih.gov/entrez/eutils/esearch.fcgi?db=pubmed&retmode=json&retmax=100&datetype=edat&reldate=7&term=(1170-7690[is]+OR+1179-2027[is]),"ISSN 1170-7690, 1179-2027；近 30 天 Crossref 10 篇、PubMed 10 篇；Crossref 自带摘要：否",j-1170-7690
四、药物安全：安全通告、药物警戒与药学期刊,药学与药物安全期刊,Value in Health,Elsevier,en,INT,Crossref + PubMed,P0,直连,3,新发表论文（Crossref 登记即发现，PubMed / Europe PMC 补摘要与文献类型）,api-ok,api-ok,,"https://api.crossref.org/journals/1098-3015/works?filter=from-created-date:2026-09-14,type:journal-article&rows=100&sort=created&order=desc&select=DOI,title,created,type,abstract,author,container-title",https://eutils.ncbi.nlm.nih.gov/entrez/eutils/esearch.fcgi?db=pubmed&retmode=json&retmax=100&datetype=edat&reldate=7&term=(1098-3015[is]+OR+1524-4733[is]),"ISSN 1098-3015, 1524-4733；近 30 天 Crossref 17 篇、PubMed 14 篇；Crossref 自带摘要：否",j-1098-3015
四、药物安全：安全通告、药物警戒与药学期刊,药学与药物安全期刊,中国药理学报 APS,Springer Science and Business Media LLC,en,INT,Crossref + PubMed,P0,直连,9,新发表论文（Crossref 登记即发现，PubMed / Europe PMC 补摘要与文献类型）,api-ok,api-ok,,"https://api.crossref.org/journals/1671-4083/works?filter=from-created-date:2026-09-14,type:journal-article&rows=100&sort=created&order=desc&select=DOI,title,created,type,abstract,author,container-title",https://eutils.ncbi.nlm.nih.gov/entrez/eutils/esearch.fcgi?db=pubmed&retmode=json&retmax=100&datetype=edat&reldate=7&term=(1671-4083[is]+OR+1745-7254[is]),"ISSN 1671-4083, 1745-7254；近 30 天 Crossref 19 篇、PubMed 19 篇；Crossref 自带摘要：否",j-1671-4083
四、药物安全：安全通告、药物警戒与药学期刊,药学与药物安全期刊,药学学报（英文版）APSB,Elsevier,en,INT,Crossref + PubMed,P0,直连,43,新发表论文（Crossref 登记即发现，PubMed / Europe PMC 补摘要与文献类型）,api-ok,api-ok,,"https://api.crossref.org/journals/2211-3835/works?filter=from-created-date:2026-09-14,type:journal-article&rows=100&sort=created&order=desc&select=DOI,title,created,type,abstract,author,container-title",https://eutils.ncbi.nlm.nih.gov/entrez/eutils/esearch.fcgi?db=pubmed&retmode=json&retmax=100&datetype=edat&reldate=7&term=(2211-3835[is]),ISSN 2211-3835；近 30 天 Crossref 32 篇、PubMed 43 篇；Crossref 自带摘要：否,j-2211-3835
一、临床证据：期刊、文献流与预印本,专科顶刊,柳叶刀-儿童青少年健康,,en,INT,Crossref + PubMed,P0,直连,1,新发表论文（Crossref 登记即发现，PubMed / Europe PMC 补摘要与文献类型）,api-ok,api-ok,,"https://api.crossref.org/journals/2352-4642/works?filter=from-created-date:2026-09-14,type:journal-article&rows=100&sort=created&order=desc&select=DOI,title,created,type,abstract,author,container-title",https://eutils.ncbi.nlm.nih.gov/entrez/eutils/esearch.fcgi?db=pubmed&retmode=json&retmax=100&datetype=edat&reldate=7&term=(2352-4642[is]+OR+2352-4650[is]),"ISSN 2352-4642, 2352-4650；近 30 天 Crossref 14 篇、PubMed 14 篇；Crossref 自带摘要：否",j-2352-4642
七、科研与基金：方法学、科研诚信、基金与科学媒体,方法学与循证期刊,BMJ 循证医学,,en,INT,Crossref + PubMed,P1,直连,0,新发表论文（Crossref 登记即发现，PubMed / Europe PMC 补摘要与文献类型）,api-ok,api-ok,,"https://api.crossref.org/journals/2515-446X/works?filter=from-created-date:2026-09-14,type:journal-article&rows=100&sort=created&order=desc&select=DOI,title,created,type,abstract,author,container-title",https://eutils.ncbi.nlm.nih.gov/entrez/eutils/esearch.fcgi?db=pubmed&retmode=json&retmax=100&datetype=edat&reldate=7&term=(2515-446X[is]+OR+2515-4478[is]),"ISSN 2515-446X, 2515-4478；近 30 天 Crossref 0 篇、PubMed 0 篇；Crossref 自带摘要：否",j-2515-446x
一、临床证据：期刊、文献流与预印本,中医药期刊（英文）,中医杂志（英文版）JTCM,,en,INT,Crossref + PubMed,P0,直连,0,新发表论文（Crossref 登记即发现，PubMed / Europe PMC 补摘要与文献类型）,api-ok,api-ok,,"https://api.crossref.org/journals/0254-6272/works?filter=from-created-date:2026-09-14,type:journal-article&rows=100&sort=created&order=desc&select=DOI,title,created,type,abstract,author,container-title",https://eutils.ncbi.nlm.nih.gov/entrez/eutils/esearch.fcgi?db=pubmed&retmode=json&retmax=100&datetype=edat&reldate=7&term=(0254-6272[is]+OR+2589-451X[is]),"ISSN 0254-6272, 2589-451X；近 30 天 Crossref 0 篇、PubMed 25 篇；Crossref 自带摘要：否",j-0254-6272
四、药物安全：安全通告、药物警戒与药学期刊,药学与药物安全期刊,临床药理学与治疗学 CPT,,en,INT,Crossref + PubMed,P0,直连,4,新发表论文（Crossref 登记即发现，PubMed / Europe PMC 补摘要与文献类型）,api-ok,api-ok,,"https://api.crossref.org/journals/0009-9236/works?filter=from-created-date:2026-09-14,type:journal-article&rows=100&sort=created&order=desc&select=DOI,title,created,type,abstract,author,container-title",https://eutils.ncbi.nlm.nih.gov/entrez/eutils/esearch.fcgi?db=pubmed&retmode=json&retmax=100&datetype=edat&reldate=7&term=(0009-9236[is]+OR+1532-6535[is]),"ISSN 0009-9236, 1532-6535；近 30 天 Crossref 33 篇、PubMed 29 篇；Crossref 自带摘要：是",j-0009-9236
三、审批监管：监管机构、医保与卫生技术评估,监管与官方机构,美国FDA 新闻发布 FDA Press Announcements,U.S. Food and Drug Administration,en,US,订阅源,P2,海外中继,6,FDA 官方新闻稿：重大审批、执法行动、政策声明、机构人事与监管立场,feed-ok,failed,,https://www.fda.gov/about-fda/contact-fda/stay-informed/rss-feeds/press-releases/rss.xml,https://www.fda.gov/news-events/fda-newsroom/press-announcements,FDA 的 RSS 目录页 /about-fda/contact-fda/stay-informed/rss-feeds 本身已 404，各 feed 的 rss.xml 仍可用；不要依赖目录页做发现。,fda-press-announcements
三、审批监管：监管机构、医保与卫生技术评估,监管与官方机构,美国FDA 药品动态 What's New: Drugs,U.S. FDA Center for Drug Evaluation and Research (CDER),en,US,订阅源,P2,海外中继,20,CDER 药品条线全部更新：新指导原则、批准公告、审评资源、法规问答,feed-ok,failed,,https://www.fda.gov/about-fda/contact-fda/stay-informed/rss-feeds/drugs/rss.xml,,探测当天 20 条全部落在近 7 天内，说明 feed 只保留最新 20 条，轮询间隔需 ≤ 1 天以免漏条。,fda-whats-new-drugs
三、审批监管：监管机构、医保与卫生技术评估,监管与官方机构,openFDA Drugs@FDA 审批数据库 API,U.S. FDA openFDA,en,US,开放接口,P0,直连,80,结构化审批记录：申请号、申请人、产品、剂型、审批类型与审批日期,api-ok,api-ok,,https://api.fda.gov/drug/drugsfda.json?search=submissions.submission_status_date:%5B20260801+TO+20260930%5D&limit=20&sort=submissions.submission_status_date:desc,https://api.fda.gov/drug/label.json?limit=20 | https://api.fda.gov/device/510k.json?sort=decision_date:desc&limit=20,无 key 时限 240 次/分、1000 次/天；带 api_key 可提到 240/分、120000/天。search 的方括号必须 URL 编码为 %5B %5D，否则 curl 直接报 bad range。抓取时把日期窗口滚动到当月即可增量拉取。,openfda-drugsfda-api
三、审批监管：监管机构、医保与卫生技术评估,监管与官方机构,美国FDA 年度新分子实体批准 Novel Drug Approvals,U.S. FDA CDER,en,US,列表页,P2,海外中继,1,当年获批新分子实体（NME/新生物制品）清单，含商品名、通用名、适应症与批准日,page-ok,failed,,https://www.fda.gov/drugs/novel-drug-approvals-fda/novel-drug-approvals-2026,https://www.fda.gov/drugs/novel-drug-approvals-fda/novel-drug-approvals-2025,URL 含年份，每年 1 月需把 2026 换成新年份；页面为表格，需 HTML 解析。无 RSS。,fda-novel-drug-approvals
三、审批监管：监管机构、医保与卫生技术评估,监管与官方机构,美国FDA 指导原则检索 FDA Guidance Documents,U.S. FDA,en,US,列表页,P2,海外中继,5,FDA 全部指导原则（草案与终稿）的发布与征求意见，含发布日期、发布部门、是否开放评论,page-ok,failed,,https://www.fda.gov/regulatory-information/search-fda-guidance-documents,https://www.fda.gov/files/api/datatables/static/search-for-guidance.json,真正的机器接口是 endpoint_alt 里的 datatables JSON：HTTP 200、application/json、2789 条、字段含 field_issue_datetime（可排序）与 field_final_guidance_1（草案/终稿）。它有 3.67 MB，而本仓库的 verify_feed.py 只读前 3 MB，所以对它单独探测会报 json 解析失败——那是探测器的读取上限，不是接口坏了；完整下载可正常解析。建议爬虫直接用该 JSON 做全量 diff。,fda-guidance-documents
三、审批监管：监管机构、医保与卫生技术评估,监管与官方机构,美国FDA 顾问委员会日程 Advisory Committee Calendar,U.S. FDA,en,US,列表页,P2,海外中继,2,即将召开的 FDA 专家咨询委员会会议：议题品种、适应症、会议材料与投票结果链接,page-ok,failed,,https://www.fda.gov/advisory-committees/advisory-committee-calendar,https://www.fda.gov/advisory-committees/human-drug-advisory-committees/oncologic-drugs-advisory-committee-odac,页面列表，需 HTML 解析；会议材料（简报册）在会前数日才挂出，值得二次抓取。,fda-advisory-committee-calendar
三、审批监管：监管机构、医保与卫生技术评估,监管与官方机构,美国FDA 人工智能医疗器械清单 AI-Enabled Medical Devices,U.S. FDA Center for Devices and Radiological Health (CDRH),en,US,列表页,P2,海外中继,3,已获美国上市授权的 AI/ML 医疗器械目录，含器械名、厂商、通道（510(k)/De Novo/PMA）与决定日期,page-ok,failed,,https://www.fda.gov/medical-devices/software-medical-device-samd/artificial-intelligence-enabled-medical-devices,https://api.fda.gov/device/510k.json?sort=decision_date:desc&limit=20,原 …/artificial-intelligence-and-machine-learning-aiml-enabled-medical-devices 已 301 到现址（旧的 …-device-list 路径 404）。页面按季度批量更新，非实时；要逐条实时可用 endpoint_alt 的 openFDA 510(k) 接口再按 AI 关键词过滤。,fda-ai-enabled-device-list
三、审批监管：监管机构、医保与卫生技术评估,监管与官方机构,美国FDA 生物制品动态 What's New for Biologics (CBER),U.S. FDA Center for Biologics Evaluation and Research (CBER),en,US,列表页,P2,海外中继,5,疫苗、血液制品、细胞与基因治疗的审批、指导原则与会议通告,page-ok,failed,,https://www.fda.gov/vaccines-blood-biologics/news-events-biologics/whats-new-biologics,,曾经的 rss-feeds/cber-whatsnew/rss.xml 已 404（今日探测确认），现只剩 HTML 列表页，需解析。,fda-cber-whats-new
三、审批监管：监管机构、医保与卫生技术评估,监管与官方机构,美国FDA 医疗器械新闻与活动 CDRH News & Events,U.S. FDA CDRH,en,US,列表页,P2,海外中继,4,器械条线的新闻、网络研讨会、新指导原则与数字健康政策动态,page-ok,failed,,https://www.fda.gov/medical-devices/medical-devices-news-and-events,https://www.fda.gov/medical-devices/digital-health-center-excellence,医疗器械专属 RSS（rss-feeds/medical-devices/rss.xml）已 404，只能解析列表页。,fda-cdrh-news-events
三、审批监管：监管机构、医保与卫生技术评估,监管与官方机构,美国CDC 新闻中心 CDC Newsroom,U.S. Centers for Disease Control and Prevention,en,US,订阅源,P0,直连,3,CDC 官方新闻稿与媒体声明：疫情通报、疫苗建议、公共卫生政策,feed-ok,feed-ok,,https://tools.cdc.gov/api/v2/resources/media/132608.rss,https://tools.cdc.gov/api/v2/resources/media/132608.json,走 tools.cdc.gov 的 CDC Content Syndication API（www.cdc.gov 下的 RSS 路径已失效）。feed 是全量归档：今日 1842 条、最新 2026-09-10、近 7 天 0 条——节奏本就不规律，不要按停更处理。同一资源加 .json 即为 JSON 版本。,cdc-newsroom
三、审批监管：监管机构、医保与卫生技术评估,监管与官方机构,美国NIH 新闻发布 NIH News Releases,U.S. National Institutes of Health,en,US,订阅源,P2,云端浏览器,8,NIH 及其下属研究所的研究成果新闻稿、重大资助与政策公告,blocked,blocked,cloudflare,https://www.nih.gov/news-events/news-releases/feed.xml,https://www.nih.gov/news-events/news-releases,今日两次探测（feed.xml 与 /news-events/news-releases）均为 403 Cloudflare。注意 eurekalert.org/rss/institution/1 也已 404，EurekAlert 的机构 RSS 需重新取路径后再用。,nih-news-releases
三、审批监管：监管机构、医保与卫生技术评估,监管与官方机构,美国CMS 新闻中心 CMS Newsroom,U.S. Centers for Medicare & Medicaid Services,en,US,列表页,P2,海外中继,5,美国医保支付方政策：覆盖决定（NCD）、支付规则、药价谈判与示范项目,page-ok,blocked,http-403,https://www.cms.gov/newsroom,,/newsroom 302 到 /about-cms/contact/newsroom；旧的 /newsroom/rss.xml 与 /about-cms/contact/newsroom/press-releases 今日均 404，只能解析列表页。,cms-newsroom
三、审批监管：监管机构、医保与卫生技术评估,监管与官方机构,美国预防服务工作组 USPSTF 推荐更新,U.S. Preventive Services Task Force,en,US,列表页,P1,直连,1,预防服务推荐意见（A/B/C/D/I 分级）的草案、定稿与研究计划征求意见,page-ok,page-ok,,https://www.uspreventiveservicestaskforce.org/uspstf/topic_search_results?topic_status=P,https://www.uspreventiveservicestaskforce.org/uspstf/,站点无 RSS（/uspstf/rss.xml 今日 404）。endpoint 是『已发布推荐』检索结果页，topic_status=P 过滤；草案用 topic_status=D。量小但每条价值高。,uspstf-recommendations
三、审批监管：监管机构、医保与卫生技术评估,监管与官方机构,美国AHRQ 新闻室 AHRQ Newsroom,U.S. Agency for Healthcare Research and Quality,en,US,列表页,P1,直连,1,医疗质量与患者安全研究的新闻稿，以及循证实践中心（EPC）系统评价产出,page-ok,page-ok,,https://www.ahrq.gov/news/newsroom/press-releases/index.html,https://effectivehealthcare.ahrq.gov/products,无 RSS（/rss/index.html 今日 404）。真正高价值的是 endpoint_alt 的 Effective Health Care 产品页（EPC 系统评价与征求意见），若只能留一个建议换成它。,ahrq-newsroom
三、审批监管：监管机构、医保与卫生技术评估,监管与官方机构,国家药监局 公告通告 NMPA Announcements,国家药品监督管理局 NMPA,zh,CN,列表页,P1,云端浏览器,15,药品/器械/化妆品的注册批准、标准发布、撤市、飞检与行政处罚等全部官方公告通告,blocked,blocked,ruishu,https://www.nmpa.gov.cn/xxgk/ggtg/index.html,https://www.nmpa.gov.cn/zhuanti/cxylqx/cxypxx/index.html | https://www.nmpa.gov.cn/yaowen/ypjgyw/index.html,今日探测 412 + 瑞数（Riverso）动态挑战，nmpa.gov.cn 全站一致（首页、/xxgk/ggtg/、/xxgk/fgwj/、/datasearch/ 均 412）。so.nmpa.gov.cn 不存在（DNS 无解析）。英文站 english.nmpa.gov.cn 是同机构另一套站点、不挂瑞数，但更新极慢（见 nmpa-english-news 行），不能当替代。 endpoint_alt 的两条栏目路径不是猜的：它们的正文 URL 今日分别出现在可直读的 cdr-adr.org.cn 首页（/zhuanti/cxylqx/cxypxx/20260903111247181.html「国家药监局批准芮特韦拜单抗」等四条）与（/yaowen/ypjgyw/zhyw/20260901172550103.html）上，栏目确实存在；但索引页本身同样被瑞数挡住，无法单独验证，渲染,nmpa-ggtg
三、审批监管：监管机构、医保与卫生技术评估,监管与官方机构,国家药监局 法规文件 NMPA Laws & Regulations,国家药品监督管理局 NMPA,zh,CN,列表页,P1,云端浏览器,4,药品管理法实施条例、部门规章、规范性文件等法规原文与修订,blocked,blocked,ruishu,https://www.nmpa.gov.cn/xxgk/fgwj/index.html,https://www.nmpa.gov.cn/xxgk/fgwj/flxzhfg/index.html,今日 412 + 瑞数。CDE 首页外链到这里的法规正文（如药品管理法实施条例 /xxgk/fgwj/flxzhfg/20260127172639127.html），说明正文 URL 结构稳定，渲染一次即可长期按 ID 抓取。 ⚠️ endpoint_alt 的 /xxgk/fgwj/flxzhfg/ 栏目由今日 CDE 首页上的四条正文链接反推得到（如 /xxgk/fgwj/flxzhfg/20260127172639127.html），栏目为真，但索引页在瑞数后面无法单独确认。,nmpa-fgwj
三、审批监管：监管机构、医保与卫生技术评估,监管与官方机构,国家药监局英文站 NMPA English News,国家药品监督管理局 NMPA,en,CN,列表页,P1,直连,1,NMPA 对外发布的英文要闻、政策解读与器械监管条目,page-ok,page-ok,,https://english.nmpa.gov.cn/news.html,https://english.nmpa.gov.cn/policies.html | https://english.nmpa.gov.cn/medicaldevices.html,⚠️ 重要：能抓但很旧——今日探测列表最新条目为 2026-07-10，已 73 天未更新，内容量也只有中文站的零头。它是兜底与英文对照，绝不是 nmpa-ggtg 的替代品。english.nmpa.gov.cn/2026-09/index.html 这类按月路径不存在（404），只有固定栏目页。,nmpa-english-news
三、审批监管：监管机构、医保与卫生技术评估,监管与官方机构,广东省药监局 通知公告（NMPA 转载镜像）,广东省药品监督管理局,zh,CN,列表页,P1,直连,10,省级药监公告，并转载国家药监局的公告通告与政策文件,page-ok,page-ok,,https://mpa.gd.gov.cn/xwdt/tzgg/index.html,https://mpa.gd.gov.cn/,定位是 NMPA 的降级镜像 + 省级增量，不是平替：只转载部分国家级公告，滞后半天到一天，且混有大量广东本地事务。若已有云浏览器能力，优先直取 nmpa-ggtg，本行作冗余。,nmpa-gd-mirror
三、审批监管：监管机构、医保与卫生技术评估,监管与官方机构,药审中心 指导原则（发布与征求意见）,国家药品监督管理局药品审评中心 CDE,zh,CN,列表页,P1,云端浏览器,4,技术指导原则的发布稿与征求意见稿：终点选择、统计方法、真实世界证据、生物等效性等,blocked,blocked,ruishu,https://www.cde.org.cn/zdyz/index,https://www.cde.org.cn/main/policy/listpage/9f9c74c73e0f8f56a8bfbc646055026d | https://www.cde.org.cn/main/policy/listpage/f1b85f03689d513e5cce1c6a3185af25,"⚠️ 读数陷阱：本站内容页返回 **HTTP 202**（不是 403/412），verify_feed.py 的挑战判定只覆盖 403/412/429/503 且正则未命中这版挑战体，所以它给出的是裸 `failed` 而非 `blocked`——不要据此以为 URL 写错了。人工核对过响应体，确系瑞数：含 `<meta id=""9DhefwqGPrzGxEp9hPaoag"">` 与 `/4QbVtADbnLVIc/d.FxJzG50F.6152bb9.js`，25 KB、无标题、无日期。另注意 cde.org.cn **首页**今日反而是 200 page-ok（白名单/缓存），但首页不含任何条目与日期，拿首页当信源等于什么都抓不到。",cde-guidance-principles
三、审批监管：监管机构、医保与卫生技术评估,监管与官方机构,药审中心 突破性治疗公示,国家药品监督管理局药品审评中心 CDE,zh,CN,列表页,P1,云端浏览器,3,拟纳入突破性治疗药物品种公示：品种名、申请人、适应症、公示期,blocked,blocked,ruishu,https://www.cde.org.cn/main/xxgk/listpage/da6efd086c099b7fc949121166f0130c,https://www.cde.org.cn/main/xxgk/listpage/2f78f372d351c6851af7431c7710a731 | https://www.cde.org.cn/main/xxgk/listpage/c8d79e513a6df98adf05893281ace198,同 cde-guidance-principles 的读数陷阱：HTTP 202 + 瑞数挑战体，verify_feed.py 报 `failed` 而非 `blocked`。UUID 路径来自今日抓取的 CDE 首页导航，结构稳定。另外两张高价值表的 UUID 一并记在这里：受理品种/临床试验默示许可 4b5255eb0a84820cef4ca3e8b6bbe20c、审评任务公示 369ac7cfeb67c6000c33f85e6f374044。,cde-breakthrough-therapy
三、审批监管：监管机构、医保与卫生技术评估,监管与官方机构,药审中心 上市药品信息,国家药品监督管理局药品审评中心 CDE,zh,CN,列表页,P1,云端浏览器,5,已上市药品的审评信息与说明书、审评报告等技术资料入口,blocked,blocked,ruishu,https://www.cde.org.cn/main/xxgk/listpage/b40868b5e21c038a6aa8b4319d21b07d,https://www.cde.org.cn/main/xxgk/listpage/4b5255eb0a84820cef4ca3e8b6bbe20c,HTTP 202 + 瑞数，verify_feed.py 报 `failed`（详见 cde-guidance-principles 行的说明）。endpoint_alt 为临床试验默示许可公示。,cde-marketed-drug-info
三、审批监管：监管机构、医保与卫生技术评估,监管与官方机构,器审中心 指导原则 CMDE Device Guidance,国家药品监督管理局医疗器械技术审评中心 CMDE,zh,CN,列表页,P1,云端浏览器,3,医疗器械技术审评指导原则，含人工智能医疗器械、软件与网络安全等专项,blocked,blocked,ruishu,https://www.cmde.org.cn/flfg/zdyz/index.html,https://www.cmde.org.cn/,今日探测首页 202 + 瑞数、/flfg/zdyz/index.html 202 + 瑞数，全站一致。人工智能医疗器械专项通常挂在 /flfg/zdyz/ 下，按标题含『人工智能』过滤即可。,cmde-guidance
三、审批监管：监管机构、医保与卫生技术评估,监管与官方机构,国家卫生健康委 政策文件与诊疗规范,国家卫生健康委员会 NHC,zh,CN,列表页,P1,云端浏览器,12,卫健委政策文件、诊疗方案与技术规范、临床路径、新闻发布会实录,blocked,blocked,ruishu,https://www.nhc.gov.cn/wjw/index.shtml,https://www.nhc.gov.cn/ | https://www.gov.cn/zhengce/,今日探测 http:// 与 https:// 的 nhc.gov.cn 首页、以及 /wjw/index.shtml 全部 412 + 瑞数。卫生健康标准网 wsbz.nhc.gov.cn 今日连接超时（35 s 无响应），本次无法验证，暂不单列行。,nhc-policy-documents
三、审批监管：监管机构、医保与卫生技术评估,监管与官方机构,国家卫生健康委英文站 NHC English,国家卫生健康委员会 NHC,en,CN,列表页,P1,直连,2,卫健委对外英文发布：疫情通报、政策要点、国际合作,page-ok,page-ok,,http://en.nhc.gov.cn/,,今日 200 page-ok。量远小于中文站、更新也慢，只作兜底；主力仍应是渲染后的 nhc.gov.cn 或政府网政策库。,nhc-english
三、审批监管：监管机构、医保与卫生技术评估,监管与官方机构,国家医保局 政策法规,国家医疗保障局 NHSA,zh,CN,列表页,P1,直连,3,医保政策法规原文：支付管理办法、目录管理规则、价格与招采制度,page-ok,page-ok,,http://www.nhsa.gov.cn/col/col104/index.html,http://www.nhsa.gov.cn/col/col105/index.html,nhsa.gov.cn 不挂瑞数，纯 GET 服务端渲染，列表含日期，非常好抓。栏目号即 URL 中的 colNNN：104 政策法规、105 政策解读、109 通知公告、14 医保动态、113 征求意见、15 地方医保动态、73 曝光台。注意站点只跑 http，https 未验证。,nhsa-policy-regulations
三、审批监管：监管机构、医保与卫生技术评估,监管与官方机构,国家医保局 通知公告（含目录调整与集采）,国家医疗保障局 NHSA,zh,CN,列表页,P0,直连,4,医保药品目录调整、集中带量采购批次公告、医用耗材分类与代码、智能监管规则,page-ok,page-ok,,http://www.nhsa.gov.cn/col/col109/index.html,http://www.nhsa.gov.cn/col/col113/index.html,今日实测列表最新条目 2026-09-20，服务端渲染、带日期、条目标题即事件，质量很高。国家医保药品目录年度调整的申报与公示也走这个栏目。endpoint_alt 为征求意见（col113）。,nhsa-notices
三、审批监管：监管机构、医保与卫生技术评估,监管与官方机构,国家医保局 医保动态,国家医疗保障局 NHSA,zh,CN,列表页,P1,直连,8,医保工作动态、改革进展、发布会与解读性报道,page-ok,page-ok,,http://www.nhsa.gov.cn/col/col14/index.html,http://www.nhsa.gov.cn/col/col15/index.html | http://www.nhsa.gov.cn/col/col46/index.html,噪声高于 col104/col109（含大量会议与地方报道），建议做标题级过滤后再进推送。,nhsa-news
三、审批监管：监管机构、医保与卫生技术评估,监管与官方机构,国家疾控局 通知公告,国家疾病预防控制局,zh,CN,列表页,P1,直连,3,疾控技术方案、监测通知、标准征求意见与工作部署,page-ok,page-ok,,https://www.ndcpa.gov.cn/jbkzzx/c100014/common/list.html,https://www.ndcpa.gov.cn/jbkzzx/c100013/common/list.html,今日实测最新条目 2026-09-21（当天），服务端渲染带日期，非常新。栏目号即 c100NNN：100012 政策法规、100013 政策解读、100014 通知公告、100016 疫情信息、100011 政务公开。,ndcpa-notices
三、审批监管：监管机构、医保与卫生技术评估,监管与官方机构,国家疾控局 政策法规,国家疾病预防控制局,zh,CN,列表页,P2,直连,1,传染病防治相关法规、规章与规范性文件原文,page-ok,page-ok,,https://www.ndcpa.gov.cn/jbkzzx/c100012/common/list.html,,量很小（月级），但每条都是可引用的法规原文。与 ndcpa-notices 同站同结构，可共用解析器。,ndcpa-regulations
三、审批监管：监管机构、医保与卫生技术评估,监管与官方机构,国家疾控局 疫情信息,国家疾病预防控制局,zh,CN,列表页,P1,直连,1,全国法定传染病疫情概况的官方通报,page-ok,page-ok,,https://www.ndcpa.gov.cn/jbkzzx/c100016/second/list.html,https://www.chinacdc.cn/jksj/jksj01/,注意路径段是 `second` 而不是 `common`（二级栏目模板），写解析器时别套错。月度发布，节奏固定。,ndcpa-epidemic-info
三、审批监管：监管机构、医保与卫生技术评估,监管与官方机构,中国疾控中心 全国法定传染病疫情,中国疾病预防控制中心 China CDC,zh,CN,列表页,P1,直连,1,法定传染病月度发病与死亡数（分病种表格）,page-ok,page-ok,,https://www.chinacdc.cn/jksj/jksj01/,https://www.chinacdc.cn/jksj/jksj02/ | https://www.chinacdc.cn/jksj/xgbdyq/,endpoint_alt：jksj02 是重点传染病与突发公共卫生事件风险评估报告、xgbdyq 是新冠疫情情况。正文多为表格，建议连同附件一起存档。,chinacdc-notifiable-disease
三、审批监管：监管机构、医保与卫生技术评估,监管与官方机构,中国疾控中心 科技进展与学术动态,中国疾病预防控制中心 China CDC,zh,CN,列表页,P2,直连,3,中国疾控系统的研究成果速递与学术动态,page-ok,page-ok,,https://www.chinacdc.cn/kxyj/kjjz/,https://www.chinacdc.cn/kxyj/xsdt/ | https://www.chinacdc.cn/jkyj/crb2/,偏机构宣传，信噪比一般；价值在于它会点名本机构发表的论文，可作为『中国作者高影响力论文』的线索源再去 PubMed 取原文。,chinacdc-sci-progress
三、审批监管：监管机构、医保与卫生技术评估,监管与官方机构,国家中医药管理局 通知公告,国家中医药管理局 NATCM,zh,CN,列表页,P1,直连,4,中医药行业通知公告：项目申报、标准与规范、评审公示,page-ok,page-ok,,http://www.natcm.gov.cn/a/tzgg/,http://www.natcm.gov.cn/a/gzdt/,⚠️ 只能走 http://——https://www.natcm.gov.cn/ 今日连接超时 35 s，http 同一主机 200 正常。爬虫别强制升级到 HTTPS，否则整站抓不到。,natcm-notices
三、审批监管：监管机构、医保与卫生技术评估,监管与官方机构,国家中医药管理局 政策解读,国家中医药管理局 NATCM,zh,CN,列表页,P2,直连,1,中医药政策文件的官方解读与一图读懂,page-ok,page-ok,,http://www.natcm.gov.cn/a/zcjd/,http://www.natcm.gov.cn/zhengcewenjian/,同样只走 http。endpoint_alt 的 /zhengcewenjian/ 是政策文件原文库（政府信息公开栏），与解读配对使用。,natcm-policy-interpretation
三、审批监管：监管机构、医保与卫生技术评估,监管与官方机构,国家中医药管理局 工作动态,国家中医药管理局 NATCM,zh,CN,列表页,P2,直连,8,中医药行业工作动态与司局活动,page-ok,page-ok,,http://www.natcm.gov.cn/a/gzdt/,http://www.natcm.gov.cn/xinxifabu/,只走 http。噪声较高，时政要闻（/xinxifabu/shizhengyaowen/）与本平台无关，解析时按栏目排除。,natcm-work-updates
三、审批监管：监管机构、医保与卫生技术评估,监管与官方机构,国家药品不良反应监测中心 通知通告,国家药品监督管理局药品评价中心（国家药品不良反应监测中心）,zh,CN,列表页,P1,直连,2,药物警戒工作通知、非处方药转换公告、培训与征稿等机构通告,page-ok,page-ok,,https://www.cdr-adr.org.cn/tzgg_home/,https://www.cdr-adr.org.cn/drug_1/zcfg_1/,本行只覆盖一般性通知通告；本站的『安全警示』栏（/drug_1/aqjs_1/）属安全警示类信源，按分工归另一位研究员，此处不收。站点不挂瑞数，纯 GET 可达，正文路径形如 /tzgg_home/YYYYMM/tYYYYMMDD_NNNNN.html。,cdr-adr-notices
三、审批监管：监管机构、医保与卫生技术评估,监管与官方机构,国家药品不良反应监测中心 要闻动态,国家药品监督管理局药品评价中心（国家药品不良反应监测中心）,zh,CN,列表页,P2,直连,2,药品评价中心的工作动态、调研与会议信息,page-ok,page-ok,,https://www.cdr-adr.org.cn/yjj_center_news/,,首页会直接外链 nmpa.gov.cn 的创新药批准页（/zhuanti/cxylqx/cxypxx/…），可当作 NMPA 创新药审批的线索来源——链接本身能抓到，目标页仍需渲染。,cdr-adr-news
三、审批监管：监管机构、医保与卫生技术评估,监管与官方机构,中国食品药品检定研究院 工作动态,中国食品药品检定研究院 NIFDC,zh,CN,列表页,P2,直连,3,检定院工作动态、标准物质与菌毒种通告、检验方法与国际合作,page-ok,page-ok,,https://www.nidc.org.cn/gzdt/index.html,https://www.nidc.org.cn/ | https://www.nidc.org.cn/bshff/bzhwzh/bzwztzgg/index.html,⚠️ 域名已迁移：旧域名 www.nifdc.org.cn 的 https 证书不匹配（curl 报 no alternative certificate subject name），http://www.nifdc.org.cn/ 会 301 到 **https://www.nidc.org.cn/**。注册表里请直接写 nidc.org.cn。首页今日含 2026-09-21 条目，更新很勤。,nifdc-work-updates
三、审批监管：监管机构、医保与卫生技术评估,监管与官方机构,国家药典委员会 ChP,国家药典委员会,zh,CN,列表页,P2,云端浏览器,1,中国药典标准公示、国家药品标准制修订公告与勘误,failed,failed,,https://www.chp.org.cn/,,⚠️ 本行未通过验证，保留是因为它在种子清单内且维护者需要知道结论：今日 https://www.chp.org.cn/ 与 http://www.chp.org.cn/ 各探测一次均 35 s 连接超时，另用独立网络路径的抓取工具访问直接 ECONNREFUSED 114.247.108.139:443。两条路径都失败，说明大概率是站点侧拒绝而非本机偶发。上线前必须复测，不要按可用信源排期。,chp-pharmacopoeia
三、审批监管：监管机构、医保与卫生技术评估,监管与官方机构,中国政府网 最新政策,国务院办公厅 中国政府网,zh,CN,列表页,P0,直连,20,国务院与中办国办文件、行政法规、部门规章的权威首发,page-ok,page-ok,,https://www.gov.cn/zhengce/,https://www.gov.cn/zhengce/zuixin/,今日实测含 2026-09-21 当日条目，服务端渲染、纯 GET 可达，质量很高。⚠️ 别用 JSON 搜索接口：https://sousuo.www.gov.cn/search-gov/data?t=zhengcelibrary&… 今日返回 200 且 facet 计数正常（groupMap 里『国令』478 条），但无论带不带 q、searchfield、Referer，data 恒为 null、totalCount 恒为 0——缺会话态或签名，不要把它当可用 API 排期。另：/zhengce/zuixin.htm 只有 846 字节（框架桩，非列表）、/zhengce/zhengceku/home.html 今日 404，都别用；真正的列表是 /zhengce/ 与 /zhengce/zuixin/。医药类内容混在全部政策里，需按关键词过滤。,gov-cn-policy
三、审批监管：监管机构、医保与卫生技术评估,监管与官方机构,科技部政务服务平台 通知通告（含人类遗传资源）,中华人民共和国科学技术部,zh,CN,列表页,P2,直连,1,科技部行政许可与通知通告，人类遗传资源采集/保藏/国际合作审批事项经此发布,page-ok,page-ok,,https://fuwu.most.gov.cn/html/tztg/,https://fuwu.most.gov.cn/ | https://www.most.gov.cn/,⚠️ 没找到人类遗传资源的独立栏目页：今日抓取 fuwu.most.gov.cn 首页，全站未出现含『遗传』的导航链接，猜测路径 /hgrtcyzwfw/index 返回 404。本行退而取其上级的通知通告栏 /html/tztg/（今日 200，正文路径形如 /html/tztg/xzxkzx/YYYYMMDD/NNNNNNNNN.html，xzxkzx=行政许可专栏），人类遗传资源批件应在其中，需按标题过滤后再确认。量很小（首页最新条目 2026-07-20）。,most-admin-licensing
三、审批监管：监管机构、医保与卫生技术评估,监管与官方机构,欧洲药品管理局 全站更新 EMA What's New,European Medicines Agency (EMA),en,EU,订阅源,P0,直连,100,EMA 网站当日全部新增：新闻、意见、指南、EPAR、议程、咨询，一条不漏,feed-ok,feed-ok,,https://www.ema.europa.eu/en/whats-new.xml,https://www.ema.europa.eu/en/news.xml,今日 273 条、近 7 天 108 条，是 EMA 全部 20 个 feed 里最全的一条——建议以它为主，按条目 URL 的栏目段分流到各业务线，而不是订 20 个 feed。官方 feed 目录在 https://www.ema.europa.eu/en/news-events/rss-feeds。,ema-whats-new
三、审批监管：监管机构、医保与卫生技术评估,监管与官方机构,欧洲药品管理局 新闻与新闻稿 EMA News,European Medicines Agency (EMA),en,EU,订阅源,P0,直连,3,EMA 正式新闻稿：重大监管决定、安全性结论、机构声明,feed-ok,feed-ok,,https://www.ema.europa.eu/en/news.xml,,条目数很少（今日仅 5 条、近 7 天 2 条），这是 feed 的正常长度而非故障——EMA 只保留最新几条新闻稿，轮询间隔需 ≤ 1 天。要全量请配合 ema-whats-new。,ema-news-press
三、审批监管：监管机构、医保与卫生技术评估,监管与官方机构,欧洲药品管理局 新药与CHMP意见 New Medicines: Human,European Medicines Agency (EMA),en,EU,订阅源,P0,直连,12,新上市人用药与 CHMP 积极/消极意见摘要（SMOP），含通用名、适应症与意见日期,feed-ok,feed-ok,,https://www.ema.europa.eu/en/new-human-medicine-new.xml,https://www.ema.europa.eu/en/human-medicine-new.xml,节奏跟着 CHMP 月度例会走：今日 12 条全部落在近 7 天内（刚开完会），其余周次可能为零，不要按停更处理。endpoint_alt 是 EPAR 与意见摘要全量（今日 142 条 / 近 7 天 39 条），含已上市品种的变更。,ema-new-human-medicines
三、审批监管：监管机构、医保与卫生技术评估,监管与官方机构,欧洲药品管理局 科学指南 EMA Scientific Guidelines,European Medicines Agency (EMA),en,EU,订阅源,P0,直连,7,人用与兽用药科学指南的发布与修订：临床终点、统计、生物等效、疗效评价方法,feed-ok,feed-ok,,https://www.ema.europa.eu/en/scientific-guidelines.xml,https://www.ema.europa.eu/en/regulatory-and-procedural-guideline.xml,今日 9 条、近 7 天 7 条、最新 2026-09-21（当天），更新很勤。endpoint_alt 为法规与程序性指南（今日 11 条）。,ema-scientific-guidelines
三、审批监管：监管机构、医保与卫生技术评估,监管与官方机构,欧洲药品管理局 公开征求意见 EMA Public Consultations,European Medicines Agency (EMA),en,EU,订阅源,P1,直连,6,指南草案与政策文件的公开征求意见，含截止日期,feed-ok,feed-ok,,https://www.ema.europa.eu/en/public-consultations.xml,,今日 7 条、近 7 天 6 条。条目带截止日期，适合做倒计时型提醒。,ema-public-consultations
三、审批监管：监管机构、医保与卫生技术评估,监管与官方机构,欧洲药品管理局 委员会议程与纪要（CHMP等）,European Medicines Agency (EMA),en,EU,订阅源,P1,直连,4,CHMP/PRAC/CAT 等委员会的会议议程与会议纪要,feed-ok,feed-ok,,https://www.ema.europa.eu/en/agendas-and-minutes.xml,https://www.ema.europa.eu/en/new-human-medicine-new.xml,今日 20 条、近 7 天 4 条。CHMP『meeting highlights』本身走新闻稿（ema-news-press），本行给的是议程与纪要文件，两者配对使用信息最完整。,ema-committee-agendas
三、审批监管：监管机构、医保与卫生技术评估,监管与官方机构,英国MHRA 全部发布 MHRA on GOV.UK,Medicines and Healthcare products Regulatory Agency (MHRA),en,UK,订阅源,P0,直连,17,MHRA 在 GOV.UK 上的全部发布：新闻、指南、通告、统计与咨询,feed-ok,feed-ok,,https://www.gov.uk/government/organisations/medicines-and-healthcare-products-regulatory-agency.atom,https://www.gov.uk/search/news-and-communications.atom?organisations%5B%5D=medicines-and-healthcare-products-regulatory-agency,GOV.UK 的 .atom 是全站统一机制，稳定可靠：今日 20 条、近 7 天 17 条。endpoint 是机构全部活动（含指南与出版物），endpoint_alt 只要新闻稿（近 7 天 3 条）——按需要的信噪比二选一。药物安全警示（Drug Safety Update）属安全警示类，按分工不在本文件。,mhra-gov-uk
三、审批监管：监管机构、医保与卫生技术评估,监管与官方机构,英国NICE 新闻 NICE News,National Institute for Health and Care Excellence (NICE),en,UK,列表页,P2,海外中继,4,NICE 新闻、博客与播客，含新指南与技术评估结论的发布说明,page-ok,blocked,http-403,https://www.nice.org.uk/news,https://www.nice.org.uk/guidance/published,⚠️ 真正想要的是已发布指南列表 https://www.nice.org.uk/guidance/published（本行 endpoint_alt），但它今日返回 403 且页面标题为『Temporary Service Interruption』——疑似对非浏览器请求限流。/news 同站同时段 200 正常，先用它。若要抓 guidance/published，需降速+带完整浏览器头重试，或走云浏览器。NICE 站点无 RSS（/news/rss 今日 404）。,nice-news
三、审批监管：监管机构、医保与卫生技术评估,监管与官方机构,欧洲疾控中心 新闻 ECDC News,European Centre for Disease Prevention and Control (ECDC),en,EU,订阅源,P0,直连,3,ECDC 新闻与新闻稿：疫情评估、疫苗建议、抗微生物耐药态势,feed-ok,feed-ok,,https://www.ecdc.europa.eu/en/taxonomy/term/1307/feed,https://www.ecdc.europa.eu/en/rss-feeds,今日 10 条、最新 2026-09-21（当天）。ECDC 的 feed 全部走 /en/taxonomy/term/<id>/feed，目录页在 https://www.ecdc.europa.eu/en/rss-feeds，常用 term：1307 新闻、1505 传染病威胁周报、1295 风险评估、1244 全部出版物、1253 监测报告、1502 年度流行病学报告、1310 流行病学更新。注意 /en/rss、/en/news-events/rss.xml、/en/taxonomy/term/3160/feed 都是 404，别用。,ecdc-news
三、审批监管：监管机构、医保与卫生技术评估,监管与官方机构,欧洲疾控中心 传染病威胁周报 CDTR,European Centre for Disease Prevention and Control (ECDC),en,EU,订阅源,P0,直连,1,每周传染病威胁报告（CDTR）：全球疫情事件逐条汇总与研判,feed-ok,feed-ok,,https://www.ecdc.europa.eu/en/taxonomy/term/1505/feed,https://www.ecdc.europa.eu/en/taxonomy/term/1295/feed,今日 10 条、最新 2026-09-18，严格每周一期。endpoint_alt 为风险评估 feed——它今日虽 200/10 条但最新条目为 2026-06-25（87 天前），属于本身就低频的品类，不是坏掉，排期时按季度对待。,ecdc-threats-report
三、审批监管：监管机构、医保与卫生技术评估,监管与官方机构,欧洲疾控中心 科学与技术出版物,European Centre for Disease Prevention and Control (ECDC),en,EU,订阅源,P1,直连,8,ECDC 全部科学与技术出版物：监测报告、指南、技术文件,feed-ok,feed-ok,,https://www.ecdc.europa.eu/en/taxonomy/term/1244/feed,https://www.ecdc.europa.eu/en/taxonomy/term/1253/feed | https://www.ecdc.europa.eu/en/taxonomy/term/1502/feed,今日 10 条、近 7 天 8 条，更新很勤。endpoint_alt：1253 监测报告、1502 年度流行病学报告。,ecdc-publications
三、审批监管：监管机构、医保与卫生技术评估,监管与官方机构,欧盟委员会 卫生与食品安全总司 DG SANTE,"European Commission, DG Health and Food Safety (SANTE)",en,EU,列表页,P2,云端浏览器,3,欧盟卫生立法与政策：药品法规改革、HTA 条例、跨境医疗与药品短缺,blocked,blocked,http-403,https://health.ec.europa.eu/news_en,https://www.ema.europa.eu/en/whats-new.xml,本行未通过验证，保留是因为欧盟药品立法没有别的一手口。上线前需用带完整浏览器头的抓取复测一次再决定是否排期。,ec-health-sante
三、审批监管：监管机构、医保与卫生技术评估,监管与官方机构,瑞士药监局 网站更新 Swissmedic What's New,Swissmedic (Swiss Agency for Therapeutic Products),en,CH,订阅源,P2,直连,6,Swissmedic 网站新增内容：审批、指南、行政通告,feed-ok,feed-ok,,https://fetchrss.com/feed/X-CSwP0MWGVCaG_Z2JbPgiti.rss,https://www.swissmedic.ch/swissmedic/en/home.html,⚠️ 架构要知道：Swissmedic 自己不产出 RSS，官方 RSS 页 https://www.swissmedic.ch/swissmedic/en/home/news/rss.html 上挂的是**第三方 fetchrss.com 生成的 feed**，且 URL 会 301 到另一个 fetchrss id（本行探测时 X-CSwP0MWGVCaG_Z2JbPgiti → 1krK9gCei6k61uZt2u4Vz2t8）。可用（今日 15 条、最新 2026-09-21），但依赖第三方服务，随时可能失效——定期回官方 RSS 页取最新 id。同页另一条 feed 是 Safety of medicines（安全警示类，按分工不在本文件）。,swissmedic-new
三、审批监管：监管机构、医保与卫生技术评估,监管与官方机构,世界卫生组织 新闻 WHO News,World Health Organization (WHO),en,INT,列表页,P1,直连,10,WHO 新闻稿、媒体声明、总干事讲话与疫情通报,page-ok,page-ok,,https://www.who.int/news,https://www.who.int/rss-feeds/news-english.xml,⚠️ 官方 RSS 已事实停更，必须走 HTML：https://www.who.int/rss-feeds/news-english.xml 今日 200、25 条、解析正常，但最新条目是 **2026-02-25（207 天前）**，往前是 2026-01-24、2025-07-30——已经不是节奏问题而是停更。按本协议 60 天规则判定为死 feed，仅作 endpoint_alt 备查。今日另测 /api/news/newsreleases、/rss-feeds/news-releases-english.xml、/rss-feeds/disease-outbreak-news-english.xml、/feeds/entity/mediacentre/news/en/rss.xml 全部 404，且 /news 页面 HTML 里不含任何 rss/xml 链接——WHO 总部现已,who-news
三、审批监管：监管机构、医保与卫生技术评估,监管与官方机构,世界卫生组织 出版物与指南 WHO Publications,World Health Organization (WHO),en,INT,列表页,P1,直连,15,WHO 全部出版物：临床指南、技术报告、必需药品示范目录、立场文件,page-ok,page-ok,,https://www.who.int/publications/i,https://www.who.int/publications/who-guidelines,无 feed，只能解析列表页（WHO 总部已无可用 RSS，见 who-news 行）。出版物量大，建议按 type=guideline 过滤后再进推送。,who-publications
三、审批监管：监管机构、医保与卫生技术评估,监管与官方机构,世界卫生组织 预认证 WHO Prequalification,WHO Prequalification of Medical Products,en,INT,列表页,P2,直连,2,药品、疫苗、体外诊断试剂的 WHO 预认证结果与名录变更,page-ok,page-ok,,https://extranet.who.int/prequal/news,https://extranet.who.int/prequal/vaccines,独立于 who.int 主站的 extranet 子域，今日 200 可达。量小但每条都是明确事件（某产品通过/退出预认证），信噪比高。,who-prequalification
三、审批监管：监管机构、医保与卫生技术评估,监管与官方机构,国际人用药品注册技术协调会 ICH News,International Council for Harmonisation (ICH),en,INT,列表页,P1,直连,1,ICH 指导原则（E/Q/S/M 系列）的新版、征求意见与大会决议,page-ok,page-ok,,https://www.ich.org/news,https://www.ich.org/page/press-releases,无 RSS，解析列表页。量很小（月级）但每条权重极高，E9(R1)、E6(R3) 这类更新会直接改变临床试验设计要求。中文侧的落地转化看 CDE 指导原则（cde-guidance-principles）。,ich-news
三、审批监管：监管机构、医保与卫生技术评估,监管与官方机构,日本PMDA 英文站 PMDA English,"Pharmaceuticals and Medical Devices Agency (PMDA), Japan",en,JP,列表页,P1,直连,3,PMDA 英文『What's New』：审批信息、审查报告、指南与安全措施,page-ok,page-ok,,https://www.pmda.go.jp/english/,https://www.pmda.go.jp/english/review-services/reviews/approved-information/drugs/0002.html,英文站首页即 What's New 列表，无 RSS。endpoint_alt 是新药审批信息页（含英文审查报告 PDF），做药品评价时价值高于新闻本身。,pmda-english
三、审批监管：监管机构、医保与卫生技术评估,监管与官方机构,加拿大卫生部 新闻 Health Canada News,Health Canada / Government of Canada,en,CA,列表页,P2,海外中继,5,加拿大卫生部新闻稿：审批、法规修订、公共卫生措施,page-ok,failed,,https://www.canada.ca/en/health-canada/news.html,https://api.io.canada.ca/io-server/gc/news/en/v2?sort=publishedDate&orderBy=desc&pick=50&format=json,"⚠️ 政府新闻 API 的部门过滤是坏的：https://api.io.canada.ca/io-server/gc/news/en/v2 不带 dept 时正常返回条目（今日验证），但 dept=healthcanada / health-canada / hc-sc 三种写法都返回 `{""feed"":{""entry"":[]}}`，format=atom 时同样是 0 条。要用 API 就只能拉全政府新闻再按 link 里含 /health-canada/ 过滤（endpoint_alt 即此用法）；否则直接解析 news.html。",health-canada-news
三、审批监管：监管机构、医保与卫生技术评估,监管与官方机构,澳大利亚TGA 新闻 TGA News,"Therapeutic Goods Administration (TGA), Australia",en,AU,列表页,P2,海外中继,4,TGA 新闻与活动：审批决定、法规变更、咨询与媒体发布,page-ok,failed,,https://www.tga.gov.au/news,https://www.tga.gov.au/news/media-releases,无 RSS，解析列表页。注意该站 HTTP/2 偶发 INTERNAL_ERROR（今日抓取中出现过一次流未正常关闭），抓取端建议允许降级到 HTTP/1.1 并重试。,tga-news
三、审批监管：监管机构、医保与卫生技术评估,监管与官方机构,新加坡卫生科学局 公告 HSA Announcements,"Health Sciences Authority (HSA), Singapore",en,SG,列表页,P2,直连,2,HSA 公告：注册与审批、法规更新、产品管制措施,page-ok,page-ok,,https://www.hsa.gov.sg/announcements,,/announcements 会 301 到带尾斜杠的 /announcements/，抓取端需跟随跳转。子栏目 /announcements/regulatory-updates 今日 404，不要用。,hsa-singapore
三、审批监管：监管机构、医保与卫生技术评估,监管与官方机构,香港特区政府 新闻公报（含卫生署）,Hong Kong SAR Government Information Services Department,multi,HK,订阅源,P1,直连,100,香港特区政府全部新闻公报，其中含卫生署、药物办公室与医院管理局的公告,feed-ok,feed-ok,,https://www.info.gov.hk/gia/rss/general_en.xml,https://www.info.gov.hk/gia/rss/general_tc.xml,⚠️ 这是全政府 feed，不是卫生专用：今日 100 条、近 7 天 101 条、最新就是今天，质量极好但医疗相关只占小部分，**必须按标题/正文过滤**（卫生署、药物办公室、医院管理局、食物及卫生等关键词）。今日另测 /gia/rss/health_en.xml 与 /gia/ISD_RSS_tc.xml 均 404，卫生专用分类 feed 不存在。药物办公室自己的站点 drugoffice.gov.hk 的新闻路径今日 404 且页面编码损坏，不建议直连。,hk-govt-press-releases
三、审批监管：监管机构、医保与卫生技术评估,监管与官方机构,台湾食药署 本署公告 TFDA,衛生福利部食品藥物管理署（TFDA）,zh,TW,列表页,P2,海外中继,5,台湾食药署公告：药品许可、法规修订、标准与检验方法,page-ok,failed,,https://www.fda.gov.tw/TC/news.aspx,,⚠️ 入口要选对：https://www.fda.gov.tw/TC/news.aspx 会 301 到 ?cid=3 并正常返回『本署公告』（今日 200）；而 /TC/newsList.aspx 与站点首页 /TC/index.aspx 都不可用——前者重定向到 errormsg.html、后者今日 35 s 连接超时。站点对境外访问不稳定，抓取端要设重试与更长超时。,taiwan-fda-announcements
三、审批监管：监管机构、医保与卫生技术评估,监管与官方机构,国家药监局 创新药械审批信息专题,国家药品监督管理局 NMPA,zh,CN,列表页,P1,云端浏览器,3,国家药监局批准的创新药品与创新医疗器械逐条公告（含附条件批准），标题即『国家药监局批准XX』,blocked,blocked,ruishu,https://www.nmpa.gov.cn/zhuanti/cxylqx/index.html,https://www.nmpa.gov.cn/zhuanti/cxylqx/cxypxx/index.html,栏目真实性有旁证：今日可直读的 cde.org.cn 首页挂出 /zhuanti/cxylqx/index.html，cdr-adr.org.cn 首页挂出该栏目下四条正文（/zhuanti/cxylqx/cxypxx/20260903111247181.html 等，标题为『国家药监局批准芮特韦拜单抗…』『国家药监局附条件批准…』）。索引页本身今日 412 + 瑞数，与 nmpa.gov.cn 全站一致。,nmpa-innovative-approvals
四、药物安全：安全通告、药物警戒与药学期刊,安全通告与药物警戒,美国FDA MedWatch 安全警示 MedWatch Safety Alerts,U.S. Food and Drug Administration,en,US,订阅源,P2,海外中继,5,FDA 医疗产品安全警示：说明书安全性修订、召回、用药错误与不良事件通报的统一发布口,feed-ok,failed,,https://www.fda.gov/about-fda/contact-fda/stay-informed/rss-feeds/medwatch/rss.xml,https://www.fda.gov/safety/medical-product-safety-information | https://www.federalregister.gov/api/v1/documents.json?conditions[agencies][]=food-and-drug-administration&order=newest&per_page=20,www.fda.gov 对部分数据中心 IP 返回 abuse-detection 道歉页（本机 2026-09-21 正常，北京生产机曾被挡）；生产环境优先走 api.fda.gov / federalregister.gov API 备份。,fda-medwatch-safety-alerts
四、药物安全：安全通告、药物警戒与药学期刊,安全通告与药物警戒,美国FDA 药物安全通讯 Drug Safety Communications,U.S. FDA Center for Drug Evaluation and Research (CDER),en,US,列表页,P2,海外中继,1,DSC 正文：某药新增黑框警告 / 新风险信号的完整论证与用药建议,page-ok,failed,,https://www.fda.gov/drugs/drug-safety-and-availability/drug-safety-communications,https://www.fda.gov/about-fda/contact-fda/stay-informed/rss-feeds/medwatch/rss.xml | https://www.federalregister.gov/api/v1/documents.json?conditions[agencies][]=food-and-drug-administration&order=newest&per_page=20,已确认列表为服务端渲染的 <table>：43 行，日期格式 9-15-2026（非 ISO，verifier 的 dates_on_page 会低估）。本页无 RSS，MedWatch feed 会转发同一批条目。www.fda.gov 对部分数据中心 IP 返回 abuse-detection 道歉页（本机 2026-09-21 正常，北京生产机曾被挡）；生产环境优先走 api.fda.gov / federalregister.gov API 备份。,fda-drug-safety-communications
四、药物安全：安全通告、药物警戒与药学期刊,安全通告与药物警戒,美国FDA 召回与安全警示 Recalls/Safety Alerts,U.S. Food and Drug Administration,en,US,订阅源,P2,海外中继,10,企业召回公告（含药品、食品、器械），按公司与批号列出原因与分级,feed-ok,failed,,https://www.fda.gov/about-fda/contact-fda/stay-informed/rss-feeds/recalls/rss.xml,https://api.fda.gov/drug/enforcement.json?search=report_date:%5B20260801+TO+20260930%5D&sort=report_date:desc&limit=5,feed 混合了食品与器械召回，药品需按标题/分类过滤；结构化字段请走 openFDA enforcement。www.fda.gov 对部分数据中心 IP 返回 abuse-detection 道歉页（本机 2026-09-21 正常，北京生产机曾被挡）；生产环境优先走 api.fda.gov / federalregister.gov API 备份。,fda-recalls-safety-alerts
四、药物安全：安全通告、药物警戒与药学期刊,安全通告与药物警戒,openFDA 药品召回（enforcement）API,U.S. FDA openFDA,en,US,开放接口,P0,直连,30,结构化药品召回记录：召回原因、分级、批号、数量、发起公司、州别,api-ok,api-ok,,https://api.fda.gov/drug/enforcement.json?search=report_date:%5B20260801+TO+20260930%5D&sort=report_date:desc&limit=5,https://api.fda.gov/drug/enforcement.json?sort=report_date:desc&limit=100,按 report_date 窗口滚动查询；无 key 时限 240 请求/分钟、1000 次/天，建议申请免费 api_key。openFDA 数据比网页慢几天，实时性以 RSS 为准。,openfda-drug-enforcement-api
四、药物安全：安全通告、药物警戒与药学期刊,安全通告与药物警戒,openFDA 不良事件（FAERS/AEMS）API,U.S. FDA openFDA,en,US,开放接口,P0,直连,0,FAERS 个例不良事件报告全量（按接收日期滚动），支持 count 聚合出 PT 频次,api-ok,api-ok,,https://api.fda.gov/drug/event.json?search=receivedate:%5B20260601+TO+20260921%5D&limit=1,https://api.fda.gov/drug/event.json?search=receivedate:%5B20260601+TO+20260921%5D&count=patient.reaction.reactionmeddrapt.exact,轮询目的是发现季度刷新（meta.last_updated / meta.results.total 变化），而不是抓每条个例。,openfda-drug-event-faers-api
四、药物安全：安全通告、药物警戒与药学期刊,安全通告与药物警戒,美国FDA 药品短缺（openFDA shortages）API,U.S. FDA openFDA,en,US,开放接口,P0,直连,20,在册短缺/已解决药品清单：通用名、剂型、公司、短缺原因、预计恢复时间、状态变更日期,api-ok,api-ok,,https://api.fda.gov/drug/shortages.json?sort=update_date:desc&limit=5,https://www.accessdata.fda.gov/scripts/drugshortages/default.cfm | https://www.fda.gov/drugs/drug-safety-and-availability/drug-shortages,FDA 药品短缺没有官方 RSS；网页版 accessdata 列表可作人工核对（同日探测 page-ok，677 个链接）。,openfda-drug-shortages-api
四、药物安全：安全通告、药物警戒与药学期刊,安全通告与药物警戒,美国FDA FAERS/AEMS 季度潜在风险信号,U.S. FDA CDER,en,US,列表页,P2,海外中继,0,季度公布：FAERS 数据挖掘出的「潜在严重风险信号」及 FDA 正在采取的行动,page-ok,failed,,https://www.fda.gov/drugs/fda-adverse-event-monitoring-system-aems/new-safety-information-or-potential-signals-serious-risks-identified-fda-adverse-event-monitoring,https://api.fda.gov/drug/event.json?search=receivedate:%5B20260601+TO+20260921%5D&limit=1 | https://www.federalregister.gov/api/v1/documents.json?conditions[agencies][]=food-and-drug-administration&order=newest&per_page=20,2026 年 FDA 把 FAERS 更名为 AEMS，旧 URL（.../questions-and-answers-fdas-adverse-event-reporting-system-faers/potential-signals-...）已 302 到 page-not-found——旧链接在很多综述里仍被引用，必须换成本行的 AEMS 路径。每季度更新一次，无 RSS。,fda-aems-potential-signals
四、药物安全：安全通告、药物警戒与药学期刊,安全通告与药物警戒,美国FDA FAERS/AEMS 季度数据文件,U.S. FDA CDER,en,US,列表页,P2,海外中继,0,季度 ASCII/XML 原始数据包发布（新一季上线即为一次事件）,page-ok,failed,,https://www.fda.gov/drugs/fda-adverse-event-monitoring-system-aems/fda-adverse-event-monitoring-system-aems-latest-quarterly-data-files,https://api.fda.gov/drug/event.json?search=receivedate:%5B20260601+TO+20260921%5D&limit=1,页面本身条目极少（每季一行），靠 diff 链接文本判断新季度；同样已随 FAERS→AEMS 改名迁移 URL。,fda-aems-quarterly-data-files
四、药物安全：安全通告、药物警戒与药学期刊,安全通告与药物警戒,美国FDA 说明书安全性修订数据库 SrLC,U.S. FDA CDER,en,US,列表页,P2,海外中继,15,每月汇总：哪些产品的 BOXED WARNING / WARNINGS / ADVERSE REACTIONS 段落发生了修订,page-ok,failed,,https://www.accessdata.fda.gov/scripts/cder/safetylabelingchanges/,https://dailymed.nlm.nih.gov/dailymed/rss.cfm | https://www.federalregister.gov/api/v1/documents.json?conditions[agencies][]=food-and-drug-administration&order=newest&per_page=20,"页面 HTTP 200 但正文是检索表单（2 个 table、无日期文本，最近的月份文字停在 ""January 2016""），page-ok 在这里是假阳性；已复测 event=searchResult.page 仍 302 回表单页。真正的机读替代是 DailyMed（本文件另有一行）。",fda-srlc-safety-labeling-changes
四、药物安全：安全通告、药物警戒与药学期刊,安全通告与药物警戒,DailyMed 说明书更新（近七天）,U.S. National Library of Medicine,en,US,订阅源,P1,直连,800,全美处方药 SPL 说明书的每日更新流（近七天 851 条）,feed-ok,feed-ok,,https://dailymed.nlm.nih.gov/dailymed/rss.cfm,https://dailymed.nlm.nih.gov/dailymed/services/v2/spls.json?published_date=2026-09-01&pagesize=100,单次 449KB、851 条，且只覆盖最近 7 天——轮询间隔必须 ≤ 1 天；结构化字段走 DailyMed REST v2。,dailymed-label-updates
四、药物安全：安全通告、药物警戒与药学期刊,安全通告与药物警戒,英国MHRA 药物安全通报 Drug Safety Update,Medicines and Healthcare products Regulatory Agency (UK),en,UK,订阅源,P0,直连,1,MHRA 每月安全通报：风险结论 + 给处方者的明确行动建议,feed-ok,feed-ok,,https://www.gov.uk/drug-safety-update.atom,https://www.gov.uk/api/search.json?filter_organisations=medicines-and-healthcare-products-regulatory-agency&order=-public_timestamp&count=20,月刊，探测日最新一期为 2026-09-02（18 天）属正常节奏，不是死 feed。,mhra-drug-safety-update
四、药物安全：安全通告、药物警戒与药学期刊,安全通告与药物警戒,英国MHRA 警示与召回 Alerts and recalls,Medicines and Healthcare products Regulatory Agency (UK),en,UK,订阅源,P0,直连,6,药品/器械的国家级召回、批次撤回、现场安全通知（NatPSA、CAS 警示）,feed-ok,feed-ok,,https://www.gov.uk/drug-device-alerts.atom,,,mhra-alerts-recalls
四、药物安全：安全通告、药物警戒与药学期刊,安全通告与药物警戒,欧洲EMA PRAC 安全信号建议,European Medicines Agency,en,EU,列表页,P0,直连,1,PRAC 每月例会对安全信号的正式建议（要求修改说明书、启动评估、无需行动）,page-ok,page-ok,,https://www.ema.europa.eu/en/human-regulatory-overview/post-authorisation/pharmacovigilance-post-authorisation/signal-management/prac-recommendations-safety-signals,https://www.ema.europa.eu/en/agendas-and-minutes.xml,单页 2.5MB、189 个日期，服务端渲染整张历史表——抓取时只取最新会期，不要每次全量解析。EMA 官方 RSS 目录（/en/news-events/rss-feeds）里没有 PRAC 专用 feed，会议要点会出现在 /en/news.xml。,ema-prac-safety-signals
四、药物安全：安全通告、药物警戒与药学期刊,安全通告与药物警戒,欧洲EMA 致医务人员公开信 DHPC,European Medicines Agency,en,EU,列表页,P1,直连,1,DHPC：欧盟批准的、由上市许可持有人直接发给医务人员的紧急安全信,page-ok,page-ok,,https://www.ema.europa.eu/en/human-regulatory-overview/post-authorisation/pharmacovigilance-post-authorisation/direct-healthcare-professional-communications,https://www.ema.europa.eu/en/news.xml,已核对页面结构：主体是 32 行「成员国 → 本国 DHPC 登记册链接」的表格，不是 DHPC 条目列表；URL 会 301 到 ...-dhpc 结尾的新地址。,ema-dhpc
四、药物安全：安全通告、药物警戒与药学期刊,安全通告与药物警戒,欧洲EMA 药品短缺与供应问题,European Medicines Agency,en,EU,列表页,P1,直连,1,欧盟层面的短缺目录与供应风险公告（含关键药品清单动向）,page-ok,page-ok,,https://www.ema.europa.eu/en/human-regulatory-overview/post-authorisation/medicine-shortages-and-availability-issues,https://www.ema.europa.eu/en/whats-new.xml,探测 URL 会 301 到 .../medicine-shortages-availability-issues（少一个 and）；EMA 的 RSS 目录里确无短缺 feed。,ema-medicine-shortages
四、药物安全：安全通告、药物警戒与药学期刊,安全通告与药物警戒,加拿大 召回与安全警示（健康产品）,Health Canada,en,CA,列表页,P2,海外中继,12,加拿大药品/器械/自然健康产品的召回、公众公告与外国风险通报,page-ok,blocked,http-403,https://recalls-rappels.canada.ca/en/search/site?f%5B0%5D=category%3A3,https://recalls-rappels.canada.ca/en,旧接口 healthycanadians.gc.ca/recall-alert-rappel-avis/api/recent/en 仍返回 200，但数据停在 2021-10 —— 已死，不要再用。,health-canada-recalls-health-products
四、药物安全：安全通告、药物警戒与药学期刊,安全通告与药物警戒,加拿大 健康产品通讯 Health Product InfoWatch,Health Canada MedEffect,en,CA,列表页,P2,海外中继,1,每月通讯：新出现的安全信号、说明书更新摘要、用药错误案例,page-ok,failed,,https://www.canada.ca/en/health-canada/services/drugs-health-products/medeffect-canada/health-product-infowatch.html,,每月一期，页面列出近年各期链接；无 RSS。,health-canada-infowatch
四、药物安全：安全通告、药物警戒与药学期刊,安全通告与药物警戒,澳大利亚TGA 安全警示 Safety alerts,Therapeutic Goods Administration (Australia),en,AU,列表页,P2,海外中继,3,TGA 安全警示与召回（含未批准/网售产品风险提示）与医药安全更新,page-ok,failed,,https://www.tga.gov.au/safety/safety-alerts,https://www.tga.gov.au/news/media-releases,首次探测 page-ok（155 链接 / 9 个日期，URL 301 到 /safety/safety-monitoring-and-information/safety-alerts）；同一分钟内的第 2、3 次抓取被掐断（HTTP/2 INTERNAL_ERROR、超时），说明有速率限制——务必放慢节奏。,tga-safety-alerts
四、药物安全：安全通告、药物警戒与药学期刊,安全通告与药物警戒,新西兰Medsafe 安全通讯 Safety Communications,Medsafe (New Zealand Medicines and Medical Devices Safety Authority),en,NZ,列表页,P1,直连,1,Medsafe 警示与「Monitoring Medicine」更新（如 GLP-1 与急性视力丧失、阿托西汀与男性乳腺发育）,page-ok,page-ok,,https://www.medsafe.govt.nz/safety/SafetyCommunications.asp,https://www.medsafe.govt.nz/hot/ProductRecallInformation/ProductRecallHome.asp,已核对列表为服务端渲染（20 条带日期，如 3 August 2026）；注意 /profs/PUArticles/ 目录返回 403，只有 .asp 页面可抓。,medsafe-safety-communications
四、药物安全：安全通告、药物警戒与药学期刊,安全通告与药物警戒,新西兰Medsafe 处方者更新 Prescriber Update,Medsafe (New Zealand),en,NZ,列表页,P1,直连,1,季刊文章：不良反应个案分析、处方注意事项、药物相互作用提醒,page-ok,page-ok,,https://www.medsafe.govt.nz/profs/PUarticles.asp,https://www.medsafe.govt.nz/publications/prescriber-update.asp,endpoint 是「最新文章」页；历史期在 /profs/PUPDF.asp。,medsafe-prescriber-update
四、药物安全：安全通告、药物警戒与药学期刊,安全通告与药物警戒,日本PMDA 安全对策更新（RSS）,Pharmaceuticals and Medical Devices Agency (Japan),ja,JP,订阅源,P0,直连,5,PMDA「安全対策」栏目更新：使用上注意改订、紧急安全性情报、回收信息,feed-ok,feed-ok,,https://www.pmda.go.jp/rss_018.xml,https://www.pmda.go.jp/english/safety/info-services/drugs/revision-of-precautions/0001.html,PMDA 日文站有 rss_015–rss_021 共 7 个栏目 feed，018 = 安全对策（探测 47 条，最新 2026-09-18）；英文站无 RSS，只有静态列表页。,pmda-safety-rss
四、药物安全：安全通告、药物警戒与药学期刊,安全通告与药物警戒,日本PMDA 使用注意事项修订（英文）,Pharmaceuticals and Medical Devices Agency (Japan),en,JP,列表页,P1,直连,1,英文版「Revision of PRECAUTIONS」：按月列出被要求修订说明书的品种与新增风险,page-ok,page-ok,,https://www.pmda.go.jp/english/safety/info-services/drugs/revision-of-precautions/0001.html,https://www.pmda.go.jp/rss_018.xml,英文页更新比日文站滞后约 1–2 个月；日期不在列表文本里（verifier dates_on_page=0 属正常）。,pmda-english-revision-of-precautions
四、药物安全：安全通告、药物警戒与药学期刊,安全通告与药物警戒,新加坡HSA 安全警示 Safety Alerts,Health Sciences Authority (Singapore),en,SG,列表页,P1,直连,2,HSA 安全警示：掺杂中成药/保健品、境外风险跟进、本地不良反应通报,page-ok,page-ok,,https://www.hsa.gov.sg/announcements?contentType=Safety%20Alerts,https://www.hsa.gov.sg/announcements,首探 page-ok（3.4MB，2095 个日期串），但随后两次抓取被拒（0 字节），有速率限制；列表条目只有少量以纯 HTML 渲染，正文条目疑似由页面内 JSON 负载驱动，接入时先验证解析路径。,hsa-singapore-safety-alerts
四、药物安全：安全通告、药物警戒与药学期刊,安全通告与药物警戒,瑞士Swissmedic 药品安全（RSS）,Swissmedic,en,CH,订阅源,P1,直连,2,Swissmedic 药品安全条目：HPC/DHPC 致医务人员信、批次召回、风险通报,feed-ok,feed-ok,,https://fetchrss.com/feed/X-CSwP0MWGVCaCbucMe8csni.rss,https://www.swissmedic.ch/swissmedic/en/home/humanarzneimittel/market-surveillance.html,官方 RSS 页面本身就把 feed 托管在第三方 fetchrss.com（Swissmedic 自己不发 XML），探测时还会 302 到另一个 fetchrss id（1krK9gCei6k61uFpqa4i4DRa）——脆弱，需监控。,swissmedic-safety-of-medicines
四、药物安全：安全通告、药物警戒与药学期刊,安全通告与药物警戒,世卫组织 医疗产品警报 WHO Medical Product Alerts,World Health Organization,en,INT,列表页,P1,直连,0,全球假药/劣药警报：涉及品牌、批号、发现国家与 WHO 的处置建议,page-ok,page-ok,,https://www.who.int/teams/regulation-prequalification/incidents-and-SF/full-list-of-who-medical-product-alerts,"https://www.who.int/api/news/newsitems?sf_provider=OpenAccessDataProvider&sf_culture=en&%24top=50&%24orderby=PublicationDateAndTime%20desc&%24select=Title,ItemDefaultUrl,FormatedDate,NewsType",已核对为服务端渲染（条目带日期与 Medical product alert 标签）；年均约 7 条。备选的 who.int OData 新闻接口返回 NewsType 字段，可客户端过滤 'Medical product alert'。,who-medical-product-alerts
四、药物安全：安全通告、药物警戒与药学期刊,安全通告与药物警戒,世卫组织 药物通讯 WHO Pharmaceuticals Newsletter,World Health Organization,en,INT,列表页,P1,直连,0,双月刊：各国药物警戒中心的监管行动汇编 + ACSoMP 咨询委员会建议,page-ok,page-ok,,https://www.who.int/publications/b/77229,"https://www.who.int/api/news/newsitems?sf_provider=OpenAccessDataProvider&sf_culture=en&%24top=50&%24orderby=PublicationDateAndTime%20desc&%24select=Title,ItemDefaultUrl,FormatedDate,NewsType",页面 HTTP 200 但正文条目不在 HTML 里（原始 HTML 中 /publications/i/item 链接为 0 条），是 JS 渲染的发布物列表——page-ok 在这里是假阳性，接入必须走渲染。2026 年第 1 期发布于 2026-04-28。,who-pharmaceuticals-newsletter
四、药物安全：安全通告、药物警戒与药学期刊,安全通告与药物警戒,乌普萨拉监测中心 Uppsala Reports,Uppsala Monitoring Centre (WHO Collaborating Centre),en,INT,列表页,P2,直连,1,UMC 的药物警戒专业文章、VigiBase 方法学与全球信号检测实践,page-ok,page-ok,,https://who-umc.org/pharmacovigilance-communications/uppsala-reports/,https://who-umc.org/pharmacovigilance-communications/drug-safety-matters/,who-umc.org 没有 /news/ 页（404），新闻即 Uppsala Reports 文章；列表无日期文本，需按链接 diff。,umc-uppsala-reports
四、药物安全：安全通告、药物警戒与药学期刊,安全通告与药物警戒,ISMP 用药安全警示 Medication Safety Alert!,Institute for Safe Medication Practices (ECRI),en,US,仅邮件,P2,暂无,2,用药错误与高警示药品的实战警示（look-alike/sound-alike、输液浓度、器械配伍）,page-ok,page-ok,,https://www.ismp.org/alerts,,探测时 /alerts 302 到 sts.ecri.org 登录页（verifier 给的 page-ok 实际是登录页，属假阳性）；ismp.org 无 RSS（/rss 404）。,ismp-medication-safety-alert
四、药物安全：安全通告、药物警戒与药学期刊,安全通告与药物警戒,ISMP Canada 用药安全公报,ISMP Canada,en,CA,列表页,P2,海外中继,1,公开的用药差错公报：个案还原 + 系统性改进建议,page-ok,blocked,cloudflare,https://ismpcanada.ca/safety-bulletins/,,官方 WordPress feed（https://ismpcanada.ca/feed/）探测为 0 条，已弃用，改抓列表页。,ismp-canada-safety-bulletins
四、药物安全：安全通告、药物警戒与药学期刊,安全通告与药物警戒,国家药品不良反应监测中心 安全警示,国家药品监督管理局药品评价中心（国家药品不良反应监测中心）,zh,CN,列表页,P0,直连,1,国家级药物警戒安全警示栏目（含药品不良反应信息通报、警戒快讯）,page-ok,page-ok,,https://www.cdr-adr.org.cn/drug_1/aqjs_1/,https://www.cdr-adr.org.cn/drug_1/adrReport_1/,站点无反爬，列表服务端渲染（20 条带日期）；与 04-regulators 里的 tzgg_home/中心新闻是不同栏目，不重复。,cdr-adr-safety-warnings
四、药物安全：安全通告、药物警戒与药学期刊,安全通告与药物警戒,药物警戒快讯（月刊）,国家药品监督管理局药品评价中心,zh,CN,列表页,P0,直连,1,每期汇编各国监管机构当月安全措施（FDA/EMA/MHRA/PMDA 等）的中文摘要,page-ok,page-ok,,https://www.cdr-adr.org.cn/drug_1/aqjs_1/drug_aqjs_jjkx/,,探测日最新为 2026 年第 8 期（总第 280 期，2026-08-25）；每月 1 期。,cdr-adr-pv-newsletter
四、药物安全：安全通告、药物警戒与药学期刊,安全通告与药物警戒,广东省药学会 通知公告（超说明书用药目录）,广东省药学会,zh,CN,列表页,P1,直连,1,学会通知公告：超说明书用药目录与专家共识、团体标准征求意见与发布,page-ok,page-ok,,http://www.sinopharmacy.com.cn/notification,http://www.sinopharmacy.com.cn/download | http://www.sinopharmacy.com.cn/activity,https://www.sinopharmacy.com.cn 超时，必须用 http://www.sinopharmacy.com.cn；列表带【2026-09-21】式日期。,gd-pharm-society-notifications
四、药物安全：安全通告、药物警戒与药学期刊,安全通告与药物警戒,中国药学会,中国药学会,zh,CN,列表页,P2,直连,1,学会通知、团体标准征求意见、学术会议与科技奖励公告,page-ok,page-ok,,https://www.cpa.org.cn/,,首页条目链接形如 ?do=info&cid=<n>，HTML 里不带日期，抓取需按 cid 递增去重；猜测的栏目 URL（?do=info&cid=1）返回 1KB 空页，勿用。,china-pharmaceutical-association
三、审批监管：监管机构、医保与卫生技术评估,卫生技术评估、医保与准入,英国NICE 技术评估 Technology Appraisals,National Institute for Health and Care Excellence (UK),en,UK,列表页,P2,云端浏览器,3,NICE 技术评估（TA）发布与在研清单：某药是否被 NHS 推荐、推荐人群与证据理由,blocked,blocked,http-403,https://www.nice.org.uk/guidance/published?type=ta,https://www.nice.org.uk/guidance/published/rss?type=ta | https://www.nice.org.uk/news,本机三条 NICE 路径（/guidance/published、/guidance/published/rss、含 type=ta 的变体）全部 403；同日另一采集者从同一机器拿到过 /news 的 200，说明是按路径/频率的风控而非整站封禁——接入前必须实测。,nice-technology-appraisals
三、审批监管：监管机构、医保与卫生技术评估,卫生技术评估、医保与准入,美国ICER 评估与新闻 ICER News & Insights,Institute for Clinical and Economic Review,en,US,列表页,P1,直连,2,ICER 价值评估报告发布、公平定价基准（value-based price benchmark）、政策评论,page-ok,page-ok,,https://icer.org/news-insights/,https://icer.org/feed/,https://icer.org/feed/ 探测 200 但只有 2 条、最新 2026-05-15（129 天前）——按协议属死 feed，已降级为备选。,icer-news-assessments
三、审批监管：监管机构、医保与卫生技术评估,卫生技术评估、医保与准入,加拿大药品管理局 CDA-AMC（原CADTH）,Canada's Drug Agency (CDA-AMC),en,CA,列表页,P2,云端浏览器,5,报销评估（Reimbursement Review）结论、卫生技术评估报告、临床与经济学证据摘要,blocked,blocked,cloudflare,https://www.cda-amc.ca/reports,https://www.cda-amc.ca/news,/reports 与 /news 两条路径均返回 'Just a moment...' 质询页。,cda-amc-reimbursement-reviews
三、审批监管：监管机构、医保与卫生技术评估,卫生技术评估、医保与准入,德国IQWiG 新闻（英文）,Institute for Quality and Efficiency in Health Care (IQWiG),en,DE,列表页,P1,直连,2,德国早期获益评估（AMNOG）结论、方法学报告、卫生经济学评估的英文摘要,page-ok,page-ok,,https://www.iqwig.de/en/presse/press-releases/,,列表日期不在纯文本里（verifier dates_on_page=0 属正常）；德文站更新更快。,iqwig-press-releases
三、审批监管：监管机构、医保与卫生技术评估,卫生技术评估、医保与准入,苏格兰SMC 用药建议 Medicines advice,Scottish Medicines Consortium,en,UK,列表页,P1,直连,2,SMC 对新药在苏格兰 NHS 的接受/限制/不推荐结论（含患者准入方案 PACE）,page-ok,page-ok,,https://www.scottishmedicines.org.uk/medicines-advice/,,无 RSS；列表按月更新，日期不在文本中。,smc-scotland-advice
三、审批监管：监管机构、医保与卫生技术评估,卫生技术评估、医保与准入,澳大利亚PBAC 评审结果 PBAC Outcomes,Pharmaceutical Benefits Advisory Committee / PBS (Australia),en,AU,列表页,P2,海外中继,1,PBAC 每次例会对各申报品种的推荐/不推荐结论与公开摘要（PSD）,page-ok,failed,,https://www.pbs.gov.au/info/industry/listing/elements/pbac-meetings/pbac-outcomes,,URL 会 301 到 /industry/...（去掉 /info）；每年约 3–4 次例会，属事件型来源。,pbac-outcomes-australia
三、审批监管：监管机构、医保与卫生技术评估,卫生技术评估、医保与准入,ISPOR 新闻（国际药物经济学与结果研究学会）,ISPOR — The Professional Society for Health Economics and Outcomes Research,en,INT,列表页,P1,直连,2,HEOR 领域的学会动态、方法学白皮书、优良研究规范（Good Practices）发布,page-ok,page-ok,,https://www.ispor.org/heor-resources/news-top/news,https://www.ispor.org/heor-resources/news-top/heor-news-desk,/news 与 /news-top 都 404，真实路径是 /heor-resources/news-top/news（列表带日期，服务端渲染）。,ispor-news
三、审批监管：监管机构、医保与卫生技术评估,卫生技术评估、医保与准入,《健康事务》Health Affairs,Project HOPE / Health Affairs,en,US,订阅源,P2,海外中继,4,卫生政策与卫生经济学同行评议研究（药价、医保覆盖、支付方式改革）,feed-ok,blocked,cloudflare,https://www.healthaffairs.org/action/showFeed?type=etoc&feed=rss&jc=hlthaff,https://www.healthaffairs.org/forefront,Forefront 的 Atypon feed（jc=forefront）404，栏目页返回 'Just a moment...' 质询；本行用的是正刊 etoc feed。,health-affairs-journal
三、审批监管：监管机构、医保与卫生技术评估,卫生技术评估、医保与准入,世卫组织 基本药物专家委员会 / EML,World Health Organization,en,INT,列表页,P2,直连,0,EML/EMLc 基本药物示范目录的修订、申请受理与专家委员会报告（每两年一轮）,page-ok,page-ok,,https://www.who.int/groups/expert-committee-on-selection-and-use-of-essential-medicines,"https://www.who.int/api/news/newsitems?sf_provider=OpenAccessDataProvider&sf_culture=en&%24top=50&%24orderby=PublicationDateAndTime%20desc&%24select=Title,ItemDefaultUrl,FormatedDate,NewsType",页面为委员会主页，条目稀疏；把它当事件哨兵而非新闻流。,who-essential-medicines-committee
三、审批监管：监管机构、医保与卫生技术评估,卫生技术评估、医保与准入,国家医保局 征求意见,国家医疗保障局,zh,CN,列表页,P0,直连,1,医保目录调整方案、支付标准、DRG/DIP 与集采规则的征求意见稿,page-ok,page-ok,,http://www.nhsa.gov.cn/col/col113/index.html,http://www.nhsa.gov.cn/col/col105/index.html,nhsa.gov.cn 在中国大陆直连 200，无反爬；与 04-regulators 的 col104/col109/col14 是不同栏目，不重复。,nhsa-consultations
三、审批监管：监管机构、医保与卫生技术评估,卫生技术评估、医保与准入,国家医保局 政策解读,国家医疗保障局,zh,CN,列表页,P0,直连,2,对目录调整、谈判续约、支付标准等文件的官方解读（口径最权威的白话版）,page-ok,page-ok,,http://www.nhsa.gov.cn/col/col105/index.html,,,nhsa-policy-interpretation
三、审批监管：监管机构、医保与卫生技术评估,卫生技术评估、医保与准入,上海阳光医药采购网 / 国家组织药品联合采购办公室,国家组织药品联合采购办公室（上海市医药集中招标采购事务管理所）,zh,CN,列表页,P1,直连,1,国家组织药品集中带量采购公告：品种目录、申报与中选结果、执行通知,blocked,page-ok,http-403,https://www.smpaa.cn/gjsdcg/,https://www.smpaa.cn/,首页与 /gjsdcg/ 均 403；国家医保局 col109 通常会同步转发集采公告，可作降级来源。,smpaa-joint-procurement
三、审批监管：监管机构、医保与卫生技术评估,卫生技术评估、医保与准入,国家卫健委 药政司（基本药物、药品临床综合评价）,国家卫生健康委员会药物政策与基本药物制度司,zh,CN,列表页,P2,云端浏览器,1,国家基本药物目录、药品临床综合评价、合理用药与短缺药品政策,blocked,blocked,ruishu,https://www.nhc.gov.cn/yaozs/new_index.shtml,http://en.nhc.gov.cn/,探测返回 HTTP 412 + 瑞数特征，纯 GET 不可用（与 04-regulators 对 nhc.gov.cn 的结论一致）。,nhc-drug-policy-department
三、审批监管：监管机构、医保与卫生技术评估,卫生技术评估、医保与准入,中国医疗保险（杂志/门户）,《中国医疗保险》杂志社,zh,CN,列表页,P1,直连,10,医保政策解读、地方经办实践、目录与支付方式改革评论,page-ok,page-ok,,https://www.zgylbx.com/,,首页即最新列表（17 个日期），无 RSS。,zgylbx-china-health-insurance
五、研发产业：产业媒体、药企与试验注册,医药产业媒体（英文）,STAT News,Boston Globe Media,en,US,订阅源,P0,直连,80,生物医药与卫生政策的深度调查报道、FDA 决策内幕、临床数据解读,feed-ok,feed-ok,,https://www.statnews.com/feed/,https://www.statnews.com/category/pharmalot/feed/ | https://www.statnews.com/category/biotech/feed/,主 feed 20 条全部落在 7 天内，轮询需 ≤ 1 天；正文部分付费，标题+摘要可用。,stat-news
五、研发产业：产业媒体、药企与试验注册,医药产业媒体（英文）,STAT Pharmalot 专栏,Boston Globe Media,en,US,订阅源,P0,直连,8,Ed Silverman 的药品定价、专利、药企行为专栏,feed-ok,feed-ok,,https://www.statnews.com/category/pharmalot/feed/,,,stat-pharmalot
五、研发产业：产业媒体、药企与试验注册,医药产业媒体（英文）,STAT Biotech 频道,Boston Globe Media,en,US,订阅源,P0,直连,15,药物研发、临床数据读出与生物技术公司动态,feed-ok,feed-ok,,https://www.statnews.com/category/biotech/feed/,,,stat-biotech
五、研发产业：产业媒体、药企与试验注册,医药产业媒体（英文）,Endpoints News,Endpoints News,en,US,订阅源,P0,直连,100,全球药企研发、融资、审批与人事的高频快讯,feed-ok,feed-ok,,https://endpts.com/feed/,https://endpoints.news/feed/,endpts.com 301 到 endpoints.news；24 条全部落在 7 天内，需高频轮询。,endpoints-news
五、研发产业：产业媒体、药企与试验注册,医药产业媒体（英文）,Fierce Pharma,Questex,en,US,订阅源,P2,海外中继,40,药企商业动态：上市、营销、产能、诉讼、裁员与市场份额,feed-ok,blocked,cloudflare,https://www.fiercepharma.com/rss/xml,,探测日本机 200 / 25 条（feed 无 pubDate，verifier 无 latest 属正常）；已知 fiercepharma.com 会对部分数据中心 IP 走 Cloudflare 质询，生产环境需复测。,fierce-pharma
五、研发产业：产业媒体、药企与试验注册,医药产业媒体（英文）,Fierce Biotech,Questex,en,US,订阅源,P2,海外中继,35,生物技术与器械研发动态、临床试验进展与失败,feed-ok,blocked,cloudflare,https://www.fiercebiotech.com/rss/xml,,feed 条目无 pubDate。,fierce-biotech
五、研发产业：产业媒体、药企与试验注册,医药产业媒体（英文）,BioPharma Dive,Industry Dive (Informa),en,US,订阅源,P0,直连,25,生物制药行业新闻与分析（审批、并购、研发策略）,feed-ok,feed-ok,,https://www.biopharmadive.com/feeds/news/,,,biopharma-dive
五、研发产业：产业媒体、药企与试验注册,医药产业媒体（英文）,BioSpace,BioSpace,en,US,订阅源,P2,海外中继,30,生物制药公司新闻、临床与监管动态、行业就业与融资,feed-ok,blocked,http-202,https://www.biospace.com/index.rss,https://www.biospace.com/rss-feeds,/rss 与 /rss/news/ 均 404，正确地址是 /index.rss（站点另有 /rss-feeds 目录页）。,biospace
五、研发产业：产业媒体、药企与试验注册,医药产业媒体（英文）,PharmaTimes,PharmaTimes Media,en,UK,订阅源,P2,海外中继,12,英国视角的药企与 NHS 采购、审批与市场新闻,feed-ok,blocked,http-403,https://pharmatimes.com/feed/,,,pharmatimes
五、研发产业：产业媒体、药企与试验注册,医药产业媒体（英文）,Pharmaceutical Technology,GlobalData Media,en,UK,列表页,P2,云端浏览器,30,制药工艺、生产、供应链与公司新闻（GlobalData 数据支撑）,blocked,failed,http-403,https://www.pharmaceutical-technology.com/news/,https://www.pharmaceutical-technology.com/feed/,本机两条路径均 403，非 Cloudflare 特征，疑似 WAF 按 ASN 拦截。,pharmaceutical-technology
五、研发产业：产业媒体、药企与试验注册,医药产业媒体（英文）,European Pharmaceutical Review,Russell Publishing,en,EU,列表页,P2,海外中继,15,欧洲制药法规、质量与生产技术、审批动态,page-ok,blocked,http-202,https://www.europeanpharmaceuticalreview.com/?feed=rss2,https://www.europeanpharmaceuticalreview.com/news/,endpoint 实际返回的是首页 HTML（136 个日期，服务端渲染），当作列表页解析即可。,european-pharmaceutical-review
五、研发产业：产业媒体、药企与试验注册,医药产业媒体（英文）,PharmaVoice,Industry Dive (Informa),en,US,订阅源,P2,直连,10,药企组织、人才、商业化与数字化转型报道,feed-ok,feed-ok,,https://www.pharmavoice.com/feeds/news/,,,pharmavoice
五、研发产业：产业媒体、药企与试验注册,医药产业媒体（英文）,GEN（基因工程与生物技术新闻）,Mary Ann Liebert / GEN,en,US,订阅源,P2,海外中继,25,基因/细胞治疗、组学与生物工艺的技术新闻与综述,feed-ok,blocked,cloudflare,https://www.genengnews.com/feed/,,,genengnews
五、研发产业：产业媒体、药企与试验注册,医药产业媒体（英文）,Labiotech.eu,Labiotech UG,en,EU,订阅源,P2,直连,8,欧洲生物技术公司融资、管线与并购,feed-ok,feed-ok,,https://www.labiotech.eu/feed/,,,labiotech
五、研发产业：产业媒体、药企与试验注册,医药产业媒体（英文）,C&EN 制药频道,American Chemical Society,en,US,列表页,P2,直连,5,药物化学、工艺化学与制药产业的化学视角报道,page-ok,page-ok,,https://cen.acs.org/topics/pharmaceuticals.html,,列表条目未随 HTML 输出日期（dated block 仅 1 条为杂志期号），需靠文章链接去重判新。,cen-pharmaceuticals
五、研发产业：产业媒体、药企与试验注册,医药产业媒体（英文）,In the Pipeline（Derek Lowe 专栏）,Science / AAAS,en,US,订阅源,P2,海外中继,4,药物研发一线化学家的评论：机制可信度、数据质量、行业争议,feed-ok,blocked,cloudflare,https://www.science.org/blogs/pipeline/feed,,feed 体积约 1MB / 100 条（Atypon 关键词检索式 feed，标题为 'AAAS: Keyword search for query'），解析需注意内存。,in-the-pipeline
五、研发产业：产业媒体、药企与试验注册,医药产业媒体（英文）,Drug Hunter,Drug Hunter Inc.,en,US,订阅源,P1,直连,5,新药分子解析、每月「值得关注的分子」、靶点与化学策略复盘,feed-ok,feed-ok,,https://drughunter.com/rss.xml,https://drughunter.com/feed,/feed 是 HTML 归档页，真正的 feed 在 /rss.xml（277 条）；部分内容需订阅。,drug-hunter
五、研发产业：产业媒体、药企与试验注册,医药产业媒体（英文）,ApexOnco（原 Evaluate Vantage 肿瘤线）,ApexOnco / Oncology Pipeline,en,UK,订阅源,P0,直连,10,肿瘤临床试验数据读出、管线竞争格局与会议数据解析,feed-ok,feed-ok,,https://www.apexonco.com/rss.xml,,旧域名 oncologypipeline.com/feed 已 404；现用 apexonco.com/rss.xml。,apexonco
五、研发产业：产业媒体、药企与试验注册,医药产业媒体（英文）,Drugs.com 新药批准与FDA警示,Drugs.com,en,US,订阅源,P2,海外中继,8,FDA 新批准药物条目（含适应症与厂家）与 MedWatch 警示的镜像,feed-ok,blocked,http-403,https://www.drugs.com/feeds/new_drug_approvals.xml,https://www.drugs.com/feeds/fda_alerts.xml | https://www.drugs.com/feeds/medical_news.xml,同站还有 fda_alerts.xml（MedWatch 镜像，探测 40 条）等多条 feed，可按需加订。,drugs-com-new-approvals
五、研发产业：产业媒体、药企与试验注册,医药产业媒体（英文）,BioCentury,BioCentury Inc.,en,US,订阅源,P1,直连,20,生物医药政策与交易的深度分析（标题与摘要公开，正文订阅制）,feed-ok,feed-ok,,https://www.biocentury.com/rss/BioCentury.xml,https://www.biocentury.com/rss,feed 本身公开可抓（50 条，19 条在 7 天内）。,biocentury
五、研发产业：产业媒体、药企与试验注册,医药产业媒体（英文）,Medscape 药师频道,WebMD / Medscape,en,US,订阅源,P2,云端浏览器,15,面向药师的临床新闻、用药更新与继续教育摘要,blocked,blocked,cloudflare,https://www.medscape.com/cx/rssfeeds/2700.xml,,探测即被质询，未拿到任何条目。,medscape-pharmacists
五、研发产业：产业媒体、药企与试验注册,医药产业媒体（英文）,PR Newswire 健康类新闻稿总汇,Cision PR Newswire,en,US,订阅源,P1,直连,300,全行业健康类新闻稿原文流（含大量药企公告）,feed-ok,feed-ok,,https://www.prnewswire.com/rss/health-latest-news/health-latest-news-list.rss,,作为公司新闻室的统一兜底来源之一（与 GlobeNewswire 主题 feed 配合）。,prnewswire-health
五、研发产业：产业媒体、药企与试验注册,医药产业媒体（英文）,GlobeNewswire 临床研究主题流,GlobeNewswire (Notified),en,INT,订阅源,P2,海外中继,120,按主题分类的公司公告原文：临床研究结果、试验启动与数据读出,feed-ok,failed,,https://www.globenewswire.com/RssFeed/subjectcode/22-Clinical%20Study/feedTitle/GlobeNewswire%20-%20Clinical%20Study,,主题码可替换（如 22-Clinical Study / 27-Product Approval）；20 条全部当日，属高频流。,globenewswire-clinical-study
五、研发产业：产业媒体、药企与试验注册,药企新闻室,辉瑞 Pfizer 新闻室,Pfizer Inc.,en,US,列表页,P1,直连,3,辉瑞全球新闻稿：临床数据读出、审批、合作与产品召回,page-ok,page-ok,,https://www.pfizer.com/newsroom/press-releases,,页面 200 但原始 HTML 里没有新闻条目链接（dated block 0），属前端渲染；investors.pfizer.com 的 Q4 feed 对本机 403。,pfizer-press-releases
五、研发产业：产业媒体、药企与试验注册,药企新闻室,诺华 Novartis 新闻,Novartis AG,en,CH,列表页,P1,直连,3,诺华全球新闻：媒体稿、审批与数据发布、公司公告,page-ok,page-ok,,https://www.novartis.com/news,,/news/media-releases 已 404，正确入口是 /news（62 个日期，服务端渲染）。,novartis-news
五、研发产业：产业媒体、药企与试验注册,药企新闻室,罗氏 Roche 媒体发布,F. Hoffmann-La Roche AG,en,CH,列表页,P1,直连,3,罗氏媒体稿：肿瘤/神经/诊断产品的数据与审批公告,page-ok,page-ok,,https://www.roche.com/media/releases,,页面 381KB 但 HTML 中没有 /media/releases/<slug> 条目链接，确认为 JS 渲染；/rss/media-releases.xml 404。,roche-media-releases
五、研发产业：产业媒体、药企与试验注册,药企新闻室,默沙东 MSD（Merck & Co.）新闻,"Merck & Co., Inc.",en,US,列表页,P1,直连,3,默沙东新闻稿：K 药等核心产品的适应症扩展、III 期数据与监管里程碑,page-ok,page-ok,,https://www.merck.com/media/news/,,"已核对为服务端渲染（10 条新闻链接 + September 18, 2026 式日期）。",msd-merck-news
五、研发产业：产业媒体、药企与试验注册,药企新闻室,阿斯利康 AstraZeneca 新闻稿（RSS）,AstraZeneca plc,en,UK,订阅源,P2,海外中继,3,阿斯利康全部新闻稿的 RSS 全量流（含历史 1600+ 条）,feed-ok,blocked,http-403,https://www.astrazeneca.com/rss.xml,https://www.astrazeneca.com/media-centre/press-releases.html,少见地给出完整 RSS（探测 1642 条，最新 2026-09-18）；体积约 1MB，解析时注意只取增量。,astrazeneca-press-releases
五、研发产业：产业媒体、药企与试验注册,药企新闻室,葛兰素史克 GSK 新闻稿,GSK plc,en,UK,列表页,P1,直连,2,GSK 新闻稿：疫苗与呼吸/HIV 管线的数据与审批,page-ok,page-ok,,https://www.gsk.com/en-gb/media/press-releases/,,列表服务端渲染（22 个日期）。,gsk-press-releases
五、研发产业：产业媒体、药企与试验注册,药企新闻室,赛诺菲 Sanofi 媒体室,Sanofi S.A.,en,FR,列表页,P1,直连,2,赛诺菲新闻稿：免疫、疫苗与罕见病管线动态,page-ok,page-ok,,https://www.sanofi.com/en/media-room,,列表带 20 个日期，服务端渲染。,sanofi-media-room
五、研发产业：产业媒体、药企与试验注册,药企新闻室,强生 Johnson & Johnson 新闻中心,Johnson & Johnson,en,US,列表页,P2,云端浏览器,2,强生医药与器械的新闻稿,failed,failed,,https://www.jnj.com/media-center,,2026-09-21 探测时 jnj.com 处于维护状态（/media-center 与 /media-center/press-releases 都是维护页）；投资者站 www.investor.jnj.com 的 Q4 feed 对本机 Cloudflare 403。需择日复测。,jnj-media-center
五、研发产业：产业媒体、药企与试验注册,药企新闻室,百时美施贵宝 BMS 公司新闻,Bristol Myers Squibb,en,US,列表页,P1,直连,2,BMS 新闻稿：肿瘤免疫、细胞治疗与心血管管线,page-ok,page-ok,,https://www.bms.com/media.html,,endpoint 301 到 /news-and-media.html（page-ok，但 HTML 中未见日期文本）；news.bms.com 的 Q4 feed 对本机 Cloudflare 403。,bms-news
五、研发产业：产业媒体、药企与试验注册,药企新闻室,礼来 Eli Lilly 新闻,Eli Lilly and Company,en,US,列表页,P2,云端浏览器,3,礼来新闻稿：GLP-1、阿尔茨海默与肿瘤管线的数据与审批,blocked,blocked,cloudflare,https://www.lilly.com/news,,本机对 lilly.com 与 investor.lilly.com 两条路径均被挡（403）。,lilly-news
五、研发产业：产业媒体、药企与试验注册,药企新闻室,诺和诺德 Novo Nordisk 新闻稿,Novo Nordisk A/S,en,DK,列表页,P1,直连,2,诺和诺德新闻与投资者材料：司美格鲁肽系列的数据、产能与监管动态,page-ok,page-ok,,https://www.novonordisk.com/news-and-media/news-and-ir-materials.html,,接入前需确认列表解析路径。,novo-nordisk-news
五、研发产业：产业媒体、药企与试验注册,药企新闻室,艾伯维 AbbVie 新闻中心,AbbVie Inc.,en,US,列表页,P1,直连,2,艾伯维新闻稿：免疫、神经与眼科管线动态,page-ok,page-ok,,https://news.abbvie.com/,,新闻中心首页带 21 个日期，服务端渲染；/rss/news-releases.xml 404。,abbvie-news
五、研发产业：产业媒体、药企与试验注册,药企新闻室,安进 Amgen 新闻室,Amgen Inc.,en,US,列表页,P1,直连,2,安进新闻稿：生物类似药、肿瘤与代谢管线,page-ok,page-ok,,https://www.amgen.com/newsroom/press-releases,,页面响应约 4 秒，191 个锚点。,amgen-newsroom
五、研发产业：产业媒体、药企与试验注册,药企新闻室,吉利德 Gilead 新闻稿,"Gilead Sciences, Inc.",en,US,列表页,P2,直连,2,吉利德新闻稿：HIV、肝病与肿瘤管线,page-ok,page-ok,,https://www.gilead.com/news-and-press/press-room/press-releases,,两条路径（/news/press-releases 与 /news-and-press/press-room/press-releases）均 30 秒后返回 Cloudflare 504 JSON。,gilead-press-releases
五、研发产业：产业媒体、药企与试验注册,药企新闻室,拜耳 Bayer 新闻,Bayer AG,en,DE,列表页,P2,云端浏览器,2,拜耳制药与作物科学新闻稿,blocked,blocked,http-403,https://www.bayer.com/en/news-stories,,本机对 bayer.com 直接 403（390 字节拦截页）。,bayer-news
五、研发产业：产业媒体、药企与试验注册,药企新闻室,武田 Takeda 新闻稿,Takeda Pharmaceutical Company,en,JP,列表页,P1,直连,2,武田全球新闻稿：消化、神经与血液制品管线,page-ok,page-ok,,https://www.takeda.com/newsroom/newsreleases/,,endpoint 301 到 /newsroom/press-releases/（211 个日期，服务端渲染，是本批质量最好的企业列表页之一）。,takeda-press-releases
五、研发产业：产业媒体、药企与试验注册,药企新闻室,勃林格殷格翰 Boehringer Ingelheim 新闻,Boehringer Ingelheim,en,DE,列表页,P2,云端浏览器,1,勃林格殷格翰新闻稿：代谢、呼吸与动物保健,blocked,blocked,incapsula,https://www.boehringer-ingelheim.com/press-releases,,HTTP 200 但正文为 Incapsula 质询，属典型假 200。,boehringer-press-releases
五、研发产业：产业媒体、药企与试验注册,药企新闻室,莫德纳 Moderna 新闻,"Moderna, Inc.",en,US,开放接口,P1,直连,2,Moderna 新闻稿：mRNA 疫苗与肿瘤疫苗管线,api-ok,api-ok,,https://investors.modernatx.com/news/,,endpoint 302 到 news.modernatx.com，并对非浏览器客户端返回 JSON 外壳（verifier 判为 api-ok）；复测时同一 URL 也可能返回 HTML，解析器需同时兼容两种形态。,moderna-news
五、研发产业：产业媒体、药企与试验注册,药企新闻室,BioNTech 媒体室,BioNTech SE,en,DE,列表页,P2,直连,1,BioNTech 新闻稿：mRNA 肿瘤疫苗与合作管线,page-ok,page-ok,,https://www.biontech.com/int/en/home/media.html,,endpoint 301 到 mediaroom.html，HTTP 200、54 个日期但 verifier 因锚点数判为 failed —— 实际是渲染型页面。,biontech-mediaroom
五、研发产业：产业媒体、药企与试验注册,药企新闻室,福泰制药 Vertex 新闻稿,Vertex Pharmaceuticals,en,US,列表页,P2,暂无,1,Vertex 新闻稿：囊性纤维化、镰状细胞基因治疗与镇痛管线,failed,failed,,https://news.vrtx.com/press-releases,,本机三条路径全部不可用（h2 流被重置 / 403 / 404）。,vertex-press-releases
五、研发产业：产业媒体、药企与试验注册,药企新闻室,再生元 Regeneron 新闻室,Regeneron Pharmaceuticals,en,US,列表页,P2,暂无,1,再生元新闻稿：眼科、免疫与遗传医学管线,failed,failed,,https://newsroom.regeneron.com/,,,regeneron-newsroom
五、研发产业：产业媒体、药企与试验注册,药企新闻室,恒瑞医药 新闻,江苏恒瑞医药股份有限公司,zh,CN,列表页,P2,云端浏览器,2,恒瑞新闻与公告：创新药获批、授权出海与临床进展,failed,failed,,https://www.hengrui.com/,,HTTP 200 但无可解析条目，属假 200。,hengrui-news
五、研发产业：产业媒体、药企与试验注册,药企新闻室,百济神州 BeOne Medicines,BeOne Medicines（原 BeiGene 百济神州）,en,CN,列表页,P1,直连,2,公司新闻与管线进展（泽布替尼、替雷利珠单抗等）,page-ok,page-ok,,https://www.beonemedicines.com/,,公司 2025 年由 BeiGene 更名 BeOne Medicines，旧域名 beigene.com 的链接需要迁移；首页 page-ok（139 个锚点）。,beone-medicines-news
五、研发产业：产业媒体、药企与试验注册,药企新闻室,信达生物 Innovent,信达生物制药,zh,CN,列表页,P2,云端浏览器,2,信达新闻：PD-1、GLP-1 与生物类似药管线动态,failed,failed,,https://www.innoventbio.com/,,典型 SPA 站点，HTTP 200 但无内容。,innovent-news
五、研发产业：产业媒体、药企与试验注册,药企新闻室,君实生物 新闻资讯,上海君实生物医药科技股份有限公司,zh,CN,列表页,P1,直连,1,君实新闻：特瑞普利单抗等产品的注册、出海与临床进展,page-ok,page-ok,,http://www.junshipharma.com/news/,,http 入口 301 到 https；列表带 11 个日期，服务端渲染。,junshi-news
五、研发产业：产业媒体、药企与试验注册,药企新闻室,石药集团 CSPC,石药集团有限公司,zh,CN,列表页,P2,云端浏览器,1,石药新闻与公告：创新药获批、集采与授权交易,failed,failed,,https://www.cspc.com.hk/en/,,cspc.com.hk 根路径与 /en/ 均为极小的跳转壳。,cspc-news
五、研发产业：产业媒体、药企与试验注册,药企新闻室,中国生物制药 新闻中心,中国生物制药有限公司（正大天晴）,zh,CN,列表页,P1,直连,2,公司新闻：仿制与创新双线的获批、集采与合作,page-ok,page-ok,,https://www.sbpgroup.com/news-center/,,sinobiopharm.com 301 到 sbpgroup.com；新闻中心列表带 15 个日期。,sino-biopharm-news
五、研发产业：产业媒体、药企与试验注册,药企新闻室,翰森制药 Hansoh,翰森制药集团有限公司,zh,CN,列表页,P2,暂无,1,翰森新闻：创新药获批、License-out 与集采动态,failed,failed,,https://www.hansohpharma.com/,,两次探测均超时，未拿到任何响应。,hansoh-news
五、研发产业：产业媒体、药企与试验注册,药企新闻室,再鼎医药 Zai Lab,再鼎医药有限公司,en,CN,列表页,P1,云端浏览器,2,再鼎新闻：License-in 产品在华注册与商业化进展,page-ok,blocked,cloudflare,https://www.zailaboratory.com/,,首页即新闻列表（123 个日期）；ir.zailaboratory.com 的 Q4 feed 对本机连接异常。,zai-lab-news
五、研发产业：产业媒体、药企与试验注册,药企新闻室,和黄医药 HUTCHMED,HUTCHMED (China) Limited,en,CN,列表页,P2,暂无,1,和黄医药新闻：呋喹替尼等品种的全球注册与商业化,failed,failed,,https://www.hutchmed.com/media/,,两个域名在本机均不可用（超时 / SSL 证书问题）。,hutchmed-news
五、研发产业：产业媒体、药企与试验注册,药企新闻室,康方生物 公司新闻,康方生物医药有限公司,zh,CN,列表页,P1,直连,2,康方新闻：依沃西等双抗的临床数据与授权交易,page-ok,page-ok,,https://www.akesobio.com/cn/media/akeso-news/,,首页无日期，真正的新闻列表在 /cn/media/akeso-news/（12 个日期，服务端渲染）。,akeso-news
五、研发产业：产业媒体、药企与试验注册,药企新闻室,荣昌生物 新闻,荣昌生物制药（烟台）股份有限公司,zh,CN,列表页,P1,直连,1,荣昌新闻：泰它西普、维迪西妥单抗的临床与注册进展,page-ok,page-ok,,https://www.remegen.com/,,首页带 26 个日期，服务端渲染。,remegen-news
五、研发产业：产业媒体、药企与试验注册,药企新闻室,科伦博泰 新闻,四川科伦博泰生物医药股份有限公司,zh,CN,列表页,P1,直连,1,科伦博泰新闻：ADC 管线与默沙东合作进展,page-ok,page-ok,,https://www.kelun-biotech.com/,,首页带 29 个日期；响应约 4 秒。,kelun-biotech-news
五、研发产业：产业媒体、药企与试验注册,药企新闻室,传奇生物 Legend Biotech,Legend Biotech Corporation,en,CN,列表页,P1,直连,1,传奇生物新闻：西达基奥仑赛（CARVYKTI）的全球注册与产能,page-ok,page-ok,,https://www.legendbiotech.com/,,首页 page-ok（6 个日期）；投资者站 investors.legendbiotech.com 对本机连接异常。,legend-biotech-news
五、研发产业：产业媒体、药企与试验注册,药企新闻室,药明康德 新闻,无锡药明康德新药开发股份有限公司,zh,CN,列表页,P1,直连,2,药明康德新闻：CRDMO 业务、产能与政策影响（含生物安全法案相关表态）,page-ok,page-ok,,https://www.wuxiapptec.com/news,,列表带 108 个日期，服务端渲染（页面 444KB）。,wuxi-apptec-news
五、研发产业：产业媒体、药企与试验注册,药企新闻室,药明生物 新闻,药明生物技术有限公司,en,CN,列表页,P1,直连,2,药明生物新闻：生物药 CDMO 订单、产能与合作,page-ok,page-ok,,https://www.wuxibiologics.com/news/,,endpoint 301 到首页（19 个日期）；新闻子页需从首页链接进入。,wuxi-biologics-news
四、药物安全：安全通告、药物警戒与药学期刊,安全通告与药物警戒,国家药监局 药品说明书修订公告,国家药品监督管理局,zh,CN,列表页,P1,云端浏览器,1,「关于修订××说明书的公告」：国内说明书安全项修订的法定发布口,blocked,blocked,ruishu,https://www.nmpa.gov.cn/xxgk/ggtg/ypggtg/ypshmshxdgg/index.html,https://www.nmpa.gov.cn/xxgk/ggtg/ypggtg/ypqtggtg/index.html | https://www.cdr-adr.org.cn/drug_1/aqjs_1/,nmpa.gov.cn 全站对纯 GET 返回 HTTP 412 + 瑞数 JS 挑战（与 04-regulators 结论一致）。栏目 URL 已通过外部检索交叉确认（ypshmshxdgg = 药品说明书修订公告），但正文只能在渲染后读取。,nmpa-label-revision-announcements
四、药物安全：安全通告、药物警戒与药学期刊,安全通告与药物警戒,国家药监局 药品其他公告通告（含不良反应通报）,国家药品监督管理局,zh,CN,列表页,P1,云端浏览器,2,药品不良反应信息通报、处方药转非处方药、风险控制措施等公告,blocked,blocked,ruishu,https://www.nmpa.gov.cn/xxgk/ggtg/ypggtg/ypqtggtg/index.html,https://www.cdr-adr.org.cn/drug_1/aqjs_1/drug_aqjs_jjkx/,新版 NMPA 站点没有独立的「药品不良反应信息通报」栏目页（多次检索未找到 index），通报现混排在本栏目中；因此本行与 cdr-adr 两行需要同时保留、互为备份。,nmpa-other-drug-announcements
四、药物安全：安全通告、药物警戒与药学期刊,安全通告与药物警戒,《Prescrire》国际版,Association Mieux Prescrire (France),en,FR,列表页,P2,暂无,1,完全独立于药企资助的新药评价（「不可接受 / 无新意 / 值得关注」分级）与年度黑榜,failed,failed,,https://english.prescrire.org/en/Summary.aspx,https://www.prescrire.org/en/,三次探测全部超时，未拿到任何响应——接入前必须换网络环境复测，不要按「站点已死」处理。,prescrire-international
四、药物安全：安全通告、药物警戒与药学期刊,安全通告与药物警戒,中国医院协会（药事专业委员会）,中国医院协会,zh,CN,列表页,P2,云端浏览器,1,医院药事管理相关的规范、评价标准与专业委员会活动,blocked,blocked,http-403,https://www.cha.org.cn/,,未找到独立可抓的药事专业委员会站点；协会主站即被拒。,china-hospital-association
三、审批监管：监管机构、医保与卫生技术评估,卫生技术评估、医保与准入,法国HAS 高等卫生管理局,Haute Autorité de Santé (France),multi,FR,列表页,P2,云端浏览器,5,法国药品透明度委员会（CT）评级 SMR/ASMR、临床指南与卫生技术评估,blocked,blocked,http-403,https://www.has-sante.fr/,,两条路径（根路径与 /jcms/j_5/en/accueil）均 403。,has-sante-france
五、研发产业：产业媒体、药企与试验注册,医药产业媒体（英文）,FirstWord Pharma,Doctor's Guide Publishing / FirstWord,en,UK,列表页,P2,直连,30,药企新闻聚合与分析简报（FirstWord Pharma / MedTech）,page-ok,page-ok,,https://www.firstwordpharma.com/,,首页 page-ok 但锚点仅 17、日期 1 个，条目疑似前端渲染，接入前需确认解析路径。,firstword-pharma
二、指南共识：循证机构与学会,循证机构与证据摘要,Cochrane 新闻,Cochrane Collaboration,en,INT,订阅源,P0,直连,4,Cochrane 组织公告、方法学更新、新证据合成项目与协作网动态,feed-ok,feed-ok,,https://www.cochrane.org/about-us/news/all/rss,https://www.cochrane.org/news/rss.xml,旧路径 https://www.cochrane.org/news/rss.xml 会 301 到 /about-us/news/all/rss，两者同一内容；本表用最终地址。,cochrane-news
二、指南共识：循证机构与学会,循证机构与证据摘要,Cochrane 证据摘要（新发表系统评价）,Cochrane Collaboration,en,INT,订阅源,P0,直连,12,新发表 Cochrane 系统评价的通俗版摘要（含 Key messages、证据确定性）,feed-ok,feed-ok,,https://www.cochrane.org/evidence/rss,https://www.cochrane.org/rss.xml,该 feed 的 item 没有 pubDate，抓取端需按 link/DOI 去重判新；全文在 cochranelibrary.com（Cloudflare，随 IP 可能挑战）。,cochrane-evidence-summaries
二、指南共识：循证机构与学会,循证机构与证据摘要,Cochrane 临床答案 Cochrane Clinical Answers,Cochrane Library / Wiley,en,INT,列表页,P2,海外中继,5,把 Cochrane 系统评价改写成「临床问题—可执行答案」的短条目，带发布日期,page-ok,blocked,cloudflare,https://www.cochranelibrary.com/cca,,2026-09-21 从本机直连未触发挑战，页面服务端渲染 25 条 /cca/doi/... 条目并带日期（最新 3 September 2026）；但同域在其他机房 IP 上出现过 Cloudflare 墙，抓取端要准备回退。,cochrane-clinical-answers
二、指南共识：循证机构与学会,循证机构与证据摘要,JBI（乔安娜布里格斯研究所）新闻,"JBI, The University of Adelaide",en,AU,列表页,P1,直连,2,JBI 证据合成方法学更新（如 scoping review 手册修订）、培训与学术动态,page-ok,page-ok,,https://jbi.global/news,,列表服务端渲染，条目为「月份＋标题＋摘要」，无精确日期（只有 September 2026 这种月粒度），去重按标题/链接。,jbi-news
二、指南共识：循证机构与学会,循证机构与证据摘要,Campbell 协作网,The Campbell Collaboration,en,INT,订阅源,P1,直连,1,社会与健康交叉领域的系统评价、证据与差距图（EGM）、方法学文章,feed-ok,feed-ok,,https://www.campbellcollaboration.org/feed/,,站点 WordPress，/news/ 已 404；首页 feed 有效但更新稀疏（探测时最新 2026-07-08，75 天前）。,campbell-collaboration
二、指南共识：循证机构与学会,循证机构与证据摘要,NIHR Evidence（英国国家卫生研究院证据摘要）,National Institute for Health and Care Research (UK),en,UK,订阅源,P2,直连,0,把 NIHR 资助研究翻译成面向临床与政策读者的通俗证据摘要（Alerts）,feed-ok,feed-ok,,https://evidence.nihr.ac.uk/feed/,https://evidence.nihr.ac.uk/,⚠ feed 返回 200/50 条但最新一条为 2025-07-22（426 天前），站点页面最新日期也只到 2025-09-30 —— 该栏目很可能已停更或迁移，接入前必须人工复核。,nihr-evidence
二、指南共识：循证机构与学会,循证机构与证据摘要,牛津循证医学中心 CEBM,"Centre for Evidence-Based Medicine, University of Oxford",en,UK,列表页,P1,直连,1,循证医学方法学评论、证据分级与研究质量的批判性文章,page-ok,page-ok,,https://www.cebm.ox.ac.uk/news,https://www.cebm.ox.ac.uk/news/views,Plone 站点，列表服务端渲染但日期稀疏（页面上可见 2026-03-26 等）；更新频率低。,cebm-oxford
二、指南共识：循证机构与学会,循证机构与证据摘要,EvidenceAlerts（McMaster PLUS 文献预警）,McMaster University Health Information Research Unit,en,CA,需登录,P2,暂无,40,McMaster PLUS 人工筛选＋临床医生评分的高质量新研究预警（按专科分发）,page-ok,page-ok,,https://www.evidencealerts.com/,https://www.evidencealerts.com/HitParade/ClinicalPredictionGuides,首页可达但正文预警需注册登录；Hit Parade 榜单页对匿名访客只给标题。不要尝试绕过登录。,evidencealerts-mcmaster
二、指南共识：循证机构与学会,指南与学会,英国NICE 已发布指南与质量标准,National Institute for Health and Care Excellence (UK),en,UK,列表页,P2,海外中继,12,NICE 全部新发布/更新的指南、技术评估(TA)、诊断技术与质量标准，带发布日期与更新日期,page-ok,blocked,http-403,https://www.nice.org.uk/guidance/published,https://www.nice.org.uk/guidance/indevelopment | https://www.nice.org.uk/guidance/terminated,⚠ 两个坑：(1) NICE 的 RSS 已下线，/guidance/published?format=rss 返回 403「Temporary Service Interruption」；(2) 任何带查询串的请求（含 ?ps=25 这类它自己的分页参数）都被 WAF 判 403 —— 抓取端只能请求裸路径。裸路径是服务端渲染的表格，按发布日期倒序，探测当天首行 2026-09-17。,nice-published-guidance
二、指南共识：循证机构与学会,指南与学会,英国NICE 征求意见中的指南,National Institute for Health and Care Excellence (UK),en,UK,列表页,P2,海外中继,5,进入公开征求意见阶段的指南草案与技术评估，含意见截止日期,page-ok,blocked,http-403,https://www.nice.org.uk/guidance/inconsultation,,与 published 同一模板（服务端渲染表格）；同样不能带查询串。,nice-in-consultation
二、指南共识：循证机构与学会,指南与学会,英国NICE 新闻,National Institute for Health and Care Excellence (UK),en,UK,列表页,P2,海外中继,4,NICE 新闻稿：新药推荐/否决、政策与方法学变动,page-ok,blocked,http-403,https://www.nice.org.uk/news/articles,,/news/rss 已 404（RSS 全面下线）；本页服务端渲染，带日期。,nice-news-05
二、指南共识：循证机构与学会,指南与学会,USPSTF 制订中的推荐,U.S. Preventive Services Task Force,en,US,列表页,P1,直连,1,按三个阶段（研究计划定稿/草案撰写/推荐定稿）列出在研主题,page-ok,page-ok,,https://www.uspreventiveservicestaskforce.org/uspstf/recommendation-topics/recommendations-in-progress,https://www.uspreventiveservicestaskforce.org/uspstf/public-comments-and-nominations/opportunity-for-public-comment,主题名在 HTML 的 bucket 容器里（JS 只负责切换显示），服务端可解析；无日期，按主题集合做差分。,uspstf-in-progress
二、指南共识：循证机构与学会,指南与学会,WHO 出版物（含指南）OData 接口,World Health Organization,en,INT,开放接口,P0,直连,15,WHO 全部新出版物（指南、技术报告、立场文件、周报 WER），带标题与发布时间,api-ok,api-ok,,https://www.who.int/api/hubs/publications?$orderby=PublicationDateAndTime%20desc&$top=20,"https://www.who.int/api/hubs/publications?$filter=contains(Title,'guideline')&$orderby=PublicationDateAndTime%20desc&$top=20",字段：Title / PublicationDateAndTime / FormatedDate / ItemDefaultUrl（拼到 https://www.who.int 即正文）。探测当天最新 2026-09-17。指南需按标题或 tag 过滤；IRIS 的 DSpace API（iris.who.int/server/api/...）对本机 403，勿依赖。,who-publications-api
二、指南共识：循证机构与学会,指南与学会,WHO 新闻 OData 接口,World Health Organization,en,INT,开放接口,P0,直连,10,WHO 新闻稿、疾病暴发新闻(DON)、声明,api-ok,api-ok,,https://www.who.int/api/news/newsitems?$orderby=PublicationDateAndTime%20desc&$top=20,,⚠ WHO 的官方 RSS https://www.who.int/rss-feeds/news-english.xml 仍返回 200 但最新一条停在 2026-02-25（207 天前），已死；必须改用本 OData 接口。,who-news-api
二、指南共识：循证机构与学会,指南与学会,苏格兰 SIGN 指南,Scottish Intercollegiate Guidelines Network,en,UK,列表页,P1,直连,1,SIGN 全部现行指南表格：编号、标题、专题、发布年份（另有 Proposed/Archived 分页）,page-ok,page-ok,,https://www.sign.ac.uk/guidelines/,,/our-guidelines/ 会 301 到 /guidelines/；/news/ 已 404。表格服务端渲染，只精确到年份，按编号集合做差分。,sign-guidelines
二、指南共识：循证机构与学会,指南与学会,国际指南协作网 GIN,Guidelines International Network,en,INT,订阅源,P0,直连,2,指南制订方法学、GIN 大会与工作组动态、指南标准（如 GIN-McMaster 工具）更新,feed-ok,feed-ok,,https://g-i-n.net/feed,,WordPress 站点，首页 <link> 广播该 feed；探测当天最新 2026-09-18。,gin-network
二、指南共识：循证机构与学会,指南与学会,ECRI 指南信托 ECRI Guidelines Trust,ECRI,en,US,列表页,P2,直连,0,美国 AHRQ NGC 停运后的接棒者，收录并评级各学会指南（TRUST Scorecard）,page-ok,page-ok,,https://guidelines.ecri.org/,,⚠ 2026-09-21 探测：guidelines.ecri.org 302 到 home.ecri.org/pages/ecri-guidelines-trust-unavailable，页面写明「temporarily unavailable while we review and transition the platform」—— 服务当前不可用，此行只作占位与提醒。,ecri-guidelines-trust
二、指南共识：循证机构与学会,指南与学会,美国心脏病学会 ACC 指南与临床政策,American College of Cardiology,en,US,列表页,P1,直连,3,ACC/AHA 指南、专家共识决策路径(ECDP)、临床政策及其要点速览,page-ok,page-ok,,https://www.acc.org/Guidelines,https://www.acc.org/Latest-in-Cardiology,页面服务端渲染，含大量日期（探测当天 169 处）；ACC 无可用 RSS（/rss/* 均 404）。,acc-guidelines
二、指南共识：循证机构与学会,指南与学会,美国心脏协会 AHA 新闻室,American Heart Association,en,US,订阅源,P0,直连,8,AHA 新闻稿：新指南/科学声明发布、重大试验结果、学会立场,feed-ok,feed-ok,,https://newsroom.heart.org/rss.xml,https://newsroom.heart.org/cats/advisories_comments.xml | https://newsroom.heart.org/cats/heart_news.xml,专业站 professional.heart.org（指南与声明全文）对本机 403（Cloudflare），所以用新闻室 feed 作入口；探测当天最新 2026-09-20。,aha-newsroom
二、指南共识：循证机构与学会,指南与学会,欧洲心脏病学会 ESC 临床指南,European Society of Cardiology,en,EU,列表页,P1,直连,1,ESC 现行临床实践指南全目录（含年份、专题、配套 Pocket Guidelines）,page-ok,page-ok,,https://www.escardio.org/Guidelines/Clinical-Practice-Guidelines,https://www.escardio.org/Guidelines,服务端渲染，列表完整；ESC 每年 8 月年会集中发布新指南，平时低频。,esc-guidelines
二、指南共识：循证机构与学会,指南与学会,欧洲心脏病学会 ESC 新闻稿,European Society of Cardiology,en,EU,列表页,P1,直连,3,ESC 年会重磅试验、新指南发布的官方新闻稿,page-ok,page-ok,,https://www.escardio.org/news/press/press-releases/,,旧路径 /The-ESC/Press-Office/Press-releases 会 301 到本地址。,esc-press-releases
二、指南共识：循证机构与学会,指南与学会,美国糖尿病协会 ADA 新闻室,American Diabetes Association,en,US,列表页,P1,直连,2,ADA 官方新闻：年度《Standards of Care》发布与季度更新、立场声明、年会要闻,page-ok,page-ok,,https://diabetes.org/about-us/newsroom,,指南正文在期刊侧，本行只负责「发布事件」。,ada-newsroom
二、指南共识：循证机构与学会,指南与学会,欧洲糖尿病研究协会 EASD,European Association for the Study of Diabetes,en,EU,列表页,P2,云端浏览器,1,EASD 学会新闻与 EASD/ADA 联合共识声明发布,blocked,blocked,http-403,https://www.easd.org/news.html,https://www.easd.org/,⚠ 整站对本机返回裸 403（连首页也是，非 Cloudflare 挑战页，疑为地域/机房 IP 屏蔽），无可用端点。,easd-news
二、指南共识：循证机构与学会,指南与学会,ASCO 指南播客（新指南发布同步）,American Society of Clinical Oncology,en,US,订阅源,P1,直连,2,每部新发布/更新的 ASCO 指南一集，标题即指南名，show notes 含要点与 DOI 链接,feed-ok,feed-ok,,https://rss.libsyn.com/shows/115284/destinations/654501.xml,,feed 地址由 iTunes Search API 反查 libsyn 得到；探测当天 431 集、最新 2026-08-26。正文仍在 ascopubs（Cloudflare 403），只取元数据。,asco-guidelines-podcast
二、指南共识：循证机构与学会,指南与学会,欧洲肿瘤内科学会 ESMO 指南,European Society for Medical Oncology,en,EU,列表页,P2,云端浏览器,1,ESMO 临床实践指南、Living Guidelines 与 eUpdate（含更新日期）,failed,failed,,https://www.esmo.org/guidelines,,⚠ 页面 HTTP 200 但正文由脚本加载：直连拿到的 HTML 里写着「No results found」，指南条目不在初始 HTML 中（verifier 只数到 5 个锚点）。必须云浏览器或找到其内部 XHR 接口。,esmo-guidelines
二、指南共识：循证机构与学会,指南与学会,NCCN 肿瘤临床实践指南（版本列表）,National Comprehensive Cancer Network,en,US,列表页,P1,直连,5,按瘤种列出每部 NCCN 指南的当前版本号（如 Breast Cancer Version: 6.2026）,page-ok,page-ok,,https://www.nccn.org/guidelines/category_1,https://www.nccn.org/guidelines/category_3,列表服务端渲染（瘤种＋版本号，无日期）——抓取端存版本号做差分即可。/guidelines/recently-published-guidelines 等旧路径均 404。,nccn-guidelines-versions
二、指南共识：循证机构与学会,指南与学会,美国感染病学会 IDSA 实践指南,Infectious Diseases Society of America,en,US,列表页,P1,直连,1,IDSA 全部实践指南 A–Z 列表（125 条，含年份与「AMR Guidance」这类活文档）,page-ok,page-ok,,https://www.idsociety.org/practice-guideline/all-practice-guidelines/,https://www.idsociety.org/practice-guideline/practice-guidelines/,主入口 /practice-guideline/practice-guidelines/ 的列表是脚本加载的（直连 HTML 只有 Loading…），改用其「View Alphabetical List」页，该页服务端渲染 125 条链接。,idsa-guidelines
二、指南共识：循证机构与学会,指南与学会,美国胸科学会 ATS 官方文件,American Thoracic Society,en,US,列表页,P2,直连,0,ATS 官方文件（指南/声明/技术标准）的制订与发布规则说明页，页面本身不含文件清单,page-ok,page-ok,,https://site.thoracic.org/about-us/news/official-ats-documents,https://www.thoracic.org/statements/index.php,⚠ 复核后更正：www.thoracic.org/statements/ 与 /statements/index.php 都 301 到这张「Official ATS Documents」页，而该页只讲文件制订与发布政策，正文末尾明说「已发表 ATS 文件的清单在 ATS Journals 站」。ATS 期刊平台 2026 年已迁至 academic.oup.com/atsjournals，对本机 Cloudflare 403 —— 因此 ATS 目前没有可轮询的文件清单。,ats-official-documents
二、指南共识：循证机构与学会,指南与学会,欧洲呼吸学会 ERS 指南,European Respiratory Society,en,EU,列表页,P2,直连,1,ERS 官方指南、声明与技术标准（含与 ATS 的联合文件）,page-ok,page-ok,,https://channel.ersnet.org/channel-25-guidelines/,,⚠ www.ersnet.org/guidelines/ 301 到 channel.ersnet.org 的点播平台；直连返回的 HTML 提示「CDN Connection Issue」，条目由前端从 CDN 拉取，初始 HTML 里没有指南列表。,ers-guidelines
二、指南共识：循证机构与学会,指南与学会,GOLD 慢阻肺全球倡议,Global Initiative for Chronic Obstructive Lung Disease,en,INT,订阅源,P0,直连,1,GOLD 年度报告（每年 11 月更新）、口袋版、教学材料与翻译版发布,feed-ok,feed-ok,,https://goldcopd.org/feed/,https://goldcopd.org/2026-gold-report/,WordPress feed；探测当天最新 2026-08-24。,gold-copd
二、指南共识：循证机构与学会,指南与学会,GINA 哮喘全球倡议,Global Initiative for Asthma,en,INT,订阅源,P2,海外中继,1,GINA 年度报告（每年 5 月）与中期更新、口袋指南,feed-ok,blocked,cloudflare,https://ginasthma.org/feed/,https://ginasthma.org/reports/,WordPress feed；探测当天最新 2026-07-21（低频属正常）。,gina-asthma
二、指南共识：循证机构与学会,指南与学会,KDIGO 肾脏病改善全球预后,Kidney Disease: Improving Global Outcomes,en,INT,列表页,P1,直连,1,KDIGO 各专题指南的当前版本与在研指南（CKD、AKI、ADPKD、肾移植等）,page-ok,page-ok,,https://kdigo.org/guidelines/,https://kdigo.org/conferences/,专题链接列表，无逐条日期；按链接集合与页面文案做差分。,kdigo-guidelines
二、指南共识：循证机构与学会,指南与学会,美国肝病研究学会 AASLD 实践指南,American Association for the Study of Liver Diseases,en,US,列表页,P1,直连,1,AASLD 实践指南与 practice guidance（乙肝、丙肝、HCC、肝硬化并发症等）,page-ok,page-ok,,https://www.aasld.org/practice-guidelines,,页面为链接列表，无逐条日期；全文多在 Hepatology 期刊侧。,aasld-practice-guidelines
二、指南共识：循证机构与学会,指南与学会,欧洲肝病学会 EASL 临床实践指南,European Association for the Study of the Liver,en,EU,订阅源,P1,直连,0,EASL 临床实践指南分类的 WordPress feed（每部指南一条，含摘要与全文链接）,feed-ok,feed-ok,,https://easl.eu/publication-category/clinical-practice-guidelines/feed/,https://easl.eu/feed/,分类 feed 有效但低频（探测当天最新 2025-12-15，280 天前）；若要更全的学会动态用 https://easl.eu/feed/。/publications/clinical-practice-guidelines/ 这类旧路径已 404。,easl-clinical-practice-guidelines
二、指南共识：循证机构与学会,指南与学会,美国胃肠病协会 AGA,American Gastroenterological Association,en,US,订阅源,P2,海外中继,5,AGA 新闻与临床指南/临床实践更新(CPU)发布,feed-ok,blocked,cloudflare,https://gastro.org/feed/,https://gastro.org/clinical-guidance/,WordPress feed，探测当天最新 2026-09-17；指南专页 /clinical-guidance/ 服务端渲染（57 处日期）可作补充。,aga-clinical-guidance
二、指南共识：循证机构与学会,指南与学会,美国胃肠病学院 ACG 指南,American College of Gastroenterology,en,US,订阅源,P2,海外中继,4,ACG 临床指南发布与学会动态,feed-ok,blocked,cloudflare,https://gi.org/feed/,https://gi.org/guidelines/,WordPress feed，探测当天最新 2026-09-18；/guidelines/ 页面服务端渲染 302 个锚点可作全量对照。,acg-guidelines
二、指南共识：循证机构与学会,指南与学会,美国风湿病学会 ACR 临床实践指南,American College of Rheumatology,en,US,列表页,P1,直连,1,ACR 各病种指南入口（痛风、狼疮、RA、JIA、骨关节炎、围手术期管理等）,page-ok,page-ok,,https://rheumatology.org/clinical-practice-guidelines,,verifier 判 failed 是因为它的锚点启发式要求链接文字≥6 字符，而这里的标题是 Gout/Lupus 这种短词；实际 /xxx-guideline 链接确在服务端 HTML 中（探测当天 36 条），可正常解析。,acr-guidelines
二、指南共识：循证机构与学会,指南与学会,欧洲抗风湿病联盟 EULAR 推荐,European Alliance of Associations for Rheumatology,en,EU,列表页,P1,直连,1,EULAR 管理类推荐全表：作者、标题、出处、发表日期、全文链接（可追溯到 2011 年）,page-ok,page-ok,,https://www.eular.org/recommendations-management,https://www.eular.org/recommendations-eular-acr | https://www.eular.org/lay-recommendations,表格服务端渲染，日期密集（探测当天 88 处）；/recommendations 旧路径 404。,eular-recommendations
二、指南共识：循证机构与学会,指南与学会,美国内分泌学会 临床实践指南,Endocrine Society,en,US,列表页,P1,直连,1,内分泌学会指南全目录与新发布指南（骨质疏松、甲状腺、肥胖、性腺等）,page-ok,page-ok,,https://www.endocrine.org/clinical-practice-guidelines,,服务端渲染，190 个锚点；逐条日期少，按链接集合差分。,endocrine-society-guidelines
二、指南共识：循证机构与学会,指南与学会,美国神经病学学会 AAN 指南,American Academy of Neurology,en,US,列表页,P1,直连,1,AAN 临床实践指南与体系评价（癫痫、卒中、痴呆、MS 等）,page-ok,page-ok,,https://www.aan.com/practice/guidelines,,服务端渲染列表；全文多在 Neurology 期刊侧。,aan-guidelines
二、指南共识：循证机构与学会,指南与学会,美国儿科学会 AAP 政策与指南,American Academy of Pediatrics,en,US,列表页,P1,直连,2,AAP 政策声明、临床报告与临床实践指南的发布入口,page-ok,page-ok,,https://www.aap.org/en/policy/,,本页服务端渲染可解析；AAP 的期刊平台（Silverchair）对数据中心 IP 一律挑战。,aap-policy
二、指南共识：循证机构与学会,指南与学会,美国妇产科医师学会 ACOG 临床指导,American College of Obstetricians and Gynecologists,en,US,列表页,P2,直连,1,Practice Bulletin、Committee Opinion 等 ACOG 临床指导文件,page-ok,page-ok,,https://www.acog.org/clinical/clinical-guidance,https://www.acog.org/clinical/journals-and-publications/practice-bulletins,⚠ /clinical/clinical-guidance 会 302 到 Coveo 搜索页（#f:@selectedcontenttype=[Practice Bulletin]），结果由脚本渲染，初始 HTML 无条目。,acog-clinical-guidance
二、指南共识：循证机构与学会,指南与学会,美国重症医学会 SCCM 指南,Society of Critical Care Medicine,en,US,列表页,P1,直连,1,SCCM 指南与「拯救脓毒症运动」(Surviving Sepsis Campaign) 文件的发布入口,page-ok,page-ok,,https://www.sccm.org/clinical-resources/guidelines,https://www.sccm.org/survivingsepsiscampaign,服务端渲染但条目与导航混排，解析时需限定正文容器；无逐条日期。,sccm-guidelines
二、指南共识：循证机构与学会,指南与学会,欧洲重症医学会 ESICM 指南与共识,European Society of Intensive Care Medicine,en,EU,列表页,P1,直连,1,ESICM 指南、共识声明与联合文件,page-ok,page-ok,,https://www.esicm.org/resources/guidelines-consensus-statements/,,/guidelines/ 会 301 到本地址；页面服务端渲染带日期。,esicm-guidelines
二、指南共识：循证机构与学会,指南与学会,医脉通 临床指南,医脉通 Medlive,zh,CN,列表页,P2,暂无,25,中外指南与专家共识的中文聚合：标题、发布机构、发布日期（含大量中华医学会分会共识）,failed,failed,,https://guide.medlive.cn/,https://guide.medlive.cn/guideline/list,⚠ curl/无头 HTTP 客户端会陷入 301/302 循环（连续 50 跳仍未落地），但真实浏览器可正常打开：2026-09-21 用 Playwright 打开首页，拿到「最新指南」列表（如《肾结石内科管理中国指南（2026版）》，2026-09-20 发布）。正文下载多数需登录/VIP，只取标题与元数据。,medlive-guidelines-cn
二、指南共识：循证机构与学会,指南与学会,梅斯医学 临床指南,梅斯医学 MedSci,zh,CN,列表页,P1,直连,30,中外指南/共识的中文条目流，带发布日期与科室分类（?s_id= 可按科室细分）,page-ok,page-ok,,https://www.medsci.cn/guideline/search,https://www.medsci.cn/guideline/search?s_id=5,注意入口：/guideline 与 /guideline/index.do 只是频道页（列表由脚本渲染、实测浏览器里也只有导航），真正带条目的是 /guideline/search —— 服务端渲染，探测当天最新条目日期 2026-09-21。,medsci-guidelines-cn
二、指南共识：循证机构与学会,指南与学会,国际实践指南注册与透明化平台 PREPARE,国际实践指南注册与透明化平台（兰州大学循证医学中心）,zh,CN,开放接口,P0,直连,20,全球（以中文指南为主）指南注册记录：中英文标题、制订机构、类型、目标人群、分期与注册时间,api-ok,api-ok,,https://www.guidelines-registry.cn/api/registration/guide/?page=1&page_size=20,https://www.guidelines-registry.org/api/registration/guide/?page=1&page_size=20 | https://www.guidelines-registry.cn/api/news/article/?page=1&page_size=10,网页是 Vue SPA（直连 HTML 只有 1.5KB 空壳），此 REST 接口是它自己调用的公开接口：无需鉴权，按 created 倒序，count 探测当天 8603。两点提醒：(1) 结果里混有 stage=draft 的未提交记录，应按 stage/status 过滤；(2) 返回体带有 contact_email/contact_phone 等个人信息，入库前必须丢弃这些字段。,prepare-guideline-registry
二、指南共识：循证机构与学会,指南与学会,中国临床肿瘤学会 CSCO 动态,中国临床肿瘤学会 CSCO,zh,CN,列表页,P1,直连,2,CSCO 学会动态：指南会通知与日程、年会与 BOC 会议、指南巡讲等,page-ok,page-ok,,https://www.csco.org.cn/cn/nlist.aspx?cids=158,https://www.csco.org.cn/cn/index.aspx,⚠ 官网没有公开的「指南列表」页：导航里的「指南浏览」指向人卫商城。本行抓的是 CSCO动态（服务端渲染，标题＋[YYYY-MM-DD]）。,csco-news
二、指南共识：循证机构与学会,指南与学会,中华医学会 学会动态,中华医学会,zh,CN,列表页,P1,直连,8,中华医学会及其专科分会的学术动态、会议与文件通知,page-ok,page-ok,,https://www.cma.org.cn/col/col14/index.html,https://www.cma.org.cn/col/col128/index.html,官网没有独立的「指南/共识」栏目；col14=学会动态、col128=重要通知，两者都是服务端渲染的「标题＋日期」列表。,cma-society-news
二、指南共识：循证机构与学会,指南与学会,中国医师协会 通知公告,中国医师协会,zh,CN,列表页,P1,直连,3,中国医师协会通知公告：规范/共识发布、专科培训与行业政策,page-ok,page-ok,,https://www.cmda.net/tzgg11/index.jhtml,https://www.cmda.net/,站点为 jhtml 静态页，服务端渲染「标题＋日期」；协会没有专门的指南栏目。,cmda-announcements
七、科研与基金：方法学、科研诚信、基金与科学媒体,方法学与科研诚信,Retraction Watch 撤稿观察,The Center for Scientific Integrity,en,US,订阅源,P0,直连,10,撤稿、学术不端调查、论文工厂与期刊除名的独立报道,feed-ok,feed-ok,,https://retractionwatch.com/feed/,,探测当天最新 2026-09-19；其撤稿数据库已并入 Crossref（见 crossref-retractions 行），两者互补：这里是叙事，那里是结构化数据。,retraction-watch
七、科研与基金：方法学、科研诚信、基金与科学媒体,方法学与科研诚信,Crossref 撤稿与更正数据接口,Crossref,en,INT,开放接口,P0,直连,80,按存缴时间倒序的撤稿/更正/关注声明记录，含被撤论文 DOI、期刊、日期,api-ok,api-ok,,https://api.crossref.org/works?filter=update-type:retraction&sort=deposited&order=desc&rows=20,https://api.crossref.org/works?filter=update-type:correction&sort=deposited&order=desc&rows=20 | https://api.crossref.org/works?filter=update-type:expression-of-concern&sort=deposited&order=desc&rows=20,礼貌用法：请求里带 mailto=（Polite Pool）可获得更稳定的配额。update-type 还可换 'retraction'/'correction'/'expression-of-concern'。,crossref-retractions
七、科研与基金：方法学、科研诚信、基金与科学媒体,方法学与科研诚信,EQUATOR Network 报告规范,"EQUATOR Network (UK EQUATOR Centre, University of Oxford)",en,UK,订阅源,P1,直连,0,CONSORT/PRISMA/STROBE 等报告规范的新版与新清单、在研规范列表,feed-ok,feed-ok,,https://www.equator-network.org/feed/,https://www.equator-network.org/library/reporting-guidelines-under-development/,⚠ feed 可用但明显停更：探测当天最新一条 2025-11-03（321 天前）；/news/ 已 404。接入时建议主用 under-development 列表页做差分。,equator-network
七、科研与基金：方法学、科研诚信、基金与科学媒体,方法学与科研诚信,PubPeer 同行评议后讨论,PubPeer Foundation,en,US,列表页,P2,直连,100,对具体论文的质疑（图片重复、统计不一致、数据可疑），多数撤稿的第一现场,page-ok,page-ok,,https://pubpeer.com/,,⚠ 首页 HTTP 200 但只有 8 个锚点，正文由脚本渲染；/rss、/static/rss 均 404，没有公开 feed。,pubpeer
七、科研与基金：方法学、科研诚信、基金与科学媒体,方法学与科研诚信,Statistical Thinking（Frank Harrell）,"Frank E. Harrell Jr., Vanderbilt University",en,US,订阅源,P0,直连,1,临床研究统计方法的长文：分类化的危害、贝叶斯设计、非劣效、生存分析常见错误,feed-ok,feed-ok,,https://www.fharrell.com/index.xml,https://discourse.datamethods.org/latest.rss,Hugo 站点的全量 RSS（2.2MB，20 条全文）；探测当天最新 2026-08-18。,statistical-thinking-harrell
七、科研与基金：方法学、科研诚信、基金与科学媒体,方法学与科研诚信,"Statistical Modeling, Causal Inference, and Social Science（Gelman）","Andrew Gelman, Columbia University",en,US,订阅源,P0,直连,10,统计推断与可重复性批评：p 值滥用、forking paths、研究可信度个案剖析,feed-ok,feed-ok,,https://statmodeling.stat.columbia.edu/feed/,,探测当天最新 2026-09-20，近 7 天 12 条，更新很密。,statistical-modeling-gelman
七、科研与基金：方法学、科研诚信、基金与科学媒体,方法学与科研诚信,datamethods 讨论社区,datamethods.org（Frank Harrell 等发起）,en,INT,订阅源,P1,直连,8,临床试验设计、贝叶斯、估计目标(estimand)、诊断研究等具体问题的公开技术讨论,feed-ok,feed-ok,,https://discourse.datamethods.org/latest.rss,https://discourse.datamethods.org/top.rss,Discourse 标准 feed；探测当天最新 2026-09-19。,datamethods-forum
七、科研与基金：方法学、科研诚信、基金与科学媒体,方法学与科研诚信,Cochrane Methods 方法学动态,Cochrane Methods Groups,en,INT,列表页,P1,直连,0,Cochrane 方法学组动态：RoB 2、ROBINS-I、GRADE 实施、RevMan 新方法（如随机效应模型）,page-ok,page-ok,,https://methods.cochrane.org/news,https://www.cochrane.org/learn,⚠ 页面服务端渲染、带日期，但更新很慢：探测当天最新一条 2025-04-11。training.cochrane.org/feed 已 301 到 cochrane.org/learn（无 feed）。,cochrane-methods-news
七、科研与基金：方法学、科研诚信、基金与科学媒体,方法学与科研诚信,ICMJE 国际医学期刊编辑委员会,International Committee of Medical Journal Editors,en,INT,列表页,P1,直连,0,ICMJE《推荐规范》（Uniform Requirements）年度更新、作者身份与利益冲突规则的变动,page-ok,page-ok,,https://www.icmje.org/news-and-editorials/,https://www.icmje.org/recommendations/,按年份归档的静态列表（服务端渲染）；一年通常只有 1–2 条（最近：2026 年 1 月更新推荐规范）。,icmje-news
七、科研与基金：方法学、科研诚信、基金与科学媒体,方法学与科研诚信,COPE 出版伦理委员会,Committee on Publication Ethics,en,UK,列表页,P2,云端浏览器,2,出版伦理指引、案例裁决(Case Taxonomy)、论文工厂与同行评议造假的应对建议,blocked,blocked,cloudflare,https://publicationethics.org/news,https://publicationethics.org/guidance,⚠ 全站 Cloudflare 挑战：/news 与首页对本机均 403（Attention Required）。,cope-publication-ethics
七、科研与基金：方法学、科研诚信、基金与科学媒体,方法学与科研诚信,JAMA 统计与方法学指南（合辑）,JAMA Network,en,US,开放接口,P1,直连,2,JAMA 的方法学短文系列：每篇讲一个方法（目标试验模拟、竞争风险、工具变量…）并配一篇实例论文,api-ok,api-ok,,https://eutils.ncbi.nlm.nih.gov/entrez/eutils/esearch.fcgi?db=pubmed&retmode=json&retmax=20&sort=pub+date&datetype=edat&reldate=60&term=%22JAMA+Guide+to+Statistics+and+Methods%22,https://jamanetwork.com/collections/5958/guide-to-statistics-and-methods,JAMA 站点本身被 Cloudflare 挡（collections 页探测当天 403，且 /rss/collection_*.xml 不存在），故改用 PubMed E-utilities 按系列名短语检索——这是按栏目而非按期刊 TOC 取，不与期刊源重复；探测当天 60 天内命中 16 篇。,jama-guide-statistics-methods
七、科研与基金：方法学、科研诚信、基金与科学媒体,方法学与科研诚信,《国际期刊预警名单》（中科院文献情报中心）,中国科学院文献情报中心 期刊分区表团队,zh,CN,列表页,P2,暂无,0,年度《国际期刊预警名单》的发布公告与历年名单（2020/2021/2023/2024/2025）,failed,failed,,https://earlywarning.fenqubiao.com/README.md,https://earlywarning.fenqubiao.com/_sidebar.md | https://www.fenqubiao.com/,站点是 docsify（HTML 只是空壳，内容全在 .md 文件里）：直接抓 README.md（「最新动态」区）做差分最省事，verifier 因为返回的是 text/md 而判 failed，实际 200 且内容完整。分区表正站 www.fenqubiao.com 需登录，不作为端点。,cas-journal-early-warning-list
七、科研与基金：方法学、科研诚信、基金与科学媒体,方法学与科研诚信,国家自然科学基金委 科研不端案件处理决定,国家自然科学基金委员会 监督委员会,zh,CN,列表页,P1,直连,0,逐批公布的科研不端案件处理结果（点名到人与单位，含撤销项目、追回经费、通报批评）,page-ok,page-ok,,https://www.nsfc.gov.cn/p1/2812/2816/cljd.html,https://www.nsfc.gov.cn/p1/2812/2817/gzdt11.html,⚠ verifier 判 failed 只因它的锚点启发式（链接文字嵌套在子元素里，数到 0 个锚点）；页面确是服务端渲染的「标题＋日期」列表，探测当天最新「案件通报（2026年第2批）」2026-08-28。每年约 2 批。,nsfc-misconduct-decisions
七、科研与基金：方法学、科研诚信、基金与科学媒体,方法学与科研诚信,科研诚信网 案件通报,科研诚信网（科研诚信建设联席会议）,zh,CN,列表页,P2,暂无,1,跨部门汇总的科研诚信案件通报：基金委、卫健委「论文工厂」专项、高校处理结果,failed,failed,,https://www.orichina.cn/channels/6.html,https://www.orichina.cn/,⚠ 站点 TLS 证书已过期，curl/python 默认会拒绝（verifier 因此判 failed）；加 -k/verify=False 后 200，页面服务端渲染「标题＋日期」，探测当天最新 2026-08-28（基金委 2026 年第 2 批）、2026-07-30（卫健委论文工厂第五批）。抓取端需显式允许该站证书并注明风险。,orichina-integrity-cases
七、科研与基金：方法学、科研诚信、基金与科学媒体,方法学与科研诚信,科技部 科研诚信建设 工作动态,中华人民共和国科学技术部 监督司,zh,CN,列表页,P1,直连,0,科研诚信政策与专项行动（如「学术不端撤稿论文专项整治」）、年度报告部署、案件汇总通报,page-ok,page-ok,,https://www.most.gov.cn/zxgz/kycxjs/kycxgzdt/,https://www.most.gov.cn/zxgz/kycxjs/kycxgfxwj/,服务端渲染「日期＋标题」列表；更新稀疏（探测当天最新 2025-11-28）。政策文件子栏目 /kycxgfxwj/ 另有规范性文件（最新 2024-11-07）。,most-research-integrity
七、科研与基金：方法学、科研诚信、基金与科学媒体,方法学与科研诚信,Clarivate 博客（JCR/影响因子发布）,Clarivate,en,INT,列表页,P1,直连,4,JCR 年度发布、影响因子与期刊剔除(suppression)名单、Web of Science 收录政策变动,page-ok,page-ok,,https://clarivate.com/blog/,https://clarivate.com/academia-government/release-notes/web-of-science/,WordPress 站但 /blog/feed/ 返回 404（REST 路由被关），只能解析列表页；页面服务端渲染 122 个锚点、无日期，需进详情页取日期。,clarivate-blog
二、指南共识：循证机构与学会,循证机构与证据摘要,AHRQ 有效医疗保健计划（EPC 证据报告）,U.S. Agency for Healthcare Research and Quality,en,US,列表页,P2,云端浏览器,2,EPC 系统评价报告、技术简报、比较有效性研究与公开征求意见,blocked,blocked,http-202,https://effectivehealthcare.ahrq.gov/,https://www.ahrq.gov/research/findings/evidence-based-reports/index.html,⚠ effectivehealthcare.ahrq.gov 对本机返回 202 空响应（Akamai 机器人拦截），www.ahrq.gov 的证据报告页则返回 405「Human Verification」；AHRQ 早年的 RSS 路径（/news/newsroom/rss、/rss/*.xml）均已 404。整站对数据中心 IP 基本不可抓。,ahrq-effective-health-care
二、指南共识：循证机构与学会,循证机构与证据摘要,NEJM Clinician（原 NEJM Journal Watch）,NEJM Group / Massachusetts Medical Society,en,US,付费接口,P2,暂无,30,由专科医生撰写的重要新研究摘要＋评论（覆盖 150+ 期刊）,page-ok,page-ok,,https://clinician.nejm.org/browse/journal-watch,https://www.jwatch.org/,⚠ 品牌迁移：jwatch.org 全站（含所有 /xxx/rss 与 /rss/FullContent.xml）已 301 到 clinician.nejm.org，旧 RSS 全部失效且新站未提供 feed；新站为纯前端渲染（直连 HTML 只有 3–5 个锚点），正文付费。,nejm-clinician-journal-watch
二、指南共识：循证机构与学会,循证机构与证据摘要,UpToDate 实践变更更新 Practice Changing UpDates,Wolters Kluwer,en,US,付费接口,P2,暂无,1,UpToDate 编辑部认定「应改变临床实践」的少量重大更新,failed,failed,,https://www.uptodate.com/contents/table-of-contents/practice-changing-updates,https://www.uptodate.com/home/practice-changing-updates,⚠ 不可匿名抓取：/contents/... 返回 2.7KB 的 JS 外壳（无条目），/home/practice-changing-updates 302 到 wolterskluwer.com 并触发 Cloudflare 挑战。不要绕过登录/付费墙。,uptodate-practice-changing-updates
二、指南共识：循证机构与学会,循证机构与证据摘要,DynaMed 循证临床决策支持,EBSCO Information Services,en,US,付费接口,P2,暂无,20,DynaMed 每日更新的循证主题条目（What's New）,page-ok,page-ok,,https://www.dynamed.com/whats-new,,⚠ /whats-new 直接 302 到注册页（?cta=signup），匿名无内容。,dynamed
二、指南共识：循证机构与学会,循证机构与证据摘要,TRIP 循证检索数据库,Trip Database Ltd,en,UK,付费接口,P2,暂无,50,跨指南/系统评价/原始研究的循证检索结果，带证据等级金字塔排序,failed,failed,,https://www.tripdatabase.com/,https://www.tripdatabase.com/recent,⚠ 整站是前端应用：首页与 /recent 直连都只有 4.3KB、0 个锚点，没有可解析的列表，也没有公开 feed。,trip-database
二、指南共识：循证机构与学会,循证机构与证据摘要,BMJ Best Practice 重要更新,BMJ Publishing Group,en,UK,付费接口,P2,暂无,0,BMJ Best Practice 的产品与内容更新公告（含重要临床更新说明）,feed-ok,feed-ok,,https://bestpractice.bmj.com/info/feed/,https://bestpractice.bmj.com/info/,⚠ feed 技术上可用（200/8 条）但内容早已停更：最新一条 2022-10-24（1427 天前）；主题条目本身在付费墙后。,bmj-best-practice
二、指南共识：循证机构与学会,循证机构与证据摘要,Epistemonikos 证据数据库（L·OVE）,Epistemonikos Foundation,multi,INT,付费接口,P2,暂无,100,系统评价与被其纳入的原始研究的关联数据库；L·OVE 按临床问题组织的「活证据图」,page-ok,blocked,http-403,https://www.epistemonikos.org/,https://iloveevidence.com/,首页可达但只是搜索入口，没有「最新」列表可轮询；api.epistemonikos.org 有公开文档但所有端点要求 token（匿名 401/405）。,epistemonikos
二、指南共识：循证机构与学会,循证机构与证据摘要,PROSPERO 系统评价注册平台,"Centre for Reviews and Dissemination, University of York",en,UK,列表页,P2,云端浏览器,200,全球系统评价与 meta 分析的前瞻注册记录（选题、人群、检索策略、时间表）,failed,failed,,https://www.crd.york.ac.uk/prospero/,https://www.crd.york.ac.uk/PROSPERO/api/,"⚠ 新版 PROSPERO 是 React SPA（直连 HTML 只有空壳 <div id=""root"">）。其内部接口基址 https://www.crd.york.ac.uk/PROSPERO/api/ 存在且返回 JSON，但缺少必需请求头时一律回 {""status"":""error"",""errormessage"":""Error code: header value undefined""}，未见公开文档，不可直接轮询。",prospero-registry
二、指南共识：循证机构与学会,循证机构与证据摘要,Cochrane Library 特辑与社论 Special Collections,Cochrane Library / Wiley,en,INT,列表页,P2,云端浏览器,1,围绕一个主题（如抗菌药物耐药、妊娠期用药）汇编的 Cochrane 证据特辑与编辑部社论,blocked,blocked,cloudflare,https://www.cochranelibrary.com/collections,https://www.cochranelibrary.com/editorials,⚠ 探测当天该路径返回 412 并跳到 ?cookiesEnabled（Cloudflare 的 cookie 挑战）——同域的 /cca 反而放行，说明挑战按路径与会话状态触发，抓取端必须准备浏览器回退。,cochrane-library-special-collections
二、指南共识：循证机构与学会,循证机构与证据摘要,Cochrane China 中国协作网,Cochrane China Network（四川大学华西医院 中国循证医学中心）,zh,CN,列表页,P2,直连,0,Cochrane 新闻与证据摘要的中文译介、中国循证医学中心的培训与活动,page-ok,page-ok,,https://china.cochrane.org/news,https://china.cochrane.org/,⚠ 页面服务端渲染、带日期，但更新已停滞：探测当天最新一条 2025-08-15，之前多条停在 2024 年末。站点无 RSS（/news/rss.xml 404）。旧域名 chinacochrane.org / cochranechina.org 均已无 DNS 解析。,cochrane-china
二、指南共识：循证机构与学会,循证机构与证据摘要,Evidently Cochrane 博客,Cochrane UK,en,UK,订阅源,P2,暂无,2,把 Cochrane 证据写成面向临床与公众的可读博文（含「证据说了什么/没说什么」）,failed,failed,,https://www.evidentlycochrane.net/feed/,https://www.evidentlycochrane.net/,⚠ 本机三次连接（feed 两次、首页一次）全部 35s 超时、TCP 层无响应 —— 疑似该站对本机房出口不可达，而非站点下线；换网络出口后需重新验证。,evidently-cochrane
二、指南共识：循证机构与学会,指南与学会,STAR 指南评级平台,"STAR（Scientific, Transparent and Applicable Rankings，中国医师协会循证医学专委会等）",zh,CN,开放接口,P0,直连,10,中文指南/共识的质量评级：星级(star)、总分(score)、类型(指南/共识)、发布机构、期刊、原文链接与评级更新时间,api-ok,api-ok,,https://www.star-guidelines.cn/server/api/getAllArticleList,https://www.star-guidelines.cn/server/api/getAllMagazineRank | https://www.star-guidelines.cn/server/api/getAllOrganizeRank,"⚠ 接口只接受 POST：GET 返回 {""code"":-20001,""message"":""Request method 'GET' not supported""}（verifier 是 GET，所以 verified 里的 api-ok 指「可达且是 JSON」，不代表拿到了数据）。正确用法：POST JSON {""page"":1,""limit"":40}，探测当天 total=6047、152 页，返回条目含 name/star/score/type/year/organizeId/magazineId/url 与 updatedDate（最新 2026-09-20）。站点本体是 Vue SPA（HTML 仅 1KB 空壳），http://www.star-guidelines.cn（80 端口）返回的是 nginx 默认页，必须走 https。",star-guideline-rating-cn
六、公共卫生,公共卫生与疫情,世界卫生组织 疾病暴发新闻 WHO Disease Outbreak News,World Health Organization,en,INT,开放接口,P0,直连,3,WHO 对单起国际关注疫情事件的正式通报：流行病学概况、风险评估与对各国的建议,api-ok,api-ok,,https://www.who.int/api/news/diseaseoutbreaknews?$orderby=PublicationDateAndTime%20desc&$top=20,https://www.who.int/emergencies/disease-outbreak-news,WHO 新闻类 RSS 自 2026-02 起停更（官方只剩 HTML 与该 OData 接口）。字段：Title / PublicationDateAndTime / UrlName / Summary / Overview / Assessment / Advice，正文为 HTML 片段，条目链接= https://www.who.int/emergencies/disease-outbreak-news/item/<UrlName>。$top 可调，$orderby 必须用 PublicationDateAndTime（PublicationDate 排序不稳）。,who-disease-outbreak-news
六、公共卫生,公共卫生与疫情,美国CDC《发病率与死亡率周报》MMWR,U.S. Centers for Disease Control and Prevention,en,US,订阅源,P0,直连,5,美国官方公共卫生监测周报：暴发调查、疫苗接种覆盖、慢病与伤害监测原始数据,feed-ok,feed-ok,,https://tools.cdc.gov/api/v2/resources/media/342778.rss,https://tools.cdc.gov/api/v2/resources/media/320959.rss,该 feed 是全量历史归档（探测 2325 条 / 1.9MB），轮询务必用 If-Modified-Since 或只取前 N 条，不要每次整取。QuickStats 单列在 endpoint_alt（媒体库 id 320959）。,cdc-mmwr
六、公共卫生,公共卫生与疫情,美国CDC 本土暴发通报 CDC Outbreaks (US),U.S. Centers for Disease Control and Prevention,en,US,订阅源,P1,直连,1,美国本土食源性/感染性疾病暴发调查的滚动更新,feed-ok,feed-ok,,https://tools.cdc.gov/api/v2/resources/media/285676.rss,,体量小（8 条），更新不规律，探测当天最新 2026-09-10。,cdc-outbreaks-us
六、公共卫生,公共卫生与疫情,新发传染病杂志 Emerging Infectious Diseases (CDC EID),U.S. CDC / EID Journal,en,US,订阅源,P0,直连,8,新发与再发传染病的原始研究、快报与病例报告（在线先发）,feed-ok,feed-ok,,https://wwwnc.cdc.gov/eid/rss/ahead-of-print.xml,https://wwwnc.cdc.gov/eid/rss/current-issue.xml,选 ahead-of-print（在线先发）而非当期目录，内容更新更快；探测当天 23 条中 16 条落在近 7 天内。,cdc-eid-journal
六、公共卫生,公共卫生与疫情,美国CDC 健康警报网络 Health Alert Network (HAN),U.S. Centers for Disease Control and Prevention,en,US,列表页,P2,海外中继,1,面向临床医生的紧急健康警报/忠告/更新（HAN Alert / Advisory / Update）,page-ok,blocked,http-403,https://www.cdc.gov/han/php/notices/index.html,,官方 RSS 已死：tools.cdc.gov 媒体库 id 413690「HAN Managed Feed」今日探测 200 但 items=0、最后日期 2020-12-03。归档页本身 200 可达，但列表由脚本绘制——静态 HTML 里只有导航锚点，没有 HAN 条目标题与日期，必须渲染后解析。,cdc-han
六、公共卫生,公共卫生与疫情,ECDC 流行病学更新 Epidemiological updates,European Centre for Disease Prevention and Control,en,EU,订阅源,P0,直连,2,针对单一病原（禽流感、麻疹、西尼罗、猴痘等）的欧洲流行病学更新,feed-ok,feed-ok,,https://www.ecdc.europa.eu/en/taxonomy/term/1310/feed,https://www.ecdc.europa.eu/en/taxonomy/term/323//feed | https://www.ecdc.europa.eu/en/taxonomy/term/2794/feed,备用为禽流感(term 323，官方链接里就带双斜杠 //feed，照抄可用)与猴痘(2794)。,ecdc-epi-updates
六、公共卫生,公共卫生与疫情,欧洲监测周刊 Eurosurveillance,European Centre for Disease Prevention and Control,en,EU,列表页,P1,直连,5,欧洲传染病监测与暴发调查的同行评议快报（每周四上线，开放获取）,page-ok,page-ok,,https://www.eurosurveillance.org/,https://eutils.ncbi.nlm.nih.gov/entrez/eutils/esearch.fcgi?db=pubmed&retmode=json&retmax=50&sort=pub+date&datetype=edat&reldate=14&term=%22Euro+Surveill%22%5Bjour%5D,站点自带的两个 RSS 都不可用作更新流：/rss/content/all/latest?fmt=rss 今日 200 但实际是「Most Cited Articles」、最新条目 2020-03-12（已死），另一个是 mostviewed。首页 HTML 内含当期与最新文章标题+卷期，可解析；稳妥做法是 PubMed 兜底。,eurosurveillance
六、公共卫生,公共卫生与疫情,CIDRAP 传染病新闻 (明尼苏达大学),"Center for Infectious Disease Research and Policy, University of Minnesota",en,US,订阅源,P0,直连,20,传染病与抗微生物耐药的每日新闻综述，逐条链接原始研究,feed-ok,feed-ok,,https://www.cidrap.umn.edu/news/178636/rss,https://www.cidrap.umn.edu/news/69/rss | https://www.cidrap.umn.edu/news/49/rss | https://www.cidrap.umn.edu/news/48/rss | https://www.cidrap.umn.edu/rss-feeds,CIDRAP 没有「全部新闻」的单一 feed，只有按专题的 /news/<topicId>/rss（官方目录页 /rss-feeds 列了约 100 个）。本行用 COVID-19(178636)，备用：流感总论 69、禽流感 49、抗菌药物管理 48；要覆盖全部需订阅多个专题 feed 并去重。,cidrap-news
六、公共卫生,公共卫生与疫情,ProMED-mail 全球疫情通报,International Society for Infectious Diseases (ISID),en,INT,仅邮件,P2,暂无,40,人/动物/植物疫情的专家审读快报，常是全球最早的暴发信号,page-ok,page-ok,,https://promedmail.org/,,RSS 已被官方永久关闭（2023 年为阻止抓取），/feed/ 与 /promed-rss-feed/ 今日均 404；首页 200 可达但帖子列表由脚本绘制（静态 HTML 无条目锚点），归档检索需订阅。不要把首页当抓取口，标 P2 走邮件。,promed
六、公共卫生,公共卫生与疫情,英国卫生安全局 UKHSA 新闻,UK Health Security Agency,en,UK,订阅源,P0,直连,5,英国疫情通报、健康警示、监测统计发布,feed-ok,feed-ok,,https://www.gov.uk/search/news-and-communications.atom?organisations%5B%5D=uk-health-security-agency,https://www.gov.uk/search/research-and-statistics.atom?organisations%5B%5D=uk-health-security-agency,gov.uk 统一检索接口的 Atom 输出，换 organisations 参数即可切到其它机构（如 dhsc、mhra）；备用行是研究与统计发布流。,ukhsa-news
六、公共卫生,公共卫生与疫情,非洲疾控中心 Africa CDC 新闻,Africa Centres for Disease Control and Prevention,en,INT,列表页,P1,直连,4,非洲大陆疫情响应（埃博拉、猴痘等）与区域卫生政策,page-ok,page-ok,,https://africacdc.org/news/,https://africacdc.org/mpox/mpox-news/,WordPress 站点但 feed 是空的：/feed/ 与 /news/feed/ 今日 200 而 items=0（后者标题还是 Comments on: News）。列表页本身 HTML 内含真实条目链接（/news-item/<slug>），可解析。,africa-cdc-news
六、公共卫生,公共卫生与疫情,香港卫生防护中心 新闻公报,"Centre for Health Protection, Department of Health (Hong Kong)",multi,CN,订阅源,P0,直连,9,香港传染病个案通报、食物中毒、疫苗接种与健康警示,feed-ok,feed-ok,,https://www.chp.gov.hk/rss/pressreleases_en_RSS.xml,https://www.chp.gov.hk/rss/pressreleases_tc_RSS.xml | https://www.chp.gov.hk/rss/cdwatch_en_RSS.xml,英文与繁体中文两套 feed，路径只差 _en_/_tc_；探测当天 10 条里 9 条在近 7 天内。《传染病直击》(CD Watch) 月刊另列备用。,hk-chp-press
六、公共卫生,公共卫生与疫情,台湾疾病管制署 新闻稿,Taiwan Centers for Disease Control,zh,CN,订阅源,P2,海外中继,6,台湾法定传染病疫情通报、疫苗政策与致医界通函,feed-ok,failed,,https://www.cdc.gov.tw/RSS/RssXml/Hh094B49-DRwe2RR4eFfrQ?type=1,https://www.cdc.gov.tw/RSS/RssXml/khD5i5xbqmYc8zCDhJimNg?type=1,RSS 条目没有标准 pubDate（验证器读不到 latest），日期在标题/描述里，抓取端需自行解析或按链接去重。备用行是「致医界通函」。,taiwan-cdc-press
六、公共卫生,公共卫生与疫情,中国疾病预防控制中心 最新要闻,中国疾病预防控制中心 (China CDC),zh,CN,列表页,P1,直连,5,中国疾控中心机构动态、专家解读与热点应对,page-ok,page-ok,,https://www.chinacdc.cn/zxyw/,https://www.chinacdc.cn/yyrdgz/,标准政府站静态列表：HTML 内有真实条目（./202609/t20260921_1840354.html 形式）与日期，直接解析即可；探测当天最新条目为当日。,china-cdc-news
六、公共卫生,公共卫生与疫情,中国疾病预防控制中心周报 China CDC Weekly,中国疾病预防控制中心,en,CN,订阅源,P0,直连,5,中国官方英文公共卫生周报：监测数据、暴发调查、政策解读,feed-ok,feed-ok,,https://weekly.chinacdc.cn/rss/current.xml,https://weekly.chinacdc.cn/en/zcustom/currentVolume/1,站点是 xml-journal.net 期刊平台，RSS 目录在 /showRssInfo_en；current.xml 为当期目录（探测当天 4 条、最新即当日）。历史卷期用 /rss/<year>_<issue>.xml。,china-cdc-weekly
六、公共卫生,公共卫生与疫情,Our World in Data 健康数据,Global Change Data Lab / University of Oxford,en,UK,订阅源,P0,直连,4,全球健康与人口数据的可视化解读文章,feed-ok,feed-ok,,https://ourworldindata.org/atom.xml,https://ourworldindata.org/atom-data-insights.xml,全站 Atom，含非医学主题，入库后需按健康标签过滤。,our-world-in-data
六、公共卫生,公共卫生与疫情,IHME 健康测量与评价研究所 新闻,"Institute for Health Metrics and Evaluation, University of Washington",en,US,列表页,P1,直连,2,全球疾病负担(GBD)研究发布、方法更新与数据解读,page-ok,page-ok,,https://www.healthdata.org/news-events/all-news-releases,https://www.healthdata.org/news-events/insights-blog,站点无 RSS（/rss.xml 今日 404）。新闻中心首页 /news-events 是导航页、条目不在 HTML 里；真正带条目链接（/news-events/newsroom/news-releases/<slug>）的是本行这个 all-news-releases 页。,ihme-news
六、公共卫生,公共卫生与疫情,Think Global Health (美国外交关系委员会),Council on Foreign Relations,en,US,列表页,P1,直连,6,全球卫生政策评论与数据叙事（CFR 主办）,page-ok,page-ok,,https://www.thinkglobalhealth.org/,,无 RSS（/rss.xml 今日 404）。首页 HTML 内含真实文章链接（/article/<slug>）与日期，可直接解析。,think-global-health
六、公共卫生,公共卫生与疫情,Global Health NOW (约翰霍普金斯),Johns Hopkins Bloomberg School of Public Health,en,US,仅邮件,P2,暂无,5,全球卫生每日要闻精选（含原创报道）,blocked,blocked,cloudflare,https://globalhealthnow.org/rss.xml,,Cloudflare 直接挡住（今日 403 Attention Required），首页同样受挡；无可用 feed。,global-health-now
六、公共卫生,公共卫生与疫情,流行病防范创新联盟 CEPI 新闻,Coalition for Epidemic Preparedness Innovations,en,INT,列表页,P1,直连,2,疫苗与疫情防范研发资助、临床试验推进与「100 天使命」进展,page-ok,page-ok,,https://cepi.net/news,,无 RSS（/feed/ 今日 404）。/news 页 HTML 内含真实文章链接（站根下的 slug 形式），可解析；首页只有 2 条导航链接，别拿首页当口子。,cepi-news
六、公共卫生,公共卫生与疫情,全球疫苗免疫联盟 Gavi 新闻,"Gavi, the Vaccine Alliance",en,INT,列表页,P1,直连,4,全球疫苗供应、免疫规划与筹资进展,page-ok,page-ok,,https://www.gavi.org/news-insights,https://www.gavi.org/vaccineswork,无 RSS（/rss.xml 今日 404，/news 与 /news/media-room 均 404）；现址是 /news-insights，HTML 内含真实条目链接（/news/media-room/<slug>）。,gavi-news
七、科研与基金：方法学、科研诚信、基金与科学媒体,科研基金与科研政策,国家自然科学基金委员会 项目指南,国家自然科学基金委员会 (NSFC),zh,CN,列表页,P1,直连,3,专项项目指南、申报通知、评审与资助结果通告,page-ok,page-ok,,https://www.nsfc.gov.cn/p1/3381/2824/zntg.html,https://www.nsfc.gov.cn/p1/3381/2821/jjyw11.html | https://www.nsfc.gov.cn/p1/3381/2825/zzcg11.html,NSFC 首页是脚本渲染（28 个锚点、0 个日期），别用首页；栏目页 /p1/3381/2824/zntg.html（项目指南）与 /p1/3381/2822/tzsm1.html（业务资讯）是静态 HTML，标题+日期都在源码里。备用行为基金动态与资助成果。今日探测无反爬。,nsfc-project-guides
七、科研与基金：方法学、科研诚信、基金与科学媒体,科研基金与科研政策,国家自然科学基金委员会 业务资讯（通知公告）,国家自然科学基金委员会 (NSFC),zh,CN,列表页,P1,直连,4,集中接收期、评审结果、非共识项目征集等官方通告,page-ok,page-ok,,https://www.nsfc.gov.cn/p1/3381/2822/tzsm1.html,,探测当天首条为「关于2026年国家自然科学基金集中接收申请项目评审结果的通告」。静态列表，25 条标题与 25 个日期都在 HTML 里。,nsfc-notices
七、科研与基金：方法学、科研诚信、基金与科学媒体,科研基金与科研政策,科技部 通知通告,中华人民共和国科学技术部,zh,CN,列表页,P1,直连,2,科技部通知通告（重点专项申报、国际组织招聘、决算公开等）,page-ok,page-ok,,https://www.most.gov.cn/tztg/,https://www.most.gov.cn/kjbgz/,www.most.gov.cn 根路径只是一段 meta refresh（157 字节），必须用 /tztg/ 这类栏目页；列表为静态 ./YYYYMM/tYYYYMMDD_xxxxx.html 链接。备用行 /kjbgz/ 是科技部工作动态。,most-tztg
七、科研与基金：方法学、科研诚信、基金与科学媒体,科研基金与科研政策,国家科技管理信息系统公共服务平台,科技部 国家科技管理信息系统,zh,CN,列表页,P1,直连,2,国家重点研发计划各重点专项的指南发布、项目申报与评审通知,page-ok,page-ok,,https://service.most.gov.cn/,,首页即通知列表（今日 24 个日期在页面上）；二级栏目路径不稳定（/kjjh_tztg_all/ 今日打开是专家库问答页），建议只抓首页列表再跟进详情页。,service-most-guides
七、科研与基金：方法学、科研诚信、基金与科学媒体,科研基金与科研政策,科学网 新闻（含基金与科研政策）,中国科学报社 科学网,zh,CN,列表页,P1,直连,40,中文科研界新闻：基金政策解读、评审改革、学术伦理、重要论文速递,page-ok,page-ok,,https://news.sciencenet.cn/,,基金频道 fund.sciencenet.cn 今日探测只有 3 个锚点、0 条内容（整页由脚本绘制），不可抓；改用新闻频道首页，HTML 内含真实条目链接 news.sciencenet.cn/htmlnews/YYYY/M/NNNNNN.shtm 与日期。站内 RSS 页 www.sciencenet.cn/RSS.aspx 早已失效（只剩图片与新华社旧链接）。,sciencenet-news
七、科研与基金：方法学、科研诚信、基金与科学媒体,科研基金与科研政策,上海市科学技术委员会,上海市科学技术委员会,zh,CN,列表页,P2,直连,5,上海市级科技计划申报通知、生物医药专项政策,page-ok,page-ok,,https://stcsm.sh.gov.cn/,,首页静态可抓（今日 87 个锚点、98 个日期）；地方基金整体更新频率低、与医学强相关的条目占比小，故列 P2 由运营按需开启。,shanghai-stcsm
七、科研与基金：方法学、科研诚信、基金与科学媒体,科研基金与科研政策,北京市科学技术委员会、中关村管委会,北京市科学技术委员会,zh,CN,列表页,P2,直连,5,北京市科技计划与中关村政策、市自然科学基金通知,page-ok,page-ok,,https://kw.beijing.gov.cn/,,首页静态可抓（262 个锚点）但日期少（6 个），条目日期多在详情页；与医学直接相关的比例不高，列 P2。,beijing-kw
七、科研与基金：方法学、科研诚信、基金与科学媒体,科研基金与科研政策,NIH 基金指南 资助机会 (NIH Guide for Grants and Contracts),U.S. National Institutes of Health,en,US,订阅源,P2,云端浏览器,30,NIH 每周发布的资助机会公告（NOFO）与政策通知,blocked,blocked,cloudflare,https://grants.nih.gov/grants/guide/newsfeed/fundingopps.xml,https://grants.nih.gov/grants/guide/newsfeed/notices.xml,今日本机三个 NIH 域名全部被 Cloudflare 挡下（grants.nih.gov、nexus.od.nih.gov、www.nih.gov 均 403「Just a moment...」，directorsblog.nih.gov 连接直接失败）。feed 本身仍存在，问题在出口 IP，不是 URL。api.reporter.nih.gov 今日可达（NIH RePORTER API），可作为「已资助项目」维度的替代数据源。,nih-guide-funding-opps
七、科研与基金：方法学、科研诚信、基金与科学媒体,科研基金与科研政策,NIH Extramural Nexus（院外科研博客）,NIH Office of Extramural Research,en,US,订阅源,P2,云端浏览器,2,NIH 评审与经费政策的官方解读（Open Mike 等专栏）,blocked,blocked,cloudflare,https://nexus.od.nih.gov/all/feed/,,今日 403「Just a moment...」，与 grants.nih.gov 同一道 Cloudflare 策略。,nih-extramural-nexus
七、科研与基金：方法学、科研诚信、基金与科学媒体,科研基金与科研政策,NIH 新闻稿 / NIH Research Matters,U.S. National Institutes of Health,en,US,订阅源,P2,云端浏览器,8,NIH 研究成果新闻稿与 Research Matters 研究速递,blocked,blocked,cloudflare,https://www.nih.gov/news-events/news-releases/feed,https://www.nih.gov/news-events/nih-research-matters,与其它 NIH 域同样被 Cloudflare 挡（403）。NIH Director's Blog（directorsblog.nih.gov）今日连接直接失败，一并归入本行的封锁说明。,nih-news-releases-10
七、科研与基金：方法学、科研诚信、基金与科学媒体,科研基金与科研政策,欧洲研究理事会 ERC 新闻,European Research Council,en,EU,订阅源,P1,直连,1,ERC 资助计划、获资助者与评审政策新闻,feed-ok,feed-ok,,https://erc.europa.eu/rss.xml,https://erc.europa.eu/news-events/news,feed 可用但更新很慢：今日最新条目 2026-07-31（52 天前），近 7 天 0 条；这是 ERC 的正常节奏，不是死 feed。备用为 HTML 新闻列表（今日 121 锚点可解析）。,erc-news
七、科研与基金：方法学、科研诚信、基金与科学媒体,科研基金与科研政策,英国研究与创新署 UKRI 资助机会,UK Research and Innovation,en,UK,订阅源,P0,直连,10,UKRI（含 MRC）全部资助机会的滚动发布,feed-ok,feed-ok,,https://www.ukri.org/opportunity/feed/,https://www.ukri.org/news/feed/,站点根 feed（www.ukri.org/feed/）今日 200 但 items=0，不要用；机会流与新闻流各有独立 feed，本行取机会流（今日 20 条、10 条落在近 7 天）。,ukri-opportunities
七、科研与基金：方法学、科研诚信、基金与科学媒体,科研基金与科研政策,英国研究与创新署 UKRI 新闻,UK Research and Innovation,en,UK,订阅源,P0,直连,5,UKRI 科研政策、经费分配与成果新闻,feed-ok,feed-ok,,https://www.ukri.org/news/feed/,,今日 20 条、最新 2026-09-18。与资助机会流互补，建议两条都收。,ukri-news
七、科研与基金：方法学、科研诚信、基金与科学媒体,科研基金与科研政策,欧盟健康与数字执行局 HaDEA 新闻（EU4Health / Horizon 健康 call）,European Health and Digital Executive Agency,en,EU,列表页,P1,直连,3,EU4Health 与 Horizon Europe 健康集群的 call 开放/截止、结果与项目新闻,page-ok,page-ok,,https://hadea.ec.europa.eu/news_en,https://research-and-innovation.ec.europa.eu/news_en,CORDIS 的历史 RSS 路径（cordis.europa.eu/rss/news/en）今日 302 到服务说明页，已无 feed。HaDEA 新闻页静态可解析（今日 122 锚点、286 个日期）。,hadea-health-calls
七、科研与基金：方法学、科研诚信、基金与科学媒体,科研基金与科研政策,惠康基金会 Wellcome 观点与新闻,Wellcome Trust,en,UK,列表页,P2,直连,3,全球健康研究资助方的政策立场、报告与资助计划解读,page-ok,page-ok,,https://wellcome.org/insights/articles,https://wellcome.org/insights/reports,今日同一页两次探测结果不同：10:40 返回 200、264351 字节、53 个锚点、16 个日期（page-ok），10:43 再取即 202 + 0 字节（拦截/排队）。判定为按 IP 的限速型 bot 校验，行内保留后一次的 blocked 结果。另：无 RSS——wellcome.org/news/rss.xml 今日 404，/news 已 301 到 /insights。,wellcome-insights
七、科研与基金：方法学、科研诚信、基金与科学媒体,科研基金与科研政策,PCORI 以患者为中心结局研究所 资助公告,Patient-Centered Outcomes Research Institute,en,US,列表页,P1,直连,1,比较效果研究（CER）与实用性临床试验的资助公告,page-ok,page-ok,,https://www.pcori.org/funding-opportunities,,官方 RSS 已陈旧：www.pcori.org/rss.xml 今日 200、10 条，但最新条目 2024-08-21（760 天前），按协议视同死 feed。新闻页 /news-release 今日 403（Checking connection 拦截页），而本行的资助机会页可正常抓取。,pcori-funding
七、科研与基金：方法学、科研诚信、基金与科学媒体,科研基金与科研政策,《自然》新闻 Nature News,Springer Nature,en,UK,订阅源,P1,直连,40,Nature 的新闻、特写与科研政策报道（与研究论文混排）,feed-ok,feed-ok,,https://www.nature.com/nature.rss,,找不到「只有新闻」的官方 feed：加 ?type=news 后返回的字节数与 nature.rss 完全一致（204275），参数被忽略。抓取端按链接形态过滤——新闻类文章是 /articles/d41586-YYYY-NNNNN-x，研究论文是 /articles/s41586-…。,nature-news
七、科研与基金：方法学、科研诚信、基金与科学媒体,科研基金与科研政策,《科学》新闻 Science News / ScienceInsider,American Association for the Advancement of Science,en,US,订阅源,P2,海外中继,25,Science 新闻部报道，含 ScienceInsider 的科研政策与经费追踪,feed-ok,blocked,cloudflare,https://www.science.org/rss/news_current.xml,,science.org 整体在 Cloudflare 之后，但这条新闻 feed 今日直连可取（10 条，近 7 天 20 个日期）；期刊内容 feed 另走 Atypon showFeed 路径，不在本切片。,science-news
七、科研与基金：方法学、科研诚信、基金与科学媒体,科研基金与科研政策,The Scientist,The Scientist / LabX Media Group,en,US,订阅源,P2,云端浏览器,15,生命科学研究界新闻、方法与行业动态,blocked,blocked,http-202,https://www.thescientist.com/rss,,今日 202 + 拦截（域名已改为 the-scientist.com），验证器判为 blocked。202 而非 403，是反爬中间层在排队校验。,the-scientist
七、科研与基金：方法学、科研诚信、基金与科学媒体,科研基金与科研政策,Undark Magazine,Knight Science Journalism at MIT,en,US,订阅源,P1,直连,3,科学与社会的深度报道，常涉公共卫生、药物与研究伦理,feed-ok,feed-ok,,https://undark.org/feed/,,今日 10 条、最新 2026-09-11，近 7 天 0 条，属其正常低频。,undark
七、科研与基金：方法学、科研诚信、基金与科学媒体,科研基金与科研政策,加拿大卫生研究院 CIHR,Canadian Institutes of Health Research,en,CA,列表页,P2,暂无,2,加拿大卫生研究经费公告与政策新闻,failed,failed,,https://www.cihr-irsc.gc.ca/e/49505.html,,失败原因不是封锁而是 TLS：今日探测返回 curl (60) unable to get local issuer certificate，本机 CA bundle 验不出 gc.ca 的证书链；用 -k 跳过校验后该 URL 返回 301（有跳转目标，站点活着）。因此这行今天没有拿到可信的 page-ok，标 P2 待运维补证书后复验。,cihr-news
九、综合医学新闻（条目按内容分到上面八栏）,英文专业医学新闻,MedPage Today 医学新闻,MedPage Today (Everyday Health Group),en,US,订阅源,P0,直连,60,面向临床医生的每日医学新闻：重要试验结果、监管动态、学会年会现场报道,feed-ok,feed-ok,,https://www.medpagetoday.com/rss/headlines.xml,https://www.medpagetoday.com/rss/Cardiology.xml | https://www.medpagetoday.com/rss/HematologyOncology.xml | https://www.medpagetoday.com/rss/InfectiousDisease.xml,今日 20 条全部落在近 7 天内，说明 feed 只保留最近 20 条，轮询间隔应 ≤ 12 小时。专科分feed 用 /rss/<Specialty>.xml，名称见站内 RSS 页。,medpage-today
九、综合医学新闻（条目按内容分到上面八栏）,英文专业医学新闻,Healio 专科医学新闻,Healio (SLACK Incorporated),en,US,订阅源,P2,云端浏览器,50,按专科分区的临床新闻（心内、内分泌、风湿、血液肿瘤等），大量会议现场报道,failed,blocked,incapsula,https://www.healio.com/about/rss,https://www.healio.com/,RSS 目录路径今日 404 且带 Incapsula 拦截特征；/rss/news 与 /news/rss 均 404。首页本身 200 可达（202 个锚点）但专科列表要二跳。,healio
九、综合医学新闻（条目按内容分到上面八栏）,英文专业医学新闻,MDedge,Medscape LLC (原 Frontline Medical Communications),en,US,列表页,P2,直连,20,专科临床新闻与期刊要点（已并入 Medscape 体系）,page-ok,page-ok,,https://www.mdedge.com/rss,,/rss 今日返回 1.5MB 的 HTML（站点已改为脚本渲染的单页应用），页面内既无 <link rel=alternate> 也无任何 .xml 链接，实际已无 RSS；抓到的锚点全是导航。,mdedge
九、综合医学新闻（条目按内容分到上面八栏）,英文专业医学新闻,Medical Xpress 医学研究速递,Science X Network,en,INT,订阅源,P0,直连,200,以论文为单位的研究速递，每条带期刊出处与 DOI,feed-ok,feed-ok,,https://medicalxpress.com/rss-feed/,https://medicalxpress.com/rss-feed/medications-news/ | https://medicalxpress.com/rss-feed/oncology-cancer-news/,今日 30 条全部在近 7 天内；站点按主题提供子 feed（/rss-feed/<topic>/），建议按肿瘤、药物、感染等分频道订阅以便分类。,medical-xpress
九、综合医学新闻（条目按内容分到上面八栏）,英文专业医学新闻,ScienceDaily 健康与医学,ScienceDaily LLC,en,US,订阅源,P0,直连,150,高校与机构新闻稿改写的研究速递，附原始论文引用,feed-ok,feed-ok,,https://www.sciencedaily.com/rss/health_medicine.xml,https://www.sciencedaily.com/rss/health_medicine/pharmacology.xml,今日 60 条、37 条落在近 7 天内。内容源自机构通稿，措辞偏乐观，中文改写时需回到原文核对结论强度。,sciencedaily-health
九、综合医学新闻（条目按内容分到上面八栏）,英文专业医学新闻,EurekAlert! 医学与健康新闻稿,American Association for the Advancement of Science,en,US,列表页,P2,暂无,120,论文发表同步的机构新闻稿（含禁发期解除的重大成果）,failed,failed,,https://www.eurekalert.org/rss/medicine_health.xml,https://www.eurekalert.org/specialtopic/medicine/home,历史上广为引用的 /rss/medicine_health.xml 今日 404；/rss、/rss.xml、/rss.php 也全部 404 或空，archive.eurekalert.org 连接失败；首页 HTML 里没有任何 <link rel=alternate> feed。判断 2021 改版后官方 RSS 已下线，只保留邮件订阅。,eurekalert-medicine
九、综合医学新闻（条目按内容分到上面八栏）,英文专业医学新闻,News-Medical.net,AZoNetwork,en,UK,订阅源,P1,直连,120,医学与生命科学新闻、研究速递与行业动态,feed-ok,feed-ok,,https://www.news-medical.net/syndication.axd?format=rss,,今日 10 条全部在近 7 天内，feed 窗口很短（只保留最新 10 条），轮询需 ≤ 2 小时才不漏。,news-medical-net
九、综合医学新闻（条目按内容分到上面八栏）,英文专业医学新闻,KFF Health News,KFF (Kaiser Family Foundation),en,US,订阅源,P0,直连,25,美国卫生政策、医保与药价的调查报道,feed-ok,feed-ok,,https://kffhealthnews.org/feed/,,今日 10 条全在近 7 天内；全文 feed（144KB/10 条），抓取端注意正文体量。,kff-health-news
九、综合医学新闻（条目按内容分到上面八栏）,英文专业医学新闻,NPR 健康（Shots 栏目）,National Public Radio,en,US,订阅源,P1,直连,15,面向公众的健康与医学报道（Shots 栏目主力）,feed-ok,feed-ok,,https://feeds.npr.org/1128/rss.xml,,1128 是 NPR 的 Health 主题号（feed 标题即 NPR Topics: Health），Shots 栏目内容包含在内。今日 10 条全在近 7 天。,npr-health
九、综合医学新闻（条目按内容分到上面八栏）,英文专业医学新闻,BBC 健康新闻,BBC News,en,UK,订阅源,P2,海外中继,25,BBC 健康条线报道（NHS 政策、疫情、重大研究）,feed-ok,failed,,https://feeds.bbci.co.uk/news/health/rss.xml,,今日 52 条、26 条在近 7 天内，窗口较长，轮询压力小。,bbc-health
九、综合医学新闻（条目按内容分到上面八栏）,英文专业医学新闻,卫报 医学研究,Guardian News & Media,en,UK,订阅源,P2,海外中继,12,医学研究条线报道，常对重大论文做批判性解读,feed-ok,failed,,https://www.theguardian.com/science/medical-research/rss,https://www.theguardian.com/society/health/rss,今日 20 条、14 条在近 7 天内。,guardian-medical-research
九、综合医学新闻（条目按内容分到上面八栏）,英文专业医学新闻,美联社 健康,Associated Press,en,US,订阅源,P2,云端浏览器,20,美联社健康条线通稿,blocked,blocked,cloudflare,https://apnews.com/hub/health.rss,,今日 403「Just a moment...」。AP 对数据中心出口 IP 全站 Cloudflare 挑战。,ap-health
九、综合医学新闻（条目按内容分到上面八栏）,英文专业医学新闻,The Conversation 健康板块,The Conversation US,en,US,订阅源,P2,海外中继,25,由研究者本人撰写的学术科普与评论,feed-ok,failed,,https://theconversation.com/us/health/articles.atom,https://theconversation.com/global/health/articles.atom,今日 25 条、23 条在近 7 天内；Atom 全文（394KB），抓取端注意体量。,the-conversation-health
九、综合医学新闻（条目按内容分到上面八栏）,英文专业医学新闻,梅奥诊所 新闻网络 Mayo Clinic News Network,Mayo Clinic,en,US,订阅源,P2,海外中继,10,梅奥的研究成果发布、临床要点与专家解读,feed-ok,blocked,http-403,https://newsnetwork.mayoclinic.org/feed/,,今日 10 条、9 条在近 7 天内。,mayo-clinic-news
九、综合医学新闻（条目按内容分到上面八栏）,英文专业医学新闻,克利夫兰诊所 Consult QD,Cleveland Clinic,en,US,列表页,P1,直连,12,面向同行医生的临床进展解读（按专科分栏）,page-ok,page-ok,,https://consultqd.clevelandclinic.org/,,无 RSS（/feed 与 /rss 今日均 404）；首页 HTML 内含真实文章链接（站根下的 slug），可解析，但页面日期很少，需进详情页取日期。,cleveland-consult-qd
九、综合医学新闻（条目按内容分到上面八栏）,英文专业医学新闻,约翰霍普金斯医学院 新闻室,Johns Hopkins Medicine,en,US,列表页,P2,云端浏览器,5,霍普金斯的研究发布与专家评论,blocked,blocked,cloudflare,https://www.hopkinsmedicine.org/news/newsroom,,今日 403 Cloudflare「Attention Required」。,hopkins-medicine-newsroom
九、综合医学新闻（条目按内容分到上面八栏）,英文专业医学新闻,2 Minute Medicine,"2 Minute Medicine, Inc.",en,US,订阅源,P2,海外中继,20,逐篇重要临床研究的结构化速览（设计、主要结局、效应量、局限）,feed-ok,blocked,cloudflare,https://www.2minutemedicine.com/feed/,,今日 10 条全部在近 7 天内；窗口短，轮询 ≤ 6 小时。,2-minute-medicine
九、综合医学新闻（条目按内容分到上面八栏）,英文专业医学新闻,Physician's Weekly,"Physician's Weekly, LLC",en,US,订阅源,P2,云端浏览器,20,面向执业医师的研究速递与会议报道,blocked,blocked,cloudflare,https://www.physiciansweekly.com/feed/,,今日 403 Cloudflare（/feed/ 会 301 到 /post/feed/，同样被挡）。,physicians-weekly
九、综合医学新闻（条目按内容分到上面八栏）,英文专业医学新闻,TCTMD 介入心脏病学,Cardiovascular Research Foundation,en,US,订阅源,P2,云端浏览器,15,介入心脏病学试验结果与会议现场报道（TCT/ACC/ESC/AHA）,blocked,blocked,cloudflare,https://www.tctmd.com/rss.xml,,今日 feed 与 /news 列表页均 403 Cloudflare。,tctmd
九、综合医学新闻（条目按内容分到上面八栏）,英文专业医学新闻,OncLive 肿瘤临床新闻,MJH Life Sciences,en,US,订阅源,P2,云端浏览器,40,肿瘤药物审批、关键试验与专家访谈,blocked,blocked,cloudflare,https://www.onclive.com/rss/news,https://www.onclive.com/rss.xml,今日 /rss/news 与 /rss.xml 两条路径都被 Cloudflare 挡（403）；同集团的 CancerNetwork 反而放行，说明是按站点配置而非集团策略。,onclive
九、综合医学新闻（条目按内容分到上面八栏）,英文专业医学新闻,The ASCO Post,American Society of Clinical Oncology / Harborside,en,US,订阅源,P1,直连,40,ASCO 官方新闻刊：试验结果、指南更新、FDA 审批与年会报道,feed-ok,feed-ok,,https://ascopost.com/rss/,,警告：这是全量归档 feed——今日一次拉取 18934 条、24.4MB、耗时 13 秒。必须用 If-Modified-Since/ETag，或只解析前若干条后中断连接，否则会拖垮抓取队列。,asco-post
九、综合医学新闻（条目按内容分到上面八栏）,英文专业医学新闻,CancerNetwork（《Oncology》期刊网站）,MJH Life Sciences,en,US,订阅源,P2,海外中继,30,肿瘤临床新闻、试验解读与专家圆桌,feed-ok,blocked,cloudflare,https://www.cancernetwork.com/rss,,/rss 会 301 到 /rss.xml；今日 30 条全部落在近 7 天内。注意 /rss/news 这种路径是 404（站点只有单一 feed）。,cancer-network
九、综合医学新闻（条目按内容分到上面八栏）,英文专业医学新闻,Healthcare Dive,Industry Dive,en,US,订阅源,P1,直连,25,医疗体系、支付方与数字医疗的行业新闻,feed-ok,feed-ok,,https://www.healthcaredive.com/feeds/news/,,今日 10 条全部在近 7 天内。,healthcare-dive
九、综合医学新闻（条目按内容分到上面八栏）,英文专业医学新闻,Fierce Healthcare,Questex,en,US,订阅源,P2,海外中继,40,医疗支付、医院与数字健康行业新闻,feed-ok,blocked,cloudflare,https://www.fiercehealthcare.com/rss/xml,https://www.fiercebiotech.com/rss/xml | https://www.fiercepharma.com/rss/xml,feed 条目不带标准 pubDate（验证器今日读不到 latest/近 7 天计数），抓取端需按链接去重或解析条目内日期。,fierce-healthcare
九、综合医学新闻（条目按内容分到上面八栏）,英文专业医学新闻,Becker's Hospital Review,Becker's Healthcare,en,US,订阅源,P1,直连,60,美国医院运营、人事与政策的高频简讯,feed-ok,feed-ok,,https://www.beckershospitalreview.com/feed/,,旧路径 /rss/latest.xml 今日 404，站点在 404 页里用 <link rel=alternate> 指出了现址 /feed/（本行采用）。,beckers-hospital-review
九、综合医学新闻（条目按内容分到上面八栏）,英文专业医学新闻,英国国家健康研究所 NIHR 新闻,National Institute for Health and Care Research,en,UK,列表页,P2,暂无,5,NIHR 资助的临床研究成果、证据简报与研究方法倡议,failed,failed,,https://www.nihr.ac.uk/news,https://www.nihr.ac.uk/news/feed,今日 /news 与 /news/feed 均返回 405 且页面标题是「Human Verification」——站点对非浏览器 UA 直接走人机校验，不是 404。,nihr-news
十、学术会议（日历与会期新闻）,学术会议,ASCO 美国临床肿瘤学会年会,American Society of Clinical Oncology,en,US,列表页,P2,直连,3,ASCO 年会日程、摘要开放与官方新闻稿,page-ok,page-ok,,https://www.asco.org/,https://meetings.asco.org/ | https://ascopost.com/rss/,今日四条路径都不适合直抓：/about-asco/press-center/news-releases 跳到站内搜索页、/news-initiatives/press-center 404、meetings.asco.org 返回 0 个锚点、dailynews.ascopubs.org 为 Cloudflare 403。www.asco.org 首页两次探测的静态锚点数在 4→15 之间浮动且 0 个日期，说明主体内容由脚本注入，拿不到带日期的条目。新闻面已由本切片的 The ASCO Post feed 覆盖；日历面建议云浏览器渲染 meetings.asco.org。,asco-annual-meeting
十、学术会议（日历与会期新闻）,学术会议,ESMO 欧洲肿瘤内科学会年会,European Society for Medical Oncology,en,EU,列表页,P2,云端浏览器,3,ESMO 大会新闻稿、指南发布与 late-breaking 摘要,failed,failed,,https://www.esmo.org/newsroom,https://www.esmo.org/,esmo.org 是脚本渲染的单页应用：首页 2.4MB 里只有 5 个静态锚点；/newsroom/press-and-media 与 /meetings/esmo-congress-2026 今日均 404，路径每年会变，不要写死年份。,esmo-congress
十、学术会议（日历与会期新闻）,学术会议,AACR 美国癌症研究协会 新闻室,American Association for Cancer Research,en,US,列表页,P1,直连,3,AACR 年会与基础/转化肿瘤研究的官方新闻稿,page-ok,page-ok,,https://www.aacr.org/about-the-aacr/newsroom/news-releases/,https://www.aacr.org/about-the-aacr/newsroom/ | https://www.aacr.org/meeting/aacr-annual-meeting-2027/,人工核对后改了抓取口：新闻室首页 /about-the-aacr/newsroom/ 虽然锚点多（127 个），但那些全是导航——静态 HTML 里没有新闻条目；真正的列表是 /about-the-aacr/newsroom/news-releases/（News Release Archive，今日含 18 条带标题与日期的条目，最新 2026-09-17）。年会页标注 AACR Annual Meeting 2027 为 4 月 2—7 日；该页同时出现 Orlando/San Antonio/Washington 三个城市名，举办城市未能从静态文本确证。,aacr-newsroom
十、学术会议（日历与会期新闻）,学术会议,ASH 美国血液学会年会,American Society of Hematology,en,US,列表页,P1,直连,2,ASH 年会新闻稿、摘要亮点与学会声明,page-ok,page-ok,,https://www.hematology.org/newsroom,https://www.hematology.org/meetings/annual-meeting,年会页今日标注 2026 年 12 月 12—15 日（上届为 2025-12-06—09）。新闻室页面静态可解析但页面本身不带日期，需进详情页取。 人工核对：新闻室页 HTML 内含 58 条 /newsroom/press-releases/<year>/<slug> 真实稿件链接。,ash-annual-meeting
十、学术会议（日历与会期新闻）,学术会议,SABCS 圣安东尼奥乳腺癌研讨会,SABCS / UT Health San Antonio & AACR,en,US,列表页,P1,直连,1,乳腺癌领域年度会议的日程、摘要与新闻,page-ok,page-ok,,https://sabcs.org/,,官网今日明确标注：SABCS 2026 于 2026 年 12 月 8—11 日在 San Antonio 举行。首页静态可抓（56 个日期），但只有 12 个锚点，条目需进二级页。,sabcs
十、学术会议（日历与会期新闻）,学术会议,WCLC 世界肺癌大会（IASLC）,International Association for the Study of Lung Cancer,en,INT,列表页,P1,直连,2,IASLC 新闻与世界肺癌大会（WCLC）的发布,page-ok,page-ok,,https://www.iaslc.org/news,,"/news 会 301 到 /iaslc-news，静态可解析（141 个锚点、23 个日期）。当年会议站点用独立域名（如 wclc2026.iaslc.org，今日从本机 DNS/连接失败），不要把年度站点写进配置。 人工核对：页面内有 /iaslc-news/press-release/<slug> 真实条目与 ""Sep 14, 2026"" 形式的日期。",wclc-iaslc
十、学术会议（日历与会期新闻）,学术会议,ACC 美国心脏病学会（ACC.xx 年会）,American College of Cardiology,en,US,列表页,P1,直连,10,ACC 临床要闻、指南解读与 ACC 年会报道,page-ok,page-ok,,https://www.acc.org/Latest-in-Cardiology,,页面静态可抓（今日 95 个锚点）但列表几乎不带日期（只有 1 个），需进详情页取发布时间。,acc-latest-in-cardiology
十、学术会议（日历与会期新闻）,学术会议,ESC 欧洲心脏病学会 新闻稿（ESC Congress）,European Society of Cardiology,en,EU,列表页,P1,直连,3,ESC 年会 hot-line 试验新闻稿与欧洲心血管指南发布,page-ok,page-ok,,https://www.escardio.org/The-ESC/Press-Office/Press-releases,,旧路径 /The-ESC/Press-Office/Press-releases 今日 301 到 /news/press/press-releases/（两者都可用，本行保留旧入口以便跟随官方跳转）。页面静态可解析，363 个锚点。 人工核对：页面 HTML 内确有 51 条 /news/press/press-releases/<slug> 真实稿件链接，可解析。,esc-press-releases-10
十、学术会议（日历与会期新闻）,学术会议,TCT 经导管心血管治疗学术会议,Cardiovascular Research Foundation,en,US,列表页,P1,直连,1,TCT 年会日程、late-breaking 试验安排与官方发布,page-ok,page-ok,,https://www.crf.org/tct,,直连 www.tctconference.com 今日连接失败，但经 https://www.crf.org/tct 跳转可达同一站点（标题 TCT 2026）；请用 crf.org 入口。页面锚点少（15），日程要进二级页。,tct-conference
十、学术会议（日历与会期新闻）,学术会议,ADA 美国糖尿病学会 科学年会,American Diabetes Association,en,US,列表页,P1,直连,1,ADA 年会日程、注册与摘要节点；同页列出未来几年会期,page-ok,page-ok,,https://professional.diabetes.org/scientific-sessions,,官网今日列出后续会期：2027-06-18—21、2028-06-09—12、2029-06-08—11（页面同时出现 Washington/Houston/San Diego，城市与年份的对应需进详情页确认）。,ada-scientific-sessions
十、学术会议（日历与会期新闻）,学术会议,EASD 欧洲糖尿病研究学会 年会,European Association for the Study of Diabetes,en,EU,列表页,P2,云端浏览器,1,EASD 年会日程与摘要发布,blocked,blocked,http-403,https://www.easd.org/annual-meeting.html,,今日 403 Forbidden（纯 403，无 Cloudflare 特征页），判断为服务器端 UA/IP 过滤。,easd-annual-meeting
十、学术会议（日历与会期新闻）,学术会议,AAN 美国神经病学学会 年会,American Academy of Neurology,en,US,列表页,P1,直连,1,AAN 年会日程、摘要与学会新闻,page-ok,page-ok,,https://www.aan.com/events/annual-meeting,,页面静态可抓（90 个锚点）但只有 2 个日期，会期需进二级页；抓取时别只取首屏。,aan-annual-meeting
十、学术会议（日历与会期新闻）,学术会议,AAIC 阿尔茨海默病协会国际会议,Alzheimer's Association,en,US,列表页,P1,直连,1,AAIC 会期、日程与新闻发布,page-ok,page-ok,,https://aaic.alz.org/,,页面标题即写明下届会期：AAIC 2027 年 7 月 18—21 日（页面同时出现 Chicago 与 London，主会场需再确认）。,aaic
十、学术会议（日历与会期新闻）,学术会议,IDWeek 美国感染病周,IDSA / SHEA / HIVMA / PIDS / SIDP,en,US,列表页,P1,直连,1,IDWeek 会期、日程与摘要节点,page-ok,page-ok,,https://idweek.org/,,首页今日写明会期 2026 年 10 月 21—24 日（页面出现 Washington）。http://idweek.org 会 301 到 www 域。,idweek
十、学术会议（日历与会期新闻）,学术会议,CROI 逆转录病毒与机会性感染大会,CROI Foundation / IAS-USA,en,US,订阅源,P1,直连,1,CROI 官方发布：会期、摘要征集与会议新闻,feed-ok,feed-ok,,https://www.croiconference.org/feed/,,WordPress feed 可用但低频：今日 10 条、最新 2026-08-28。会议期间会集中更新。,croi
十、学术会议（日历与会期新闻）,学术会议,ESCMID Global（原 ECCMID）,European Society of Clinical Microbiology and Infectious Diseases,en,EU,列表页,P1,直连,2,ESCMID 学会新闻、指南与 ESCMID Global 大会信息,page-ok,page-ok,,https://www.escmid.org/,,首页静态可抓（213 个锚点）但只有 3 个日期；大会专页每年换域名/路径，建议从学会站导航进入而不是写死。,escmid-global
十、学术会议（日历与会期新闻）,学术会议,ATS 美国胸科学会 国际会议,American Thoracic Society,en,US,列表页,P1,直连,1,ATS 年会会期、日程与摘要节点,page-ok,page-ok,,https://conference.thoracic.org/,,conference.thoracic.org 今日 301 到 site.thoracic.org/conference；页面写明 ATS 2027 为 5 月 14—19 日。,ats-conference
十、学术会议（日历与会期新闻）,学术会议,ERS 欧洲呼吸学会 年会,European Respiratory Society,en,EU,列表页,P1,直连,1,ERS 年会信息与学会发布,page-ok,page-ok,,https://www.ersnet.org/congress-and-events/congress/,,页面静态可抓（149 个锚点）但日期只有 3 个、会期文本由脚本插入；页面出现 Barcelona/Milan 两地，会期与城市需进二级页确认。,ers-congress
十、学术会议（日历与会期新闻）,学术会议,DDW 消化疾病周,AGA / AASLD / ASGE / SSAT,en,US,列表页,P2,海外中继,1,DDW 会期、日程与摘要节点,page-ok,blocked,cloudflare,https://ddw.org/,,首页写明 DDW 2027 为 5 月 15—18 日（页面出现 Washington/Chicago）。注意站点会在 URL 上追加 ?doing_wp_cron= 参数，去重时要剥掉。,ddw
十、学术会议（日历与会期新闻）,学术会议,UEG Week 欧洲消化疾病周,United European Gastroenterology,en,EU,列表页,P1,直连,1,UEG Week 会期、日程与学会发布,page-ok,page-ok,,https://ueg.eu/week,,页面静态可抓（153 个锚点）但今日 0 个日期，会期文本由脚本渲染；页面出现 Barcelona/Copenhagen/Vienna 三地。,ueg-week
十、学术会议（日历与会期新闻）,学术会议,EASL 欧洲肝病学会 年会,European Association for the Study of the Liver,en,EU,列表页,P1,直连,1,EASL 年会会期、日程与官方发布,page-ok,page-ok,,https://easlcongress.eu/,,站点标题写明 EASL Congress 2027 在 London。站内 WordPress feed（/feed/）今日 200 但 items=0，不可用；改抓页面。,easl-congress
十、学术会议（日历与会期新闻）,学术会议,AASLD 美国肝病学会 The Liver Meeting,American Association for the Study of Liver Diseases,en,US,列表页,P1,直连,1,The Liver Meeting 会期、日程与 AASLD 指南发布,page-ok,page-ok,,https://www.aasld.org/the-liver-meeting,,/the-liver-meeting 今日 301 到按年份的路径 /tlm-26/home（标题 The Liver Meeting 2026，页面出现 Denver）；请保留通用入口，别写死 tlm-26。,aasld-liver-meeting
十、学术会议（日历与会期新闻）,学术会议,ASN Kidney Week 美国肾脏病学会年会,American Society of Nephrology,en,US,订阅源,P0,直连,2,ASN 新闻稿（含 Kidney Week 现场 late-breaking 与学会政策声明）,feed-ok,feed-ok,,https://www.asn-online.org/about/press/releases/rss.aspx,https://www.asn-online.org/education/kidneyweek/ | https://www.asn-online.org/news/rss.aspx,Kidney Week 页面在 <link rel=alternate> 里公开了多条 .aspx RSS；本行取新闻稿流（今日 21 条、最新 2026-09-21），会期信息在备用的 Kidney Week 页。,asn-kidney-week
十、学术会议（日历与会期新闻）,学术会议,ACR Convergence 美国风湿病学会年会,American College of Rheumatology,en,US,列表页,P2,直连,1,ACR 年会日程、摘要与学会指南发布,page-ok,page-ok,,https://rheumatology.org/annual-meeting,,页面 200，但两次探测的静态锚点数在 6→71 之间浮动、日期始终为 0：条目与会期由脚本注入，静态抓取取不到可用列表。acrconvergence.org 今日 301 到同一页面。,acr-convergence
十、学术会议（日历与会期新闻）,学术会议,EULAR 欧洲风湿病学会联盟 年会,European Alliance of Associations for Rheumatology,en,EU,列表页,P1,直连,1,EULAR 学会新闻、推荐意见（recommendations）与年会信息,page-ok,page-ok,,https://www.eular.org/,https://congress.eular.org/,大会站 congress.eular.org 今日只有 6 个静态锚点（脚本渲染，标题写着 EULAR 2027）；学会主站静态内容更多（110 个锚点），故以主站为抓取口。,eular-congress
十、学术会议（日历与会期新闻）,学术会议,RSNA 北美放射学会 年会,Radiological Society of North America,en,US,列表页,P1,直连,1,RSNA 年会会期、日程与官方发布,page-ok,page-ok,,https://www.rsna.org/annual-meeting,,页面今日标注 RSNA 2027 为 11 月 14—18 日、地点 Chicago。,rsna-annual-meeting
十、学术会议（日历与会期新闻）,学术会议,ISPOR 国际药物经济学与结果研究学会 会议,ISPOR,en,US,列表页,P1,直连,1,ISPOR 全球与区域会议的会期、主题与征稿,page-ok,page-ok,,https://www.ispor.org/conferences-education/conferences,,页面列出多场会议的会期（今日可见 2026-09-22—23、2027-05-23—26、2028-05-15—18 等），城市出现 San Francisco/Vienna/Denver；静态可解析（231 个锚点）。,ispor-conferences
十、学术会议（日历与会期新闻）,学术会议,DIA 国际药物信息协会 会议,Drug Information Association,en,US,列表页,P2,直连,1,DIA 全球年会与区域会议列表（监管科学、临床研发、药物警戒）,page-ok,page-ok,,https://www.diaglobal.org/en/conference-listing,,列表页静态可抓（130 个锚点）但今日 0 个日期：会期在各会议详情页里，需二跳。,dia-conferences
十、学术会议（日历与会期新闻）,学术会议,ISoP 国际药物警戒学会 年会,International Society of Pharmacovigilance,en,UK,列表页,P1,直连,1,ISoP 年会与培训班信息、药物警戒方法学动态,page-ok,page-ok,,https://isoponline.org/,,首页静态可抓（119 个锚点、9 个日期），会议条目在 /events 二级页。,isop-pharmacovigilance
十、学术会议（日历与会期新闻）,学术会议,ICPE 国际药物流行病学大会（ISPE）,International Society for Pharmacoepidemiology,en,US,列表页,P2,海外中继,1,ICPE 年会与 ICPE All Access 的会期、征稿与方法学工作坊,page-ok,blocked,http-403,https://www.pharmacoepi.org/meetings/,,会议页静态可抓（132 个锚点）但今日 0 个日期，会期需进各届会议页。,icpe-pharmacoepi
十、学术会议（日历与会期新闻）,学术会议,Cochrane Colloquium 科克伦年会,Cochrane,en,INT,列表页,P1,直连,1,Cochrane 年会会期、征稿与系统评价方法学议程,page-ok,page-ok,,https://colloquium-2026.cochrane.org/,https://colloquium-2026.cochrane.org/feed/,colloquium.cochrane.org 今日 301 到按年份的 colloquium-2026.cochrane.org（页面出现 London）。该站 WordPress feed 今日只有 1 条、停在 2025-10-06，仅作备用；以页面为准。,cochrane-colloquium
十、学术会议（日历与会期新闻）,学术会议,CSCO 中国临床肿瘤学会 年会,中国临床肿瘤学会 (CSCO),zh,CN,列表页,P1,直连,3,CSCO 学会动态、年会与指南大会通知、CSCO 指南发布,page-ok,page-ok,,https://www.csco.org.cn/cn/index.aspx,,根域 http://www.csco.org.cn 只返回一段 window.location 跳转（739 字节），必须用 /cn/index.aspx；该页静态含真实条目链接（ncontent.aspx?oid=…），但标题在嵌套标签里、页面无日期，需进详情页取时间。,csco-annual-meeting
十、学术会议（日历与会期新闻）,学术会议,GW-ICC 长城心脏病学大会,长城国际心脏病学会议组委会,zh,CN,列表页,P2,直连,1,长城会会期、日程与会议通知,page-ok,page-ok,,https://www.gw-icc.org/index.html,,站点今日状态异常：根路径 https://www.gw-icc.org/ 返回「404 - 页面不存在」，/index.html 虽 200 但页面标题是「测试」、34 个锚点、0 个日期，看起来是占位/施工页。东方心脏病学会议 OCC（www.occ-china.org）今日从本机连接直接失败（DNS/网络层），同样暂无可抓入口，故不单列一行。,gw-icc
十、学术会议（日历与会期新闻）,学术会议,世界中医药学会联合会（世界中医药大会）,世界中医药学会联合会 (WFCMS),zh,CN,列表页,P2,直连,1,世界中医药大会及世界中联各专业委员会的会议通知,page-ok,page-ok,,https://www.wfcms.org/,,首页两次探测锚点 15→67、日期 2 个，导航之外几乎没有可解析条目，判断内容集中在二级栏目或由脚本渲染；建议抓其「新闻中心」二级页，或先以中文医药媒体覆盖世界中医药大会的报道。,wfcms-world-tcm
一、临床证据：期刊、文献流与预印本,中文期刊,中华医学期刊网 yiigle（中华医学会系列期刊）,中华医学会杂志社,zh,CN,列表页,P2,云端浏览器,60,中华医学会 200 余种系列期刊的最新文章、网络首发与当期目录,failed,failed,,https://www.yiigle.com/,https://zhyxzz.yiigle.com/,今日实测：www.yiigle.com 是 Vue 单页应用（首屏只有 530 字节、标题 loading），接口前缀为 /apiVue，未公开文档；各刊子域（如 zhyxzz.yiigle.com）会 302 到 casmp.yiigle.com/login?...&gateway=true 的 CAS 网关。CNKI 的 RSS 通道也不可用：rss.cnki.net/kns/rss.aspx?Journal=ZHYX&Virtual=knavi 今日返回 418（反爬）。因此中文核心期刊群没有免登录的官方聚合口，按刊落地更现实。,yiigle-cma-journals
一、临床证据：期刊、文献流与预印本,中文期刊,中华医学杂志,中华医学会,zh,CN,开放接口,P1,直连,12,中华医学会旗舰综合性医学期刊的新上线文章（经 PubMed 通道取题录）,api-ok,api-ok,,https://eutils.ncbi.nlm.nih.gov/entrez/eutils/esearch.fcgi?db=pubmed&retmode=json&retmax=50&sort=pub+date&datetype=edat&reldate=14&term=%22Zhonghua%20Yi%20Xue%20Za%20Zhi%22%5Bjour%5D,https://www.yiigle.com/journal/index?journalId=ZHYXZZ,因官网走登录网关，这里用 PubMed E-utilities 按刊名取近 14 天题录（今日同一查询近 60 天返回 92 条，非空）。esearch 只返回 PMID 列表，抓取端还需一次 esummary/efetch 拿标题与日期；中文标题需回官网或按 PMID 取 [Article in Chinese] 的翻译标题。,zhonghua-yixue-zazhi
一、临床证据：期刊、文献流与预印本,中文期刊,中华内科杂志,中华医学会,zh,CN,开放接口,P1,直连,4,内科各系统临床研究、指南解读与病例讨论的题录流,api-ok,api-ok,,https://eutils.ncbi.nlm.nih.gov/entrez/eutils/esearch.fcgi?db=pubmed&retmode=json&retmax=50&sort=pub+date&datetype=edat&reldate=14&term=%22Zhonghua%20Nei%20Ke%20Za%20Zhi%22%5Bjour%5D,,PubMed 通道（今日近 60 天 35 条）。中华系列各刊的 PubMed 刊名缩写各不相同，换刊时必须逐一核对 [jour] 字段。,zhonghua-neike-zazhi
一、临床证据：期刊、文献流与预印本,中文期刊,中华肿瘤杂志,中华医学会,zh,CN,开放接口,P1,直连,3,国内肿瘤临床与流行病学研究题录,api-ok,api-ok,,https://eutils.ncbi.nlm.nih.gov/entrez/eutils/esearch.fcgi?db=pubmed&retmode=json&retmax=50&sort=pub+date&datetype=edat&reldate=14&term=%22Zhonghua%20Zhong%20Liu%20Za%20Zhi%22%5Bjour%5D,,PubMed 通道（今日近 60 天 21 条）。,zhonghua-zhongliu-zazhi
一、临床证据：期刊、文献流与预印本,中文期刊,中华心血管病杂志,中华医学会,zh,CN,开放接口,P1,直连,3,心血管临床研究、中国指南与共识的题录,api-ok,api-ok,,https://eutils.ncbi.nlm.nih.gov/entrez/eutils/esearch.fcgi?db=pubmed&retmode=json&retmax=50&sort=pub+date&datetype=edat&reldate=14&term=%22Zhonghua%20Xin%20Xue%20Guan%20Bing%20Za%20Zhi%22%5Bjour%5D,,PubMed 通道（今日近 60 天 32 条）。,zhonghua-xinxueguanbing-zazhi
一、临床证据：期刊、文献流与预印本,中文期刊,中华流行病学杂志,中华医学会 / 中国疾病预防控制中心,zh,CN,列表页,P1,直连,6,中国人群流行病学研究、疾病负担与监测分析,page-ok,page-ok,,http://chinaepi.icdc.cn/,https://eutils.ncbi.nlm.nih.gov/entrez/eutils/esearch.fcgi?db=pubmed&retmode=json&retmax=50&sort=pub+date&datetype=edat&reldate=14&term=%22Zhonghua%20Liu%20Xing%20Bing%20Xue%20Za%20Zhi%22%5Bjour%5D,少见的自建站（勤云 .aspx 平台）且对爬虫友好：首页 HTML 内就有当期文章标题与 reader/view_abstract.aspx?file_no=… 链接（今日 247 个条目锚点）。站内 reader/rss.aspx 今日返回的是一个 3KB 的 HTML 页而非 XML，不能当 feed 用。PubMed 通道作备用（今日近 60 天 74 条）。,zhonghua-liuxingbingxue-zazhi
一、临床证据：期刊、文献流与预印本,中文期刊,中国循证医学杂志,四川大学华西医院 / 华西医学期刊出版社,zh,CN,列表页,P1,直连,5,系统评价/Meta 分析、循证方法学、中国指南方法学研究,page-ok,page-ok,,https://www.cjebm.com/journal/zgxzyxzz,,http://www.cjebm.com 今日 301 到 /journal/zgxzyxzz；该页 HTML 内含真实文章链接（/article/10.7507/…，即 DOI 路径）与卷期，可直接解析。页面上的年份字符串有脏数据（出现 2022/0/0 这类），日期以文章页为准。,cjebm
一、临床证据：期刊、文献流与预印本,中文期刊,中国全科医学,中国全科医学杂志社,zh,CN,订阅源,P1,直连,15,全科/基层医疗的中文原创研究，网络首发流（在线预览）,feed-ok,feed-ok,,https://www.chinagp.net/CN/rss_first_1007-9572.xml,https://www.chinagp.net/CN/rss_dqml_1007-9572.xml | https://www.chinagp.net/CN/rss/showRssInfo.do,今日在线预览 feed 65 条、当期目录 21 条，均可用。注意：Magtech 的 rss_first 条目不带 pubDate（验证器读不到 latest），抓取端要按链接去重。玛格泰克(Magtech)平台的通用规律（本切片今日实测）：RSS 目录页在 <期刊根>/CN/rss/showRssInfo.do，网络首发/在线预览是 rss_first_<ISSN>.xml、当期目录是 rss_dqml_<ISSN>.xml、栏目流是 rss_lm_<n>_<ISSN>.xml。但并非每个站点都生成这些文件（中国医院药学杂志、中国新药杂志今日取到的是 HTTP404 页面），接入前必须逐刊探测。 2026-09-21 干跑实测：rss_first 与 rss_dqml 两个订阅源都返回 200 且有条目，但条目的 DOI 年份是 2021、2022，订阅源早已停更；探测工具因条目不带日,chinagp
一、临床证据：期刊、文献流与预印本,中文期刊,协和医学杂志,中国医学科学院 / 北京协和医院,zh,CN,列表页,P1,直连,4,协和主办的综合性临床医学期刊：述评、指南解读、罕见病与多学科诊疗,page-ok,page-ok,,https://xhyxzz.pumch.cn/,,首页静态可抓（今日 278 个锚点）。该站不是 Magtech：按 Magtech 规律试的 /CN/rss_first_1674-9081.xml 今日 404，站内也未发现 RSS。,xhyxzz
一、临床证据：期刊、文献流与预印本,中文期刊,中国医学科学院学报,中国医学科学院 / 北京协和医学院,zh,CN,订阅源,P1,直连,2,医科院系统的基础与临床研究（网络首发流）,feed-ok,feed-ok,,http://journal13.magtechjournal.com/yxkxy/CN/rss_first_1000-503X.xml,http://journal13.magtechjournal.com/yxkxy/CN/rss_dqml_1000-503X.xml,www.actacams.com 今日只回一段 window.location 跳转（115 字节）到 journal13.magtechjournal.com/yxkxy/，抓取要用后者。在线预览 feed 今日只有 1 条，量很小；当期目录作备用。,actacams
一、临床证据：期刊、文献流与预印本,中文期刊,中国中药杂志,中国药学会 / 中华中医药学会期刊集群,zh,CN,开放接口,P1,直连,25,中药化学、药理、质量标准与临床应用研究（经 PubMed 取题录）,api-ok,api-ok,,https://eutils.ncbi.nlm.nih.gov/entrez/eutils/esearch.fcgi?db=pubmed&retmode=json&retmax=50&sort=pub+date&datetype=edat&reldate=14&term=%22Zhongguo%20Zhong%20Yao%20Za%20Zhi%22%5Bjour%5D,https://www.tcmjc.com/zgzy/home,官网已迁到中华中医药学会期刊集群 tcmjc.com（旧址 www.cjcmm.com.cn 今日 301 过去），该站是 Vue 单页应用：静态 HTML 里只剩 {{item.doi}} 这类模板占位符，按 Magtech 规律试的 /CN/rss_dqml_1001-5302.xml 也被跳转吃掉。所以改用 PubMed 通道（今日近 60 天 174 条，是本切片中文刊里 PubMed 量最大的一本）。,cjcmm
一、临床证据：期刊、文献流与预印本,中文期刊,中草药,天津药物研究院 / 中草药杂志社,zh,CN,列表页,P1,直连,15,中药化学成分、药效物质与质量控制研究，以及编辑部公告,page-ok,page-ok,,https://www.tiprpress.com/zcy/home,,期刊社自建平台，首页静态含新闻与文章条目（今日 232 个锚点、49 个日期），可解析；未发现 RSS。同社另有 CHM 等英文刊在同域下。,zhongcaoyao
一、临床证据：期刊、文献流与预印本,中文期刊,中国中西医结合杂志,中国中西医结合学会 / 中国中医科学院,zh,CN,列表页,P1,直连,4,中西医结合临床研究、循证评价与名医经验,page-ok,page-ok,,http://www.cjim.cn/web/ch/index.aspx,,根路径 http://www.cjim.cn 只回一段 meta refresh（63 字节）到 web/ch/index.aspx，且 https 证书链不完整（curl 验证失败），所以抓取端要用 http + 深路径。该页为勤云 .aspx 平台，静态含条目（今日 48 个锚点、27 个日期）。,cjim
一、临床证据：期刊、文献流与预印本,中文期刊,中医杂志,中华中医药学会 / 中国中医科学院,zh,CN,列表页,P2,云端浏览器,8,中医临床与理论研究、名老中医经验、中医循证研究,failed,failed,,http://zzyz.cbpt.cnki.net/,,该刊在 CNKI 腾云平台只有投审稿入口：今日 http://zzyz.cbpt.cnki.net 直接 301 到 /EditorD3N/Quit.aspx（164 字节的编辑部系统退出页），没有公开的文章列表。CNKI 的 RSS 通道今日也不可用（rss.cnki.net 返回 418）。该刊未见 PubMed 收录，故无题录兜底。,zhongyi-zazhi
一、临床证据：期刊、文献流与预印本,中文期刊,中国实验方剂学杂志,中国中医科学院中药研究所 / 中华中医药学会,zh,CN,列表页,P1,直连,15,方剂配伍、中药药理与制剂工艺研究,page-ok,page-ok,,https://www.syfjxzz.com/cn,,官网 www.syfjxzz.com 今日 301 到 /cn，页面 1MB、含 758 个日期与 57 个锚点，条目可解析（注意同一篇文章会重复出现在多个栏目里，需去重）。该刊在中华中医药学会期刊集群也有镜像页（tcmjc.com/syfjx/home），但那是单页应用，不建议抓。,syfjx
一、临床证据：期刊、文献流与预印本,中文期刊,中国药学杂志,中国药学会,zh,CN,订阅源,P0,直连,6,药物化学、药剂、药理与临床药学研究的当期目录,feed-ok,feed-ok,,http://journal11.magtechjournal.com/Jwk_zgyxzz/CN/rss_dqml_1001-2494.xml,http://journal11.magtechjournal.com/Jwk_zgyxzz/CN/rss/showRssInfo.do,www.zgyxzz.com.cn 的 https 证书主机名不匹配（curl 报 no alternative certificate subject name），但 http 会跳到 journal11.magtechjournal.com/Jwk_zgyxzz/，用这个域抓就没有证书问题。该刊的在线预览 feed（rss_first）今日 0 条，所以取当期目录 feed（今日 12 条）。玛格泰克(Magtech)平台的通用规律（本切片今日实测）：RSS 目录页在 <期刊根>/CN/rss/showRssInfo.do，网络首发/在线预览是 rss_first_<ISSN>.xml、当期目录是 rss_dqml_<ISSN>.xml、栏目流是 rss_lm_<n>_<ISSN>.xml。但并非每个站点都生成这些文件（中国医院药学杂志、中国新药杂志今日取到的是 HTTP404 页面）,zgyxzz-pharm
一、临床证据：期刊、文献流与预印本,中文期刊,中国医院药学杂志,中国药学会,zh,CN,列表页,P1,直连,10,医院药学实践、临床药学服务、药物不良反应与药事管理,page-ok,page-ok,,https://zgyyyx.magtechjournal.com/CN/1001-5213/home.shtml,https://zgyyyx.magtechjournal.com/CN/rss/showRssInfo.do,www.zgyyyx.com 今日只回一段 window.location 跳转到 zgyyyx.magtechjournal.com。该站虽是 Magtech，但 RSS 文件没有生成：官方 RSS 目录页里列出的 rss_dqml_1001-5213.xml / rss_first_1001-5213.xml 今日都返回「HTTP404 无法找到页面」，所以只能抓 Magtech 的刊物主页。,zgyyyx
一、临床证据：期刊、文献流与预印本,中文期刊,中国新药杂志,中国医药科技出版社 / 中国药学会,zh,CN,列表页,P1,直连,10,新药研发、注册审评、临床试验与药物政策的中文研究与综述,page-ok,page-ok,,http://www.newdrug.cn/CN/home,,根路径回一段 Magtech 通用跳转脚本到 /CN/home；该页静态含条目（今日 42 个锚点、58 个日期）。RSS 同样没生成（rss_first/rss_dqml 今日都是 HTTP404 页面）。,newdrug
一、临床证据：期刊、文献流与预印本,中文期刊,中国现代应用药学,中国药学会 / 浙江省医学科技教育发展中心,zh,CN,订阅源,P0,直连,4,应用药学、药物分析、临床药学与药物警戒研究的当期目录,feed-ok,feed-ok,,http://www.chinjmap.com/rss/current.xml,http://www.chinjmap.com/showRssInfo,该站用的是 xml-journal.net 期刊平台（与 China CDC Weekly 同一套）：RSS 目录在 /showRssInfo，当期目录是 /rss/current.xml、历史卷期是 /rss/<year>_<issue>.xml。今日 15 条、带日期，是本切片中文刊里最干净的一条 feed。,chinjmap
一、临床证据：期刊、文献流与预印本,中文期刊,中国药房,中国医院协会 / 中国药房杂志社,zh,CN,列表页,P2,云端浏览器,10,药事管理、药物经济学与临床药学研究,failed,failed,,https://www.china-pharmacy.com/,,方正（Founder）期刊门户的 Vue 单页应用：今日首页只有 6KB 的壳、0 个锚点、0 个日期，HTML 里只有 journal-static.portal.founderss.cn 下的 vue/axios/element-ui 静态资源，内容全靠 XHR 注入，静态抓取拿不到任何条目。,china-pharmacy
一、临床证据：期刊、文献流与预印本,中文期刊,药学学报,中国药学会 / 中国医学科学院药物研究所,zh,CN,列表页,P2,暂无,5,药物化学、药理与药物分析的中文原创研究,failed,failed,,https://www.yxxb.com.cn/CN/volumn/current.shtml,,失败原因是 TLS 而非封锁：https 证书链不完整（curl (60) unable to get local issuer certificate），http 又 301 到 https，两条路今天都拿不到内容；用 -k 跳过校验时能看到正常的《药学学报》页面，说明站点本身是活的。,yxxb-acta-pharm-sinica
一、临床证据：期刊、文献流与预印本,中文期刊,中华中医药杂志,中华中医药学会,zh,CN,列表页,P2,暂无,8,中医药理论、临床与实验研究,failed,failed,,https://www.zhzyyzz.com/,,今日该域名的 https 证书主机名不匹配（curl (60) no alternative certificate subject name matches target host name 'www.zhzyyzz.com'），连接层就断在证书校验，拿不到任何内容；需要先确认这是不是现行官方域名。,zhzyyzz
一、临床证据：期刊、文献流与预印本,中文期刊,世界科学技术-中医药现代化,中国科学院 / 中医药现代化编辑部,zh,CN,列表页,P2,云端浏览器,3,中医药现代化研究、网络药理学与政策研究,failed,failed,,http://www.wst.ac.cn/,,与《中国药房》同一类问题：今日返回 6KB 的方正门户壳页，0 个锚点、0 个日期，内容由 XHR 注入，静态抓取无条目。,wst-tcm-modernization
一、临床证据：期刊、文献流与预印本,文献查询流,PubMed 检索流 · 核心临床期刊 RCT,U.S. National Library of Medicine (NCBI E-utilities),en,US,开放接口,P0,直连,3,26 本核心临床期刊近 7 天新进入 PubMed 的随机对照试验（randomized controlled trial[pt]）,api-ok,api-ok,,https://eutils.ncbi.nlm.nih.gov/entrez/eutils/esearch.fcgi?db=pubmed&retmode=json&retmax=100&sort=pub+date&datetype=edat&reldate=7&term=(randomized+controlled+trial[pt])+AND+(%22N+Engl+J+Med%22[jour]+OR+%22Lancet%22[jour]+OR+%22JAMA%22[jour]+OR+%22BMJ%22[jour]+OR+%22Ann+Intern+Med%22[jour]+OR+%22Nat+Med%22[jour]+OR+%22JAMA+Intern+Med%22[jour]+OR+%22Lancet+Oncol%22[jour]+OR+%22J+Clin+Oncol%22[jour]+OR+%22Circulation%22[jour]+OR+%22Eur+Heart+J%22[jour]+OR+%22J+Am+Coll+Cardiol%22[jour]+OR+%22Gastroenterology%22[jour]+OR+%22Gut%22[jour]+OR+%22Blood%22[jour]+OR+%22Diabetes+Care%22[jour]+OR+%22Lancet+Diabetes+Endocrinol%22[jour]+OR+%22Am+J+Respir+Crit+Care+Med%22[jour]+OR+%22Lancet+Respir+Med%22[jour]+OR+%22JAMA+Oncol%22[jour]+OR+%22Lancet+Infect+Dis%22[jour]+OR+%22Lancet+Neurol%22[jour]+OR+%22JAMA+Psychiatry%22[jour]+OR+%22Ann+Rheum+Dis%22[jour]+OR+%22Kidney+Int%22[jour]+OR+%22Intensive+Care+Med%22[jour]),"https://eutils.ncbi.nlm.nih.gov/entrez/eutils/esummary.fcgi?db=pubmed&retmode=json&id=42734448,42735207",核心临床期刊替身 = 26 本显式期刊（NEJM/Lancet/JAMA/BMJ/Ann Intern Med/Nat Med/JAMA Intern Med/Lancet Oncol/J Clin Oncol/Circulation/Eur Heart J/JACC/Gastroenterology/Gut/Blood/Diabetes Care/Lancet Diabetes Endocrinol/AJRCCM/Lancet Respir Med/JAMA Oncol/Lancet Infect Dis/Lancet Neurol/JAMA Psychiatry/Ann Rheum Dis/Kidney Int/Intensive Care Med）。抓取链路（本 slice 所有 PubMed 行通用，当天实测）：① esearch.fcgi 返回 esearchresult.cou,pubmed-rct-core-journals
一、临床证据：期刊、文献流与预印本,文献查询流,PubMed 检索流 · 核心循证期刊系统综述/Meta 分析,U.S. National Library of Medicine (NCBI E-utilities),en,US,开放接口,P0,直连,13,Cochrane、J Clin Epidemiol、BMJ EBM、Syst Rev、Res Synth Methods 及六本顶刊近 7 天新增的系统综述与 Meta 分析,api-ok,api-ok,,https://eutils.ncbi.nlm.nih.gov/entrez/eutils/esearch.fcgi?db=pubmed&retmode=json&retmax=100&sort=pub+date&datetype=edat&reldate=7&term=(systematic+review[pt]+OR+meta-analysis[pt])+AND+(%22Cochrane+Database+Syst+Rev%22[jour]+OR+%22J+Clin+Epidemiol%22[jour]+OR+%22BMJ+Evid+Based+Med%22[jour]+OR+%22Syst+Rev%22[jour]+OR+%22Res+Synth+Methods%22[jour]+OR+%22Ann+Intern+Med%22[jour]+OR+%22BMJ%22[jour]+OR+%22JAMA%22[jour]+OR+%22Lancet%22[jour]+OR+%22JAMA+Intern+Med%22[jour]+OR+%22J+Clin+Oncol%22[jour]+OR+%22Eur+Heart+J%22[jour]+OR+%22Circulation%22[jour]),,限定在 13 本循证/顶级临床期刊内；若只用 (systematic review[pt] OR meta-analysis[pt]) 不限期刊，当天 7 日计数为 406 条，噪声过大。另注：systematic[sb] 过滤器在 E-utilities 可用（全库 424312 条），可作为放宽口径的备选。,pubmed-sr-ma-core-journals
一、临床证据：期刊、文献流与预印本,文献查询流,PubMed 检索流 · 指南与共识,U.S. National Library of Medicine (NCBI E-utilities),en,US,开放接口,P0,直连,54,近 7 天新增的 guideline[pt]/practice guideline[pt]/consensus development conference[pt] 以及标题含 consensus statement / expert consensus 的文章,api-ok,api-ok,,https://eutils.ncbi.nlm.nih.gov/entrez/eutils/esearch.fcgi?db=pubmed&retmode=json&retmax=100&sort=pub+date&datetype=edat&reldate=7&term=(guideline[pt]+OR+practice+guideline[pt]+OR+%22consensus+development+conference%22[pt]+OR+%22consensus+statement%22[ti]+OR+%22expert+consensus%22[ti]),,注意 PubMed 词法：consensus development conference[pt] 必须加引号，否则 conference 会被当成独立词并报 phrasesnotfound。,pubmed-guidelines-consensus
一、临床证据：期刊、文献流与预印本,文献查询流,PubMed 检索流 · 网状 Meta 分析,U.S. National Library of Medicine (NCBI E-utilities),en,US,开放接口,P0,直连,62,近 7 天新增、标题/摘要含 network meta-analysis 或 indirect treatment comparison 的研究,api-ok,api-ok,,https://eutils.ncbi.nlm.nih.gov/entrez/eutils/esearch.fcgi?db=pubmed&retmode=json&retmax=100&sort=pub+date&datetype=edat&reldate=7&term=(%22network+meta-analysis%22[tiab]+OR+%22network+meta+analysis%22[tiab]+OR+%22indirect+treatment+comparison%22[tiab]),,,pubmed-network-meta-analysis
一、临床证据：期刊、文献流与预印本,文献查询流,PubMed 检索流 · 孟德尔随机化,U.S. National Library of Medicine (NCBI E-utilities),en,US,开放接口,P0,直连,88,近 7 天新增的孟德尔随机化研究（tiab 双拼写 + MeSH 主题词）,api-ok,api-ok,,https://eutils.ncbi.nlm.nih.gov/entrez/eutils/esearch.fcgi?db=pubmed&retmode=json&retmax=100&sort=pub+date&datetype=edat&reldate=7&term=(%22mendelian+randomization%22[tiab]+OR+%22mendelian+randomisation%22[tiab]+OR+%22Mendelian+Randomization+Analysis%22[mh]),,,pubmed-mendelian-randomization
一、临床证据：期刊、文献流与预印本,文献查询流,PubMed 检索流 · 靶试验仿真与真实世界证据,U.S. National Library of Medicine (NCBI E-utilities),en,US,开放接口,P1,直连,203,近 7 天新增的 target trial emulation / real-world evidence / real-world data 研究,api-ok,api-ok,,https://eutils.ncbi.nlm.nih.gov/entrez/eutils/esearch.fcgi?db=pubmed&retmode=json&retmax=100&sort=pub+date&datetype=edat&reldate=7&term=(%22target+trial+emulation%22[tiab]+OR+%22emulated+target+trial%22[tiab]+OR+%22target+trial%22[ti]+OR+%22real-world+evidence%22[tiab]+OR+%22real-world+data%22[tiab]),,单周 203 条，量偏大：real-world data 一词在信息学论文里也高频出现，入库后建议再用 LLM 过一遍临床相关性。,pubmed-target-trial-rwe
一、临床证据：期刊、文献流与预印本,文献查询流,PubMed 检索流 · GRADE 与证据确信度,U.S. National Library of Medicine (NCBI E-utilities),en,US,开放接口,P1,直连,154,近 7 天新增、使用 GRADE 方法或讨论 certainty of evidence 的文章,api-ok,api-ok,,"https://eutils.ncbi.nlm.nih.gov/entrez/eutils/esearch.fcgi?db=pubmed&retmode=json&retmax=100&sort=pub+date&datetype=edat&reldate=7&term=(%22GRADE+approach%22[tiab]+OR+%22Grading+of+Recommendations+Assessment,+Development+and+Evaluation%22[tiab]+OR+%22certainty+of+evidence%22[tiab]+OR+%22certainty+of+the+evidence%22[tiab])",,"刻意不写 GRADE[ti]：GRADE 作为普通英文词和大量无关标题冲突，改用 ""GRADE approach""[tiab] 等短语锁定。",pubmed-grade-certainty
一、临床证据：期刊、文献流与预印本,文献查询流,PubMed 检索流 · 药物警戒与不成比例分析,U.S. National Library of Medicine (NCBI E-utilities),en,US,开放接口,P0,直连,65,近 7 天新增的药物警戒、FAERS/自发呈报系统、disproportionality、ROR 类研究,api-ok,api-ok,,https://eutils.ncbi.nlm.nih.gov/entrez/eutils/esearch.fcgi?db=pubmed&retmode=json&retmax=100&sort=pub+date&datetype=edat&reldate=7&term=(pharmacovigilance[tiab]+OR+%22adverse+event+reporting+system%22[tiab]+OR+disproportionality[tiab]+OR+FAERS[tiab]+OR+%22reporting+odds+ratio%22[tiab]+OR+%22signal+detection%22[ti]),,,pubmed-pharmacovigilance
一、临床证据：期刊、文献流与预印本,文献查询流,PubMed 检索流 · 药物性肝损伤,U.S. National Library of Medicine (NCBI E-utilities),en,US,开放接口,P0,直连,25,近 7 天新增的药物性肝损伤研究（tiab 短语 + MeSH Chemical and Drug Induced Liver Injury + 标题 hepatotoxicity）,api-ok,api-ok,,https://eutils.ncbi.nlm.nih.gov/entrez/eutils/esearch.fcgi?db=pubmed&retmode=json&retmax=100&sort=pub+date&datetype=edat&reldate=7&term=(%22drug-induced+liver+injury%22[tiab]+OR+%22Chemical+and+Drug+Induced+Liver+Injury%22[mh]+OR+hepatotoxicity[ti]),,,pubmed-drug-induced-liver-injury
一、临床证据：期刊、文献流与预印本,文献查询流,PubMed 检索流 · 超说明书用药,U.S. National Library of Medicine (NCBI E-utilities),en,US,开放接口,P0,直连,30,近 7 天新增的超说明书用药研究与评论（MeSH Off-Label Use + tiab）,api-ok,api-ok,,https://eutils.ncbi.nlm.nih.gov/entrez/eutils/esearch.fcgi?db=pubmed&retmode=json&retmax=100&sort=pub+date&datetype=edat&reldate=7&term=(%22Off-Label+Use%22[mh]+OR+%22off-label%22[tiab]+OR+%22off+label%22[tiab]),,,pubmed-off-label-use
一、临床证据：期刊、文献流与预印本,文献查询流,PubMed 检索流 · 药物相互作用,U.S. National Library of Medicine (NCBI E-utilities),en,US,开放接口,P0,直连,31,近 7 天新增的药物相互作用研究（MeSH Drug Interactions 不扩展 + tiab 短语）,api-ok,api-ok,,https://eutils.ncbi.nlm.nih.gov/entrez/eutils/esearch.fcgi?db=pubmed&retmode=json&retmax=100&sort=pub+date&datetype=edat&reldate=7&term=(%22Drug+Interactions%22[mh:noexp]+OR+%22drug-drug+interaction%22[tiab]+OR+%22drug-drug+interactions%22[tiab]+OR+%22drug+interaction%22[ti]),,用 [mh:noexp] 抑制 MeSH 树下扩展，否则 Drug Interactions 会把 Herb-Drug/Food-Drug 全部拉进来，周量翻倍且相关性下降。,pubmed-drug-drug-interaction
一、临床证据：期刊、文献流与预印本,文献查询流,PubMed 检索流 · 药物经济学与卫生技术评估,U.S. National Library of Medicine (NCBI E-utilities),en,US,开放接口,P0,直连,68,近 7 天新增的成本效果分析、HTA、预算影响分析与药物经济学研究,api-ok,api-ok,,https://eutils.ncbi.nlm.nih.gov/entrez/eutils/esearch.fcgi?db=pubmed&retmode=json&retmax=100&sort=pub+date&datetype=edat&reldate=7&term=(%22cost-effectiveness+analysis%22[tiab]+OR+%22health+technology+assessment%22[tiab]+OR+%22Cost-Benefit+Analysis%22[mh]+OR+pharmacoeconomic*[tiab]+OR+%22budget+impact%22[tiab]),,,pubmed-pharmacoeconomics-hta
一、临床证据：期刊、文献流与预印本,文献查询流,PubMed 检索流 · 大模型/生成式 AI 的临床评测,U.S. National Library of Medicine (NCBI E-utilities),en,US,开放接口,P1,直连,163,近 7 天新增、同时命中大模型关键词与临床语境词（clinical/patient/diagnosis/physician）的文章,api-ok,api-ok,,https://eutils.ncbi.nlm.nih.gov/entrez/eutils/esearch.fcgi?db=pubmed&retmode=json&retmax=100&sort=pub+date&datetype=edat&reldate=7&term=((%22large+language+model%22[tiab]+OR+%22large+language+models%22[tiab]+OR+%22generative+artificial+intelligence%22[tiab]+OR+ChatGPT[tiab]+OR+%22GPT-4%22[tiab])+AND+(clinical[tiab]+OR+patient[tiab]+OR+patients[tiab]+OR+diagnosis[tiab]+OR+diagnostic[tiab]+OR+physicians[tiab])),,必须保留 AND 后面的临床语境子句：只用大模型关键词时噪声主要来自计算机科学与教育学论文。周量 163 条仍偏大，入库后建议二次过滤。,pubmed-llm-clinical-evaluation
一、临床证据：期刊、文献流与预印本,文献查询流,PubMed 检索流 · 中医药 RCT 与系统综述,U.S. National Library of Medicine (NCBI E-utilities),en,US,开放接口,P0,直连,19,近 7 天新增的中医药/中药/针灸 RCT、系统综述与 Meta 分析（MeSH + tiab 交叉限定）,api-ok,api-ok,,"https://eutils.ncbi.nlm.nih.gov/entrez/eutils/esearch.fcgi?db=pubmed&retmode=json&retmax=100&sort=pub+date&datetype=edat&reldate=7&term=((%22Medicine,+Chinese+Traditional%22[mh]+OR+%22Drugs,+Chinese+Herbal%22[mh]+OR+%22traditional+Chinese+medicine%22[tiab]+OR+%22Acupuncture+Therapy%22[mh])+AND+(randomized+controlled+trial[pt]+OR+systematic+review[pt]+OR+meta-analysis[pt]))",,"用 MeSH（Medicine, Chinese Traditional / Drugs, Chinese Herbal / Acupuncture Therapy）而不是纯 tiab，能把大量只在讨论里提一句 TCM 的文章排除掉。",pubmed-tcm-rct-sr
一、临床证据：期刊、文献流与预印本,文献查询流,PubMed 检索流 · 中国机构在五大顶刊,U.S. National Library of Medicine (NCBI E-utilities),en,US,开放接口,P0,直连,13,近 7 天新增、作者机构含 China 且发表在 NEJM/Lancet/JAMA/BMJ/Nat Med 的文章,api-ok,api-ok,,https://eutils.ncbi.nlm.nih.gov/entrez/eutils/esearch.fcgi?db=pubmed&retmode=json&retmax=100&sort=pub+date&datetype=edat&reldate=7&term=(China[ad])+AND+(%22N+Engl+J+Med%22[jour]+OR+%22Lancet%22[jour]+OR+%22JAMA%22[jour]+OR+%22BMJ%22[jour]+OR+%22Nat+Med%22[jour]),,[ad] 是 Affiliation 字段，只在 MEDLINE 完成机构标引后可用；新上线文章可能延迟数日才命中这条流。,pubmed-china-top-journals
一、临床证据：期刊、文献流与预印本,文献查询流,PubMed 检索流 · 撤稿与关注声明,U.S. National Library of Medicine (NCBI E-utilities),en,US,开放接口,P0,直连,23,近 30 天新增的 Retracted Publication / Retraction of Publication / Expression of Concern,api-ok,api-ok,,https://eutils.ncbi.nlm.nih.gov/entrez/eutils/esearch.fcgi?db=pubmed&retmode=json&retmax=100&sort=pub+date&datetype=edat&reldate=30&term=(%22Retracted+Publication%22[pt]+OR+%22Retraction+of+Publication%22[pt]+OR+%22Expression+of+Concern%22[pt]),,本行用 reldate=30（撤稿是低频事件，7 天窗口容易空跑）；当天 30 天计数 94 条，7 天计数 23 条，volume_per_week 记的是 7 天实测值。,pubmed-retractions
一、临床证据：期刊、文献流与预印本,文献查询流,PubMed 检索流 · 医学文献计量,U.S. National Library of Medicine (NCBI E-utilities),en,US,开放接口,P1,直连,69,近 7 天新增、文献计量/科学计量方法 AND 医学语境的文章,api-ok,api-ok,,https://eutils.ncbi.nlm.nih.gov/entrez/eutils/esearch.fcgi?db=pubmed&retmode=json&retmax=100&sort=pub+date&datetype=edat&reldate=7&term=((bibliometric*[tiab]+OR+scientometric*[tiab]+OR+%22research+trends%22[ti]+OR+%22global+trends%22[ti])+AND+(medicine[tiab]+OR+medical[tiab]+OR+clinical[tiab]+OR+health[tiab]+OR+disease[tiab]+OR+diseases[tiab])),,bibliometric*[tiab] 的通配符在 PubMed 可用；必须 AND 医学语境词，否则会混入材料学、图书馆学的计量论文。,pubmed-bibliometrics-medicine
一、临床证据：期刊、文献流与预印本,文献查询流,PubMed 自建 RSS（Create RSS 的 POST 接口）,U.S. National Library of Medicine,en,US,订阅源,P0,直连,63,把任意 PubMed 检索式变成一条官方 RSS：标题、作者、期刊、日期、DOI、PMID 与摘要片段,feed-ok,feed-ok,,https://pubmed.ncbi.nlm.nih.gov/rss/search/1ZIrvZUsS72-d2tYfo6LacyS-UVyWkW30gTo-6YlDHZM7Umk4k/?limit=100&utm_campaign=pubmed-2&fc=20260921060402,https://pubmed.ncbi.nlm.nih.gov/create-rss-feed-url/,"✅ 当天实测：不用浏览器也能建 RSS。三步：① GET 任一 PubMed 检索页（如 https://pubmed.ncbi.nlm.nih.gov/?term=<检索式>），从 HTML 里抠出 <input name=""csrfmiddlewaretoken"" value=""…"">；② POST https://pubmed.ncbi.nlm.nih.gov/create-rss-feed-url/ ，带 Cookie: csrftoken=<同一个 token>、Header X-CSRFToken/Origin/Referer，表单字段是 csrfmiddlewaretoken、term、search_term、name、limit（limit 取值 5/10/15/20/50/100）；③ 返回 200 + {""rss_feed_url"": ""https://pubmed.n",pubmed-rss-created-headlessly
一、临床证据：期刊、文献流与预印本,文献查询流,PubMed E-utilities esummary（PMID → 书目元数据）,U.S. National Library of Medicine (NCBI E-utilities),en,US,开放接口,P0,直连,0,不是新闻流，是上面 17 条 esearch 流的第二跳：把 PMID 变成标题/期刊/日期/DOI/出版类型,api-ok,api-ok,,"https://eutils.ncbi.nlm.nih.gov/entrez/eutils/esummary.fcgi?db=pubmed&retmode=json&id=42734448,42735207,42762229,42753227,42745658","https://eutils.ncbi.nlm.nih.gov/entrez/eutils/efetch.fcgi?db=pubmed&retmode=xml&id=42734448,42735207,42762229,42753227,42745658","当天实测返回 result.<pmid>，字段：title / fulljournalname / source（期刊缩写）/ sortpubdate（YYYY/MM/DD HH:MM，排序用这个）/ epubdate / pubdate / pubtype（数组，如 ['Journal Article','Randomized Controlled Trial']）/ articleids（数组，取 idtype=='doi' 的 value）/ elocationid / authors / issn / essn / nlmuniqueid / pmcrefcount。**esummary 不返回摘要** —— 要摘要必须走 endpoint_alt 的 efetch&retmode=xml。efetch 当天同样实测通过：http 200、117041 字节、5 条记录里含 5 个",pubmed-eutils-esummary
一、临床证据：期刊、文献流与预印本,预印本,Europe PMC · medRxiv 预印本流,EMBL-EBI Europe PMC,en,EU,开放接口,P0,直连,318,medRxiv 全量预印本，resultType=core 直接带标题、完整摘要、作者、DOI、首发日期,api-ok,api-ok,,https://www.ebi.ac.uk/europepmc/webservices/rest/search?query=SRC%3APPR%20AND%20PUBLISHER%3A%22medRxiv%22&format=json&sort=P_PDATE_D%20desc&resultType=core&pageSize=100,https://www.ebi.ac.uk/europepmc/webservices/rest/search?query=SRC%3APPR%20AND%20PUBLISHER%3A%22bioRxiv%22&format=json&sort=P_PDATE_D%20desc&resultType=core&pageSize=100 | https://www.ebi.ac.uk/europepmc/webservices/rest/search?query=SRC%3APPR%20AND%20PUBLISHER%3A%22medRxiv%22%20AND%20FIRST_PDATE%3A%5B2026-09-14%20TO%202026-09-21%5D&format=json&sort=P_PDATE_D%20desc&resultType=core&pageSize=100,"PUBLISHER:""medRxiv"" 是当天实测有效的筛选字段（全库 89124 条，近 7 天 318 条），比按 SRC:PPR + 关键词猜医学相关干净得多。不加 FIRST_PDATE 直接按 sort=P_PDATE_D desc 读第 1 页最适合做增量（爬虫按 id/doi 去重即可），endpoint_alt 里给了固定窗口的写法备查。sort 的空格必须编码成 %20 或 +。cursorMark 分页字段是 nextCursorMark / nextPageUrl。⚠️ 延迟抖动大：同一条 URL 当天三次探测分别为 2.3s、>35s 超时、31.9s。resultType=core + pageSize=100 的返回体约 400 KB，高峰时段容易卡到 30 秒以上。爬虫超时设 ≥60s 并带 1 次重试；若只要题录不要摘要，改 resultType=lite ",europepmc-medrxiv-preprints
一、临床证据：期刊、文献流与预印本,文献查询流,Europe PMC · DOI 批量补摘要,EMBL-EBI Europe PMC,en,EU,开放接口,P0,直连,0,拿一串 DOI 换回摘要、MeSH、机构、关键词、开放获取状态与全文链接,api-ok,api-ok,,https://www.ebi.ac.uk/europepmc/webservices/rest/search?query=DOI%3A%2210.1080%2F15502783.2026.2720742%22%20OR%20DOI%3A%2210.1080%2F07853890.2026.2729947%22%20OR%20DOI%3A%2210.1212%2FCPJ.0000000000200659%22&format=json&resultType=core&pageSize=25,https://www.ebi.ac.uk/europepmc/webservices/rest/search?query=EXT_ID%3A42734448%20AND%20SRC%3AMED&format=json&resultType=core,"用法：query=DOI:""a"" OR DOI:""b"" OR …（DOI 必须加双引号，斜杠不用转义，整串按 URL 编码），resultType=core 才有 abstractText。当天用 3 个真实 DOI 实测 hitCount=3、3 条全部带摘要，返回里还有 meshHeadingList / keywordList / affiliation / fullTextUrlList / isOpenAccess / citedByCount。注意 DOI 大小写会被归一化（请求里的 MEDGASRES-D-26-00067 返回成小写），去重时按小写比对。单次 query 长度有限，建议每批 ≤25 个 DOI。匿名调用无需 key；官方建议 ≤ 每秒数次，大批量走 POST /searchPOST。",europepmc-doi-abstract-enrich
一、临床证据：期刊、文献流与预印本,预印本,Europe PMC · 预印本里的随机对照试验,EMBL-EBI Europe PMC,en,EU,开放接口,P0,直连,19,摘要里自述为随机对照试验的预印本，正式发表前数月即可见,api-ok,api-ok,,https://www.ebi.ac.uk/europepmc/webservices/rest/search?query=SRC%3APPR%20AND%20(ABSTRACT%3A%22randomised%20controlled%20trial%22%20OR%20ABSTRACT%3A%22randomized%20controlled%20trial%22)&format=json&sort=P_PDATE_D%20desc&resultType=core&pageSize=100,,ABSTRACT: 字段限定很关键——不限定字段时 Europe PMC 会搜开放全文，随机对照试验一词在讨论/参考文献里到处都是。英美双拼写都要写。全库 5744 条、近 7 天 19 条。推送时务必标注“预印本，未经同行评议”。,europepmc-preprint-rct
一、临床证据：期刊、文献流与预印本,预印本,medRxiv · 流行病学,medRxiv (BMJ / Yale / Cold Spring Harbor Laboratory),en,US,订阅源,P0,直连,45,medRxiv 流行病学学科的新预印本：标题、摘要、作者、DOI、发布日期,feed-ok,feed-ok,,https://connect.medrxiv.org/medrxiv_xml.php?subject=Epidemiology,https://api.medrxiv.org/details/medrxiv/2026-09-14/2026-09-21/0/json,⚠️ connect.medrxiv.org 当天极不稳定：同一条 URL 第一次 curl 在 20s/40s 超时、重试才拿到 200（成功时只要 1.3s）。DNS 解析正常（143.48.220.72）、TCP 443 能连上，是 HTTP 层挂住。爬虫必须带重试（建议 3 次、间隔 3-5s、单次超时 ≥40s），只失败一次不要判死。feed 是 RSS 1.0 (RDF)，固定只回最新 30 条，含 dc:date 与 prism:publicationDate 两个日期标签，抓 dc:title/dc:description(摘要)/dc:creator/prism:doi。轮询间隔 ≤1 天，否则高产学科会漏条。volume_per_week 是用 api.medrxiv.org 拉全周 394 条后按 category 精确计数得到的，不是 feed 条数。,medrxiv-epidemiology
一、临床证据：期刊、文献流与预印本,预印本,medRxiv · 感染性疾病,medRxiv (BMJ / Yale / Cold Spring Harbor Laboratory),en,US,订阅源,P0,直连,22,medRxiv 感染性疾病学科的新预印本：标题、摘要、作者、DOI、发布日期,feed-ok,feed-ok,,https://connect.medrxiv.org/medrxiv_xml.php?subject=Infectious_Diseases,https://api.medrxiv.org/details/medrxiv/2026-09-14/2026-09-21/0/json,⚠️ connect.medrxiv.org 当天极不稳定：同一条 URL 第一次 curl 在 20s/40s 超时、重试才拿到 200（成功时只要 1.3s）。DNS 解析正常（143.48.220.72）、TCP 443 能连上，是 HTTP 层挂住。爬虫必须带重试（建议 3 次、间隔 3-5s、单次超时 ≥40s），只失败一次不要判死。feed 是 RSS 1.0 (RDF)，固定只回最新 30 条，含 dc:date 与 prism:publicationDate 两个日期标签，抓 dc:title/dc:description(摘要)/dc:creator/prism:doi。轮询间隔 ≤1 天，否则高产学科会漏条。volume_per_week 是用 api.medrxiv.org 拉全周 394 条后按 category 精确计数得到的，不是 feed 条数。,medrxiv-infectious-diseases
一、临床证据：期刊、文献流与预印本,预印本,medRxiv · 肿瘤学,medRxiv (BMJ / Yale / Cold Spring Harbor Laboratory),en,US,订阅源,P0,直连,12,medRxiv 肿瘤学学科的新预印本：标题、摘要、作者、DOI、发布日期,feed-ok,feed-ok,,https://connect.medrxiv.org/medrxiv_xml.php?subject=Oncology,https://api.medrxiv.org/details/medrxiv/2026-09-14/2026-09-21/0/json,⚠️ connect.medrxiv.org 当天极不稳定：同一条 URL 第一次 curl 在 20s/40s 超时、重试才拿到 200（成功时只要 1.3s）。DNS 解析正常（143.48.220.72）、TCP 443 能连上，是 HTTP 层挂住。爬虫必须带重试（建议 3 次、间隔 3-5s、单次超时 ≥40s），只失败一次不要判死。feed 是 RSS 1.0 (RDF)，固定只回最新 30 条，含 dc:date 与 prism:publicationDate 两个日期标签，抓 dc:title/dc:description(摘要)/dc:creator/prism:doi。轮询间隔 ≤1 天，否则高产学科会漏条。volume_per_week 是用 api.medrxiv.org 拉全周 394 条后按 category 精确计数得到的，不是 feed 条数。,medrxiv-oncology
一、临床证据：期刊、文献流与预印本,预印本,medRxiv · 心血管医学,medRxiv (BMJ / Yale / Cold Spring Harbor Laboratory),en,US,订阅源,P0,直连,21,medRxiv 心血管医学学科的新预印本：标题、摘要、作者、DOI、发布日期,feed-ok,feed-ok,,https://connect.medrxiv.org/medrxiv_xml.php?subject=Cardiovascular_Medicine,https://api.medrxiv.org/details/medrxiv/2026-09-14/2026-09-21/0/json,⚠️ connect.medrxiv.org 当天极不稳定：同一条 URL 第一次 curl 在 20s/40s 超时、重试才拿到 200（成功时只要 1.3s）。DNS 解析正常（143.48.220.72）、TCP 443 能连上，是 HTTP 层挂住。爬虫必须带重试（建议 3 次、间隔 3-5s、单次超时 ≥40s），只失败一次不要判死。feed 是 RSS 1.0 (RDF)，固定只回最新 30 条，含 dc:date 与 prism:publicationDate 两个日期标签，抓 dc:title/dc:description(摘要)/dc:creator/prism:doi。轮询间隔 ≤1 天，否则高产学科会漏条。volume_per_week 是用 api.medrxiv.org 拉全周 394 条后按 category 精确计数得到的，不是 feed 条数。,medrxiv-cardiovascular-medicine
一、临床证据：期刊、文献流与预印本,预印本,medRxiv · 医学信息学,medRxiv (BMJ / Yale / Cold Spring Harbor Laboratory),en,US,订阅源,P0,直连,25,medRxiv 医学信息学学科的新预印本：标题、摘要、作者、DOI、发布日期,feed-ok,feed-ok,,https://connect.medrxiv.org/medrxiv_xml.php?subject=Health_Informatics,https://api.medrxiv.org/details/medrxiv/2026-09-14/2026-09-21/0/json,⚠️ connect.medrxiv.org 当天极不稳定：同一条 URL 第一次 curl 在 20s/40s 超时、重试才拿到 200（成功时只要 1.3s）。DNS 解析正常（143.48.220.72）、TCP 443 能连上，是 HTTP 层挂住。爬虫必须带重试（建议 3 次、间隔 3-5s、单次超时 ≥40s），只失败一次不要判死。feed 是 RSS 1.0 (RDF)，固定只回最新 30 条，含 dc:date 与 prism:publicationDate 两个日期标签，抓 dc:title/dc:description(摘要)/dc:creator/prism:doi。轮询间隔 ≤1 天，否则高产学科会漏条。volume_per_week 是用 api.medrxiv.org 拉全周 394 条后按 category 精确计数得到的，不是 feed 条数。,medrxiv-health-informatics
一、临床证据：期刊、文献流与预印本,预印本,medRxiv · 药理学与治疗学,medRxiv (BMJ / Yale / Cold Spring Harbor Laboratory),en,US,订阅源,P0,直连,2,medRxiv 药理学与治疗学学科的新预印本：标题、摘要、作者、DOI、发布日期,feed-ok,feed-ok,,https://connect.medrxiv.org/medrxiv_xml.php?subject=Pharmacology_and_Therapeutics,https://api.medrxiv.org/details/medrxiv/2026-09-14/2026-09-21/0/json,⚠️ connect.medrxiv.org 当天极不稳定：同一条 URL 第一次 curl 在 20s/40s 超时、重试才拿到 200（成功时只要 1.3s）。DNS 解析正常（143.48.220.72）、TCP 443 能连上，是 HTTP 层挂住。爬虫必须带重试（建议 3 次、间隔 3-5s、单次超时 ≥40s），只失败一次不要判死。feed 是 RSS 1.0 (RDF)，固定只回最新 30 条，含 dc:date 与 prism:publicationDate 两个日期标签，抓 dc:title/dc:description(摘要)/dc:creator/prism:doi。轮询间隔 ≤1 天，否则高产学科会漏条。volume_per_week 是用 api.medrxiv.org 拉全周 394 条后按 category 精确计数得到的，不是 feed 条数。本学科 med,medrxiv-pharmacology-and-therapeutics
一、临床证据：期刊、文献流与预印本,预印本,medRxiv · 公共卫生与全球健康,medRxiv (BMJ / Yale / Cold Spring Harbor Laboratory),en,US,订阅源,P0,直连,25,medRxiv 公共卫生与全球健康学科的新预印本：标题、摘要、作者、DOI、发布日期,feed-ok,feed-ok,,https://connect.medrxiv.org/medrxiv_xml.php?subject=Public_and_Global_Health,https://api.medrxiv.org/details/medrxiv/2026-09-14/2026-09-21/0/json,⚠️ connect.medrxiv.org 当天极不稳定：同一条 URL 第一次 curl 在 20s/40s 超时、重试才拿到 200（成功时只要 1.3s）。DNS 解析正常（143.48.220.72）、TCP 443 能连上，是 HTTP 层挂住。爬虫必须带重试（建议 3 次、间隔 3-5s、单次超时 ≥40s），只失败一次不要判死。feed 是 RSS 1.0 (RDF)，固定只回最新 30 条，含 dc:date 与 prism:publicationDate 两个日期标签，抓 dc:title/dc:description(摘要)/dc:creator/prism:doi。轮询间隔 ≤1 天，否则高产学科会漏条。volume_per_week 是用 api.medrxiv.org 拉全周 394 条后按 category 精确计数得到的，不是 feed 条数。,medrxiv-public-and-global-health
一、临床证据：期刊、文献流与预印本,预印本,medRxiv · 精神病学与临床心理学,medRxiv (BMJ / Yale / Cold Spring Harbor Laboratory),en,US,订阅源,P0,直连,33,medRxiv 精神病学与临床心理学学科的新预印本：标题、摘要、作者、DOI、发布日期,feed-ok,feed-ok,,https://connect.medrxiv.org/medrxiv_xml.php?subject=Psychiatry_and_Clinical_Psychology,https://api.medrxiv.org/details/medrxiv/2026-09-14/2026-09-21/0/json,⚠️ connect.medrxiv.org 当天极不稳定：同一条 URL 第一次 curl 在 20s/40s 超时、重试才拿到 200（成功时只要 1.3s）。DNS 解析正常（143.48.220.72）、TCP 443 能连上，是 HTTP 层挂住。爬虫必须带重试（建议 3 次、间隔 3-5s、单次超时 ≥40s），只失败一次不要判死。feed 是 RSS 1.0 (RDF)，固定只回最新 30 条，含 dc:date 与 prism:publicationDate 两个日期标签，抓 dc:title/dc:description(摘要)/dc:creator/prism:doi。轮询间隔 ≤1 天，否则高产学科会漏条。volume_per_week 是用 api.medrxiv.org 拉全周 394 条后按 category 精确计数得到的，不是 feed 条数。,medrxiv-psychiatry-and-clinical-psychology
一、临床证据：期刊、文献流与预印本,预印本,medRxiv Details API（按日期窗口全量拉取）,medRxiv / Cold Spring Harbor Laboratory,en,US,开放接口,P0,直连,395,一个日期窗口内 medRxiv 的全部预印本：doi/title/authors/通讯作者机构/date/version/type/license/category/jatsxml/abstract/published,api-ok,api-ok,,https://api.medrxiv.org/details/medrxiv/2026-09-14/2026-09-21/0/json,https://api.medrxiv.org/details/medrxiv/2026-09-18/2026-09-21/0/json,URL 形如 /details/medrxiv/<YYYY-MM-DD>/<YYYY-MM-DD>/<cursor>/json，cursor 按 100 步进，messages[0] 里有 count/total/count_new_papers。当天实测：2026-09-14→2026-09-21 全周 total=395，分 4 页取回 394 条；published 字段是转为正式论文后的期刊 DOI（未发表时为 'NA'），可用来判断“预印本已见刊”。⚠️ 连续翻页会撞 503：本次 cursor=100/200/300 各重试过 1-2 次，页间至少 sleep 5s。⚠️ 同域的 api.biorxiv.org 当天 120s 超时完全不可达，bioRxiv 只能走 connect.biorxiv.org 的 RSS。⚠️ 延迟抖动大：同一条 URL 当天三次探测分别为 1.6,medrxiv-api-details
一、临床证据：期刊、文献流与预印本,预印本,bioRxiv · 药理学与毒理学,bioRxiv / Cold Spring Harbor Laboratory,en,US,订阅源,P1,直连,30,药理学与毒理学方向的生物医学预印本：机制、靶点、毒性研究,feed-ok,feed-ok,,https://connect.biorxiv.org/biorxiv_xml.php?subject=pharmacology_and_toxicology,https://www.ebi.ac.uk/europepmc/webservices/rest/search?query=SRC%3APPR%20AND%20PUBLISHER%3A%22bioRxiv%22&format=json&sort=P_PDATE_D%20desc&resultType=core&pageSize=100,feed 固定 30 条、当天 30 条全部落在近 7 天内（说明该学科周产 ≥30，实际更高，feed 被截断）。⚠️ api.biorxiv.org/details/biorxiv/... 当天 120 秒超时、零字节返回，与 api.medrxiv.org 的可用状态完全相反——两者虽同属 CSHL 但不是同一条链路。connect.biorxiv.org 与 connect.medrxiv.org 同一个 IP，同样需要重试。,biorxiv-pharmacology-toxicology
一、临床证据：期刊、文献流与预印本,预印本,bioRxiv · 全学科新预印本,bioRxiv / Cold Spring Harbor Laboratory,en,US,订阅源,P1,直连,30,bioRxiv 全部学科的最新 30 条预印本,feed-ok,feed-ok,,https://connect.biorxiv.org/biorxiv_xml.php?subject=all,,subject=all 在 bioRxiv 侧当天可用（medRxiv 侧的 subject=all 首次探测 20s 超时）。30 条上限意味着 bioRxiv 全站日产远超 30，这条流只适合做时效采样，不能当全量。,biorxiv-all-subjects
一、临床证据：期刊、文献流与预印本,预印本,arXiv · cs.CL 临床/医学 NLP,arXiv (Cornell University),en,US,订阅源,P1,直连,30,计算语言学分类下摘要含 clinical 或 medical 的新论文（医学大模型的主产区）,feed-ok,feed-ok,,https://export.arxiv.org/api/query?search_query=cat:cs.CL+AND+%28abs:clinical+OR+abs:medical%29&sortBy=submittedDate&sortOrder=descending&max_results=100,,"查询语法用 abs: 限定摘要而不是 all:，否则参考文献里出现 clinical 的论文都会进来。返回 Atom，每条有 <published>(v1 提交时间)/<updated>/<title>/<summary>(摘要)/<author>/<category>/<link rel=""alternate"">，DOI 只有作者登记过才有 <arxiv:doi>。当天全库匹配 5661 条、近 7 天 30 条。⚠️ arXiv API 要求带 User-Agent，裸 urllib 请求当天直接回 406 Not Acceptable；官方限速建议 ≥3 秒一次请求。sortBy=submittedDate 排的是首次提交时间，最新一条为 2026-09-18（API 索引有 1-3 天滞后）。",arxiv-cs-cl-clinical
一、临床证据：期刊、文献流与预印本,预印本,arXiv · eess.IV 医学影像,arXiv (Cornell University),en,US,订阅源,P1,直连,11,图像与视频处理分类下的医学影像 AI 新论文,feed-ok,feed-ok,,https://export.arxiv.org/api/query?search_query=cat:eess.IV+AND+%28abs:medical+OR+abs:clinical+OR+abs:radiology%29&sortBy=submittedDate&sortOrder=descending&max_results=100,,当天全库匹配 9087 条、近 7 天 11 条；200 条一页可回溯到 2026-06-16，说明该切片日产约 3 条，轮询一天一次足够。,arxiv-eess-iv-medical-imaging
一、临床证据：期刊、文献流与预印本,预印本,arXiv · q-bio.QM 定量生物学方法,arXiv (Cornell University),en,US,订阅源,P1,直连,26,定量方法学分类：统计、流行病学建模、生信方法的新论文,feed-ok,feed-ok,,https://export.arxiv.org/api/query?search_query=cat:q-bio.QM&sortBy=submittedDate&sortOrder=descending&max_results=100,,不加关键词限定：q-bio.QM 本身就是方法学专区，加词反而漏。当天全库 13605 条、近 7 天 26 条。,arxiv-qbio-qm
一、临床证据：期刊、文献流与预印本,预印本,Research Square 预印本（经 Europe PMC）,Research Square / Springer Nature,en,US,开放接口,P1,直连,2114,Research Square 上新贴出的预印本（含 In Review 里送审中的 Springer Nature 稿件），带完整摘要与 DOI,api-ok,api-ok,,https://www.ebi.ac.uk/europepmc/webservices/rest/search?query=SRC%3APPR%20AND%20PUBLISHER%3A%22Research%20Square%22&format=json&sort=P_PDATE_D%20desc&resultType=core&pageSize=100,https://www.researchsquare.com/browse,不走 researchsquare.com 自己的站：/browse 是 Next.js 客户端渲染的 HTML（当天 200、234 KB，但列表由 JS 注入，且 ?journal=&sortBy= 这类参数会被重定向到 /error?message=notFound），要解析得上云浏览器。改走 Europe PMC 的 PUBLISHER 过滤，一次调用就有标题+摘要+DOI。⚠️ 周量 2114 条，是本 slice 里最大的一路，必须先按医学主题过滤再入库，否则会淹掉整个 feed。,research-square-preprints
一、临床证据：期刊、文献流与预印本,预印本,SSRN · Preprints with The Lancet,SSRN / Elsevier,en,US,列表页,P2,云端浏览器,0,投给 Lancet 系列、在 SSRN 上先行公开的临床预印本,blocked,failed,cloudflare,https://papers.ssrn.com/sol3/Jeljour_results.cfm?form_name=journalBrowse&journal_id=3526883,,"⚠️ 两条路都不通：papers.ssrn.com 当天回 Cloudflare 的 'Just a moment...'（403）；Europe PMC 侧 PUBLISHER:""SSRN"" 近 7 天命中 0 条，仅存的 SSRN 记录停在 2021-2023，说明 Europe PMC 已不再收录 SSRN。journal_id=3526883 未能在被拦的情况下确认，维护者接入前须先人工核对该 id。",ssrn-lancet-preprints
一、临床证据：期刊、文献流与预印本,预印本,ChinaXiv 中国科学院科技论文预发布平台,中国科学院文献情报中心,zh,CN,列表页,P1,直连,0,国内中文预印本，首页滚动列出最新 /abs/<YYYYMM.NNNNN> 条目,page-ok,page-ok,,https://chinaxiv.org/home.htm,,⚠️ 当天实测三条路被封：OAI-PMH 接口 https://chinaxiv.org/oai/OAIHandler?verb=Identify 回 43 字节的 'Sorry!You have no right to access this web.'；/user/search.htm 回 403「系统正在维护中」；/newest.htm 与 /subject/list.htm 均 404。只有 home.htm 可用（200，104 KB），首页上能抓到 24 个 /abs/<id> 链接、最新到 202609.00183，说明平台仍在更新但没有机器可读的增量口。id 形如 202609.00183，按月+序号递增，可据此推断新条目。volume_per_week 记 0 表示没测出可靠的周产量，不代表没有更新。,chinaxiv-preprints
五、研发产业：产业媒体、药企与试验注册,临床试验注册,ClinicalTrials.gov · 新登记的 3 期试验,U.S. National Library of Medicine · ClinicalTrials.gov,en,US,开放接口,P0,直连,45,按首次公示日期倒序的 3 期临床试验：适应证、干预、申办方、样本量、主要终点,api-ok,api-ok,,https://clinicaltrials.gov/api/v2/studies?filter.advanced=AREA%5BPhase%5DPHASE3&sort=StudyFirstPostDate%3Adesc&pageSize=50&format=json&countTotal=true,,当天全库 3 期共 49880 条、近 7 天新登记 45 条。 抓取字段（当天实测）：totalCount + studies[].protocolSection 下 identificationModule.nctId / briefTitle / officialTitle、statusModule.overallStatus 与 studyFirstPostDateStruct / lastUpdatePostDateStruct / resultsFirstPostDateStruct（各含 date 与 type=ACTUAL|ESTIMATED）、designModule.phases / studyType、conditionsModule.conditions、armsInterventionsModule、sponsorCollaboratorsModule、conta,ctgov-phase3-new-registrations
五、研发产业：产业媒体、药企与试验注册,临床试验注册,ClinicalTrials.gov · 首次公布结果的试验,U.S. National Library of Medicine · ClinicalTrials.gov,en,US,开放接口,P0,直连,66,按结果首次公示日期倒序：带结构化结局数据与不良事件表的试验,api-ok,api-ok,,https://clinicaltrials.gov/api/v2/studies?filter.advanced=AREA%5BResultsFirstPostDate%5DRANGE%5BMIN%2CMAX%5D&sort=ResultsFirstPostDate%3Adesc&pageSize=50&format=json&countTotal=true,,"用 AREA[ResultsFirstPostDate]RANGE[MIN,MAX] 筛掉没有结果的试验（否则排序字段为空的记录会混进来）。当天有结果的共 80148 条、近 7 天新公布 66 条。 抓取字段（当天实测）：totalCount + studies[].protocolSection 下 identificationModule.nctId / briefTitle / officialTitle、statusModule.overallStatus 与 studyFirstPostDateStruct / lastUpdatePostDateStruct / resultsFirstPostDateStruct（各含 date 与 type=ACTUAL|ESTIMATED）、designModule.phases / studyType、conditionsModule",ctgov-results-first-posted
五、研发产业：产业媒体、药企与试验注册,临床试验注册,ClinicalTrials.gov · 中国研究中心的干预性试验,U.S. National Library of Medicine · ClinicalTrials.gov,en,US,开放接口,P0,直连,84,研究中心位于中国、按登记日期倒序的干预性试验,api-ok,api-ok,,https://clinicaltrials.gov/api/v2/studies?query.locn=China&filter.advanced=AREA%5BStudyType%5DINTERVENTIONAL&sort=StudyFirstPostDate%3Adesc&pageSize=50&format=json&countTotal=true,,query.locn=China 匹配研究中心所在地（不是申办方国籍）。当天全库 42355 条、近 7 天 84 条，是五条 CT.gov 流里最大的一路。 抓取字段（当天实测）：totalCount + studies[].protocolSection 下 identificationModule.nctId / briefTitle / officialTitle、statusModule.overallStatus 与 studyFirstPostDateStruct / lastUpdatePostDateStruct / resultsFirstPostDateStruct（各含 date 与 type=ACTUAL|ESTIMATED）、designModule.phases / studyType、conditionsModule.conditions、armsInter,ctgov-china-interventional
五、研发产业：产业媒体、药企与试验注册,临床试验注册,ClinicalTrials.gov · 中医药干预试验,U.S. National Library of Medicine · ClinicalTrials.gov,en,US,开放接口,P0,直连,9,干预措施含中医药、中草药、针灸、艾灸的注册试验,api-ok,api-ok,,https://clinicaltrials.gov/api/v2/studies?query.intr=%22traditional%20Chinese%20medicine%22%20OR%20%22Chinese%20herbal%22%20OR%20acupuncture%20OR%20moxibustion&sort=StudyFirstPostDate%3Adesc&pageSize=50&format=json&countTotal=true,,必须用 query.intr（干预字段）而不是 query.term：用 query.term 时当天首条返回的是一项与中医药无关的免疫衰老研究（全文任意位置命中即可），改 query.intr 后前四条全部是针灸/葛根/乌草安敷方之类的真中医药干预。当天全库 3276 条、近 7 天 9 条。 抓取字段（当天实测）：totalCount + studies[].protocolSection 下 identificationModule.nctId / briefTitle / officialTitle、statusModule.overallStatus 与 studyFirstPostDateStruct / lastUpdatePostDateStruct / resultsFirstPostDateStruct（各含 date 与 type=ACTUAL|ESTIMATED）、,ctgov-tcm-interventions
五、研发产业：产业媒体、药企与试验注册,临床试验注册,ClinicalTrials.gov · 终止/暂停/撤回的 3 期试验,U.S. National Library of Medicine · ClinicalTrials.gov,en,US,开放接口,P0,直连,16,状态变为 TERMINATED / SUSPENDED / WITHDRAWN 的 3 期试验，按最后更新日倒序,api-ok,api-ok,,https://clinicaltrials.gov/api/v2/studies?filter.overallStatus=TERMINATED%7CSUSPENDED%7CWITHDRAWN&filter.advanced=AREA%5BPhase%5DPHASE3&sort=LastUpdatePostDate%3Adesc&pageSize=50&format=json&countTotal=true,,终止原因在 statusModule.whyStopped 里（自由文本，常写明 'lack of efficacy'、'safety'、'business decision'），入库时务必一起取。当天符合状态的 3 期共 5737 条、近 7 天有更新的 16 条。 抓取字段（当天实测）：totalCount + studies[].protocolSection 下 identificationModule.nctId / briefTitle / officialTitle、statusModule.overallStatus 与 studyFirstPostDateStruct / lastUpdatePostDateStruct / resultsFirstPostDateStruct（各含 date 与 type=ACTUAL|ESTIMATED）、designModule.p,ctgov-stopped-phase3
五、研发产业：产业媒体、药企与试验注册,临床试验注册,中国临床试验注册中心 ChiCTR,中国临床试验注册中心（WHO ICTRP 一级注册机构）,zh,CN,列表页,P2,直连,0,国内临床试验注册信息：中英文题目、研究类型、干预、样本量、伦理批件、负责人单位,page-ok,page-ok,,https://www.chictr.org.cn/,https://www.chictr.org.cn/countryproj.html | https://www.chictr.org.cn/province.html?country=China&createyear=2026,⚠️ 当天实测没有任何机器可读的列表口：检索页 https://www.chictr.org.cn/searchproj.html 对 GET 和带完整表单字段的 POST 都回 405 Method Not Allowed；首页与 countryproj.html/province.html 能打开（200、34 KB / 114 KB / 23 KB）但全是分面索引（国家→省份→病种编码），整页抓不到一个 ChiCTR 注册号。首页页面标题正常、含 9 处日期，站点本身是活的。没有 RSS，没有 API。,chictr-registry
五、研发产业：产业媒体、药企与试验注册,临床试验注册,WHO 国际临床试验注册平台 ICTRP,World Health Organization,en,INT,列表页,P2,直连,0,汇总全球各一级注册机构（含 ChiCTR、ClinicalTrials.gov、EU CTIS、ISRCTN、jRCT 等）的试验记录,page-ok,page-ok,,https://trialsearch.who.int/,https://trialsearch.who.int/AdvSearch.aspx | https://trialsearch.who.int/Default.aspx,⚠️ 当天实测无公开 API：/api/ictrp/search 回 404；门户是 ASP.NET（Default.aspx、AdvSearch.aspx 均 200），检索结果靠表单回发，没有可直接 GET 的结果 URL，也没有 RSS。首页 200、40 KB、含 3 处日期，站点正常。volume_per_week 记 0 表示当天测不出可轮询的增量。,who-ictrp-portal
五、研发产业：产业媒体、药企与试验注册,临床试验注册,欧盟临床试验信息系统 CTIS 公开检索 API,European Medicines Agency (EMA),en,EU,开放接口,P2,云端浏览器,59,欧盟临床试验审批与状态：CT 编号、题目、适应证、成员国决定日期、期别、申办方、入组数、主要终点、结果接收日,blocked,blocked,http-403,https://euclinicaltrials.eu/ctis-public-api/search,https://euclinicaltrials.eu/ctis-public-api/retrieve/2026-527062-72-00,⚠️ verified 里的 403 是对同一路径做 GET 的结果（AWS API Gateway 的 'Missing Authentication Token'，即该路径没有 GET 方法），不是被封——把 fallback 里的 POST body 发过去当天就返回 12445 条。verify_feed.py 只会发 GET，所以这一行只能拿到 blocked。endpoint_alt 里的 retrieve/<ctNumber> 是 GET 路由，当天 200、8953 字节，可用来补单条试验详情。近 7 天（2026-09-14 起）决定日期条数：首页 100 条中 59 条。,eu-ctis-public-search
五、研发产业：产业媒体、药企与试验注册,临床试验注册,ISRCTN 临床试验注册库 API,ISRCTN Registry (BMC / Springer Nature),en,UK,开放接口,P1,直连,158,英国主导的试验注册记录：ISRCTN 号、题目、适应证、干预、申办方、招募状态、结果发表链接,api-ok,api-ok,,https://www.isrctn.com/api/query/format/default?q=lastEdited%20GE%202026-09-14T00:00:00Z&limit=100,https://www.isrctn.com/api/query/format/default?q=&limit=20,⚠️ verified 的 verdict=failed 是 verify_feed.py 的 kind 判定盲区：接口返回 <allTrials> 根元素的自定义 XML，脚本只认 rss/atom/json/html，所以归为 unknown。端点本身当天完全正常——本行 endpoint（带日期过滤、limit=100）实测 http 200、content_type application/xml、1844306 字节；不带过滤时 totalCount=28735（全库），带 q=lastEdited GE 2026-09-14T00:00:00Z 时 totalCount=158，即本周被编辑过的记录数。⚠️ 日期过滤必须写完整时间戳：写成 'lastEdited GE 2026-09-14' 会被静默忽略、totalCount 原样返回 28735，看上去像查了全库，很容易误判,isrctn-registry-api
五、研发产业：产业媒体、药企与试验注册,临床试验注册,药物临床试验登记与信息公示平台（CDE）,国家药品监督管理局药品审评中心 CDE,zh,CN,列表页,P2,云端浏览器,0,国内药物临床试验的法定登记信息：登记号、药物名称、适应证、分期、申办者、组长单位、状态,blocked,blocked,ruishu,https://www.chinadrugtrials.org.cn/index.html,,⚠️ 当天实测被瑞数（Ruishu）动态验证拦截：首页回 HTTP 202 + 24992 字节的混淆 JS 壳，verify_feed.py 的 ruishu 规则直接命中，整页 0 个链接、0 个日期。纯 curl 无论怎么带 UA 都拿不到内容。这是国内政务站点最常见的一类墙，必须走云浏览器。,chinadrugtrials-nmpa
七、科研与基金：方法学、科研诚信、基金与科学媒体,学术关注度信号,OpenAlex · 医学领域最新论文,OurResearch / OpenAlex,en,US,开放接口,P1,直连,0,primary_topic 属于 Medicine 学科（fields/27）、按发表日倒序的全部作品，带机构、资助、被引数、主题标签,blocked,api-ok,http-429,https://api.openalex.org/works?filter=primary_topic.field.id%3Afields%2F27%2Cfrom_publication_date%3A2026-09-14&sort=publication_date%3Adesc&per-page=50&mailto=ops%40example.org,https://api.openalex.org/works?filter=primary_topic.field.id%3Afields%2F27%2Cfrom_publication_date%3A2026-09-14&sort=publication_date%3Adesc&per-page=50&api_key=YOUR_FREE_KEY,"⚠️ 当天最重要的发现：OpenAlex 已从 mailto 礼貌池改成按次计费的额度模型。匿名请求（带不带 &mailto= 都一样）共享「本网络出口 IP 的每日免费额度」，当天额度已被耗尽，返回 429 + {""error"":""Rate limit exceeded"",""retryAfter"":49144,""costUsd"":0.0001,""dailyRemainingUsd"":0,""creditsRemaining"":0}，错误文案明确写着 'Use your own key instead: add ?api_key=YOUR_KEY to the URL, or send it as an ""Authorization: Bearer YOUR_KEY"" header. Keys are free'。也就是说：任何文档里写 mailto 进礼貌池的做法都已过时；接入前必须先在 ",openalex-medicine-newest
七、科研与基金：方法学、科研诚信、基金与科学媒体,学术关注度信号,OpenAlex · 近 30 天医学高被引,OurResearch / OpenAlex,en,US,开放接口,P1,直连,0,近 30 天发表的医学论文中按被引次数倒序——“刚出来就被引爆”的那一批,blocked,api-ok,http-429,https://api.openalex.org/works?filter=primary_topic.field.id%3Afields%2F27%2Cfrom_publication_date%3A2026-08-22&sort=cited_by_count%3Adesc&per-page=50&mailto=ops%40example.org,,"与上一行同一堵墙（见 openalex-medicine-newest 的 note）。此外要留意：30 天窗口内的被引数极小且高度依赖预印本互引，单独排序噪声大，实际做热榜建议把它与 Altmetric/PubMed Trending 加权。⚠️ 当天最重要的发现：OpenAlex 已从 mailto 礼貌池改成按次计费的额度模型。匿名请求（带不带 &mailto= 都一样）共享「本网络出口 IP 的每日免费额度」，当天额度已被耗尽，返回 429 + {""error"":""Rate limit exceeded"",""retryAfter"":49144,""costUsd"":0.0001,""dailyRemainingUsd"":0,""creditsRemaining"":0}，错误文案明确写着 'Use your own key instead: add ?api_key=YOUR_KEY to",openalex-medicine-most-cited-30d
七、科研与基金：方法学、科研诚信、基金与科学媒体,学术关注度信号,Crossref · 撤稿更新流,Crossref,en,INT,开放接口,P0,直连,1176,出版商刚登记的撤稿声明：撤稿声明本身的 DOI、标题，以及 update-to 里被撤原文的 DOI,api-ok,api-ok,,https://api.crossref.org/works?filter=update-type%3Aretraction%2Ctype%3Ajournal-article&sort=deposited&order=desc&rows=20,https://api.crossref.org/works?filter=update-type%3Aretraction%2Ctype%3Ajournal-article%2Cfrom-index-date%3A2026-09-14&rows=100 | https://api.crossref.org/works?filter=update-type%3Acorrection%2Ctype%3Ajournal-article&sort=deposited&order=desc&rows=20,⚠️ 与 PubMed 撤稿流（本文件 pubmed-retractions）差了近 50 倍，原因是 Crossref 在出版商登记的当刻就有记录，PubMed 要等 MEDLINE 给文章打上 Retracted Publication[pt]。两条都要收：Crossref 快、PubMed 准（带 MeSH 与期刊标引）。抓取要点：sort=deposited&order=desc 按登记时间倒序做增量，用 filter=from-index-date:<YYYY-MM-DD> 精确取窗口（当天近 7 天 1176 条、全库 66337 条）；每条的 update-to[] 里 type=='retraction' 的 DOI 才是被撤的原文，item 自身的 DOI 是撤稿声明。礼貌用法：加 &mailto=<ops-email> 进 polite pool（Crossref 的 ,crossref-retraction-updates
七、科研与基金：方法学、科研诚信、基金与科学媒体,学术关注度信号,Semantic Scholar Academic Graph 检索 API,Allen Institute for AI,en,US,开放接口,P2,云端浏览器,0,"按关键词检索论文，一次返回 title/abstract/venue/publicationDate/externalIds(DOI,PMID,PMCID)/citationCount",blocked,blocked,http-429,"https://api.semanticscholar.org/graph/v1/paper/search?query=pharmacovigilance&fields=title,abstract,venue,publicationDate,externalIds,citationCount&limit=10",https://api.semanticscholar.org/graph/v1/paper/batch,⚠️ 无 key 时限流按出口 IP 共享，当天实测极不稳定：10:20 UTC 一次成功（http 200、36161 字节、query=pharmacovigilance 命中 total=21790、10 条带摘要与 externalIds），随后 12 秒、24 秒、36 秒间隔各试一次全部 429，verify_feed.py 的那一次也是 429，所以本行 verified 记的是 blocked。结论：端点本身可用，但共享 IP 下不可当作稳定信源，生产必须带 key。,semanticscholar-graph-search
七、科研与基金：方法学、科研诚信、基金与科学媒体,学术关注度信号,Altmetric 关注度 API,Altmetric / Digital Science,en,UK,付费接口,P2,暂无,0,一篇论文在新闻、政策文件、社交媒体、专家博客上的提及次数与来源明细（Altmetric 分数）,blocked,blocked,http-403,https://api.altmetric.com/v1/citations/1d?num_results=25,,"⚠️ 当天实测 403，正文明确写着 'You must supply an API key in a parameter named key. As of 10 November 2025, all users need an API key to access the Altmetric Details Page API.' —— 2025-11-10 起匿名免费层已取消，凡是文档里写 altmetric 免费直连的资料都已过时。",altmetric-citations-api
七、科研与基金：方法学、科研诚信、基金与科学媒体,学术关注度信号,PubMed Trending 热门文章页,U.S. National Library of Medicine,en,US,列表页,P0,直连,70,PubMed 自己统计的近期高关注文章榜（按 PubMed 站内访问热度），每页 10 条 PMID,page-ok,page-ok,,https://pubmed.ncbi.nlm.nih.gov/trending/,https://pubmed.ncbi.nlm.nih.gov/trending/?page=2,"当天实测 http 200、285560 字节、page_title='Trending page - PubMed'、无反爬。页面是标准 PubMed docsum 列表，解析 href=""/<pmid>/"" 即可拿到 PMID（每页 10 个），页面右上角写明全表 1,000 条，?page=N 可翻页。拿到 PMID 后接本文件 pubmed-eutils-esummary 补元数据，整条链路不需要浏览器。volume_per_week=70 是按每天取首页 10 条估的；榜单每日刷新、条目会重复出现，入库要按 PMID 去重并记录上榜日期。",pubmed-trending-page
七、科研与基金：方法学、科研诚信、基金与科学媒体,学术关注度信号,Unpaywall 开放获取状态 API,OurResearch,en,US,开放接口,P0,直连,0,给一个 DOI 回 is_oa / best_oa_location（可直接下载的 PDF 地址）/ journal_is_in_doaj / 作者列表,api-ok,api-ok,,https://api.unpaywall.org/v2/10.1212/CPJ.0000000000200659?email=unpaywall_01@example.com,,仅作补全用，本身不产生新条目（volume_per_week=0）。用法 /v2/<DOI>?email=<你的联系邮箱>，email 是必填参数且会被记录——注册表里写的是占位地址，接入时换成运维邮箱，切勿写真实用户邮箱。当天实测 http 200、3310 字节，返回含 best_oa_location / first_oa_location / oa_locations[] / has_repository_copy / journal_is_oa / journal_is_in_doaj / z_authors（本例 10 位作者）；该 DOI 为非 OA，oa_locations 为空数组。有每日 10 万次的软上限，批量用途官方建议下载月度数据快照。,unpaywall-oa-status
九、综合医学新闻（条目按内容分到上面八栏）,中文医学媒体与社区,丁香园 · 医学资讯,丁香园 DXY.cn,zh,CN,列表页,P1,直连,40,面向医生的临床资讯、行业动态与专题解读,page-ok,page-ok,,https://www.dxy.cn/res/medical/news,https://www.dxy.cn/atom.xml | https://www.dxy.cn/rss/q/2.0/channel/13 | https://www.dxy.cn/special/med,首页 <link> 仍公布 atom.xml，但两个 feed 都已停更：atom.xml 能解析出 78 条、最新一条 2022-01-01（单次响应 32 MB），/rss/q/2.0/channel/13 最新 2025-04-07（531 天），按死链处理，只能抓 HTML 列表。该站响应极慢（本次 20 s，/pages/news.html 35 s 超时），抓取超时要放大。,dxy-medical-news
九、综合医学新闻（条目按内容分到上面八栏）,中文医学媒体与社区,丁香园 · 文献频道（PubMed 解读）,丁香园 DXY.cn,zh,CN,列表页,P1,直连,25,英文原始研究的中文解读、PubMed 新文速递,page-ok,page-ok,,https://paper.dxy.cn/,https://www.dxy.cn/rss/q/2.0/channel/13,页面 <link> 指向 https://www.dxy.cn/rss/q/2.0/channel/13，该 feed 能解析出 50 条但最新一条为 2025-04-07，已停更；只能抓 HTML 列表。,dxy-paper-pubmed
九、综合医学新闻（条目按内容分到上面八栏）,中文医学媒体与社区,医脉通 · 最新进展,北京医脉互通科技,zh,CN,需登录,P2,暂无,60,按学科分频道的临床研究进展与业内新闻,failed,failed,,https://news.medlive.cn/all/info-progress/list.html,https://news.medlive.cn/all/info-news/list.html | https://www.medlive.cn/,"不带 cookie 时 CAS gateway 反复 301（撞 curl 50 跳上限，所以 verdict=failed）；带 cookie jar 能拿到 200 的页面骨架，但文章列表区块返回 ""Bad Request.""，列表正文需要登录态。各科室频道（/cardio/、/neuro/…）同样。",medlive-news
九、综合医学新闻（条目按内容分到上面八栏）,中文医学媒体与社区,梅斯医学 MedSci · 学术资讯,梅斯医学 MedSci,zh,CN,列表页,P1,直连,80,临床研究进展、文献解读、指南速递，按科室分频道,page-ok,page-ok,,https://www.medsci.cn/article/list.do,https://www.medsci.cn/department/details?s_id=2 | https://www.medsci.cn/department/details?s_id=17 | https://www.medsci.cn/department/details?s_id=33,/article/list.do 是全站学术列表；带 s_id 会 302 到 /department/details?s_id=N（心血管=2、神经=17、肿瘤=33…）。站内没有 RSS，也没有开放 JSON 列表接口，页面里只有 /service/tree_list.do 这类分类树。,medsci-articles
九、综合医学新闻（条目按内容分到上面八栏）,中文医学媒体与社区,医学界,医学界传媒 · 医生站,zh,CN,列表页,P1,直连,50,临床资讯、政策解读、各科室频道内容,page-ok,page-ok,,https://www.yxj.org.cn/,https://www.yxj.org.cn/articelList,Nuxt SSR，首页 HTML 直接带 10 条 /detailPage?articleId=…；前端 bundle 里的 /ysz-content/web/home/news/queryFeedNewsByPage、queryHotNewsList 等接口在本域被 catch-all 成 SPA 外壳（返回 app.html），真正的 JSON 网关未公开。/articelList 的 SSR 输出里没有文章链接，所以用首页。,yxj-news
九、综合医学新闻（条目按内容分到上面八栏）,中文医学媒体与社区,健康界,健康界传媒,zh,CN,列表页,P2,云端浏览器,70,医院管理、卫生政策、医疗行业动态,blocked,blocked,aliyun-waf,https://www.cn-healthcare.com/,https://www.cn-healthcare.com/article/,首页 200，但响应体是阿里云 WAF 的 JS 质询页（textarea#renderData + arg1 + acw_sc__v2 cookie），verify 只看到 200+HTML 所以判 page-ok，实际拿不到内容；/article/、/articlewm/* 一律 403；/articlewm/ 还 302 到不可解析的 mp.cn-healthcare.com。,cn-healthcare
九、综合医学新闻（条目按内容分到上面八栏）,中文医学媒体与社区,中国医学论坛报 · 壹生,中国医学论坛报社,zh,CN,列表页,P1,直连,35,学科会议报道、指南解读、专家述评,page-ok,page-ok,,https://www.cmtopdr.com/,https://www.cmtopdr.com/category/detail/100.html | https://www.cmtopdr.com/business/list.html,首页与 /category/detail/<科室 id>.html 都是服务端渲染的静态列表（100=呼吸，另有 101–139 等科室）；无 RSS，无开放接口。,cmtopdr-yisheng
九、综合医学新闻（条目按内容分到上面八栏）,中文医学媒体与社区,医师报,医师报社（中国医师协会）,zh,CN,列表页,P1,直连,20,医师行业报道、学科进展、医师权益与政策,failed,page-ok,,https://www.mdweekly.com.cn/,,域名解析正常，但服务器对本机出口 IP 直接 nginx 444 / 空响应（HTTP/2 与 HTTP/1.1 都试过），典型的境外 IP 拦截，不是反爬质询。,mdweekly
九、综合医学新闻（条目按内容分到上面八栏）,中文医学媒体与社区,健康报网,健康报社（国家卫生健康委主管）,zh,CN,列表页,P1,直连,45,卫生健康政策、行业新闻、官方口径解读,page-ok,page-ok,,https://www.jkb.com.cn/news/,https://www.jkb.com.cn/,服务端渲染的静态列表，无 RSS。,jkb-news
九、综合医学新闻（条目按内容分到上面八栏）,中文医学媒体与社区,中国医药报 · 中国食品药品网（药品频道）,中国健康传媒集团（国家药监局主管）,zh,CN,列表页,P1,直连,50,药品监管新闻、审批与抽检通告、监管政策解读,page-ok,page-ok,,https://www.cnpharm.com/yp/,https://www.cnpharm.com/ | https://www.cnpharm.com/ylqx/ | https://www.cnpharm.com/sz/ | https://www.cnpharm.com/jk/,频道：/yp/ 药品、/ylqx/ 医疗器械、/sz/ 时政、/jk/ 健康、/sp/ 食品、/pl/ 评论、/bgt/ 曝光台。文章 URL 形如 /c/YYYY-MM-DD/<id>.shtml，天然带日期，适合增量抓取。数字报 bk.cnpharm.com 按出版日建目录、非每日出版（当天 404），不要拿来轮询。,cnpharm-drug
九、综合医学新闻（条目按内容分到上面八栏）,中文医学媒体与社区,中国中医药报 · 中国中医药网,中国中医药报社（国家中医药管理局主管）,zh,CN,列表页,P1,直连,40,中医药政策、学术临床、名医经验与流派,page-ok,page-ok,,https://www.cntcm.com.cn/col2120.html,https://www.cntcm.com.cn/col2121.html | https://www.cntcm.com.cn/col2173.html | https://www.cntcm.com.cn/,栏目编号：2120 新闻中心、2121 学术临床、2122 名医名院名校、2123 名企名药、2129 舆情、2173 岐黄论坛、2174 名老中医临证经验、2175 国医大师学术思想、2177 临床验案。服务端渲染，无 RSS。,cntcm-news
九、综合医学新闻（条目按内容分到上面八栏）,中文医学媒体与社区,好医生,好医生医学教育中心,zh,CN,列表页,P2,云端浏览器,10,继续医学教育课程与临床学习资料,blocked,failed,http-403,http://www.haoyisheng.com/,,HTTPS 35 s 连接超时，HTTP 返回 403「WAF拦截页面」。内容以课程为主，作为「前沿动态」信源价值一般，排在候选末位。,haoyisheng
九、综合医学新闻（条目按内容分到上面八栏）,中文医学媒体与社区,365医学网,365医学网,zh,CN,列表页,P2,云端浏览器,25,心血管为主的学术会议报道、专家讲座与病例,blocked,failed,http-514,http://www.365heart.com/,,HTTP 与 HTTPS 都返回非标准状态码 514、零字节响应体，站点对本机出口 IP 不可用（多半是地域/IP 拦截）。,heart365
九、综合医学新闻（条目按内容分到上面八栏）,中文医学媒体与社区,国际循环,《国际循环》编辑部,zh,CN,列表页,P1,直连,20,心血管国际会议报道、指南解读、专家访谈,page-ok,page-ok,,https://www.icirculation.com/index/article/list,https://www.icirculation.com/index/article/list?category_id=49 | https://www.icirculation.com/,服务端渲染列表，文章链接 /index/article/detail?id=<n>，id 单调递增，便于增量抓取；分类用 ?category_id=。首页首次握手曾耗时 23 s，后续正常。,icirculation
九、综合医学新闻（条目按内容分到上面八栏）,中文医学媒体与社区,良医汇 · 肿瘤资讯,良医汇（上海良医汇）,zh,CN,列表页,P2,直连,45,肿瘤临床研究解读、ASCO/ESMO 会议速递、诊疗规范,page-ok,page-ok,,https://www.liangyihui.net/,,200 的响应体是一段混淆 JS 反爬壳（检测 navigator.webdriver、自行拼 cookie 后跳转），HTML 里没有任何文章链接，verify 判 page-ok 但内容不可用。,liangyihui-onco
九、综合医学新闻（条目按内容分到上面八栏）,中文医学媒体与社区,医谷,医谷网,zh,CN,列表页,P2,暂无,0,医疗健康产业新闻（历史）,failed,failed,,https://www.yigoonet.com/,,yigoonet.com / www.yigoonet.com 在本机 DNS 与阿里公共 DNS（223.5.5.5）都查不到 A 记录，站点疑似已停运，未找到替代域名。,yigoo
九、综合医学新闻（条目按内容分到上面八栏）,中文医学媒体与社区,生物谷 Bioon,生物谷（上海）,zh,CN,列表页,P1,直连,60,生物医药研究进展、新药与 FDA 动态的中文报道,page-ok,page-ok,,https://news.bioon.com/,https://news.bioon.com/drug | https://news.bioon.com/fda | https://news.bioon.com/CAR-T | https://news.bioon.com/2.html,服务端渲染；/drug、/fda、/CAR-T、/biomarkers 等是主题频道，/2.html…/6.html 是翻页。无 RSS。,bioon-news
九、综合医学新闻（条目按内容分到上面八栏）,中文医学媒体与社区,生物探索,生物探索（BioDiscover）,zh,CN,列表页,P2,暂无,0,生命科学与生物技术前沿报道（历史）,failed,failed,,https://www.biodiscover.com/,,biodiscover.com、www.biodiscover.com、m.biodiscover.com 三个主机名在本机 DNS 与阿里公共 DNS 都无 A 记录；搜索引擎仍留有历史页面，域名疑似失效。,biodiscover
九、综合医学新闻（条目按内容分到上面八栏）,中文医学媒体与社区,转化医学网,转化医学网（360zhyx）,zh,CN,列表页,P1,直连,40,转化医学、精准诊断与基因检测领域的研究解读,page-ok,page-ok,,https://www.360zhyx.com/,https://www.360zhyx.com/home-category-index-cid-1.shtml | https://www.360zhyx.com/home-index-index-p-2.shtml,服务端渲染；/home-index-index-p-<n>.shtml 翻页（最大约 2446 页），/home-category-index-cid-1.shtml 是「研究」频道。/rss.xml 不存在（返回框架错误页）。,zhyx360
九、综合医学新闻（条目按内容分到上面八栏）,中文医学媒体与社区,奇点网,奇点网（GeekHeal）,zh,CN,列表页,P2,直连,10,从科技与商业角度解读新医疗的深度报道,page-ok,page-ok,,http://www.geekheal.com/,,HTTPS 证书与主机名不匹配（geekheal.com 与 www.geekheal.com 都是），只能走明文 HTTP；页面是纯 Vue SPA，HTML 里只有空的 #app，无任何 SSR 内容。,geekheal
九、综合医学新闻（条目按内容分到上面八栏）,中文医学媒体与社区,临床药师网,临床药师网（Discuz! 论坛）,zh,CN,订阅源,P1,直连,3,临床药师的药事管理、PIVAS/TDM 实务与培训通告,feed-ok,feed-ok,,https://www.clinphar.cn/forum.php?mod=rss&fid=88,https://www.clinphar.cn/forum.php?mod=rss&fid=10 | https://www.clinphar.cn/forum.php?mod=rss&fid=44 | https://www.clinphar.cn/forum.php?mod=rss&fid=13,Discuz! 自带 RSS，必须带 fid（不带 fid 返回 0 条）：88=药事管理（最新 2026-09-10）、10=PIVAS/TDM（2026-09-11）、44=风采展示（2026-09-18）、13=医药资讯（最新 2026-01-28，已基本停更）。输出是 GBK 编码，解析时按 XML 声明转码，否则标题乱码。量很低，只当补充源。,clinphar-forum
九、综合医学新闻（条目按内容分到上面八栏）,中文医学媒体与社区,丁香园用药助手,丁香园 DXY.cn,zh,CN,列表页,P2,直连,0,药品说明书与临床用药工具,page-ok,page-ok,,https://drugs.dxy.cn/pc,,用药助手是查询工具，未提供说明书更新的公开列表页或接口；本行仅登记可达性（/ 302 到 /pc），不建议作为动态源轮询。,dxy-drugs-assistant
五、研发产业：产业媒体、药企与试验注册,医药产业媒体（中文）,医药魔方 · ByDrug 资讯,北京零一空间科技（医药魔方）,zh,CN,列表页,P1,直连,70,新药研发、临床试验、审批与交易的行业新闻,page-ok,page-ok,,https://bydrug.pharmcube.com/news,https://www.pharmcube.com/,www.pharmcube.com 是 Next.js 官网（只有产品介绍，无资讯，/news 404）；资讯在 ByDrug 子站，/news 服务端渲染、列表项带日期。无 RSS。,pharmcube-bydrug
五、研发产业：产业媒体、药企与试验注册,医药产业媒体（中文）,药智新闻,重庆药智科技（药智网）,zh,CN,列表页,P1,云端浏览器,90,医药政策、集采与招标、药品注册与市场动态,page-ok,blocked,http-403,https://news.yaozh.com/,https://news.yaozh.com/archivelist/17 | https://news.yaozh.com/archivelist/24 | https://news.yaozh.com/archivelist/31,服务端渲染；/archivelist/<栏目 id> 是分栏列表（可再带 ?has_cateid=<子类>），文章 /archive/<id>.html，id 单调递增。无 RSS。,yaozh-news
五、研发产业：产业媒体、药企与试验注册,医药产业媒体（中文）,药渡 Pharmacodia,北京药渡经纬信息科技,zh,CN,列表页,P2,直连,35,药物研发数据解读、靶点与管线分析（「药渡头条」）,page-ok,page-ok,,https://www.pharmacodia.com/,,资讯实际在 news.pharmacodia.com（药渡头条）与 talks.pharmacodia.com，两者在本机 DNS 都无解析；只有 www 主站可达，而主站是产品介绍页，没有资讯列表。,pharmacodia
五、研发产业：产业媒体、药企与试验注册,医药产业媒体（中文）,米内网,广州标点医药信息（米内网）,zh,CN,列表页,P1,直连,40,医药政策、医保目录、终端市场与企业数据解读,page-ok,page-ok,,https://www.menet.com.cn/article/list?c=46,https://www.menet.com.cn/article/list?c=18 | https://www.menet.com.cn/article/list?c=20 | https://www.menet.com.cn/article/list?c=13 | https://www.menet.com.cn/,频道编号：46=政策、18=企业、20=零售、13=市场招商、14=招标、15=投资、16=互联。服务端渲染，无 RSS。,menet
五、研发产业：产业媒体、药企与试验注册,医药产业媒体（中文）,新浪医药,新浪（med.sina.com）,zh,CN,列表页,P2,暂无,50,医药产业新闻与企业动态,failed,failed,,https://med.sina.com/,,med.sina.com 两次探测都在 35 s 连接超时（TCP 不通），本机出口不可达。,sina-med
五、研发产业：产业媒体、药企与试验注册,医药产业媒体（中文）,同写意,同写意（北京）,zh,CN,列表页,P2,暂无,12,新药研发的技术论坛与专家观点,failed,failed,,https://www.tongxieyi.com/,,域名解析正常（106.13.224.221），但 TLS 握手被 RST（HTTP/2 与 HTTP/1.1 都试过），对境外 IP 关闭。,tongxieyi
五、研发产业：产业媒体、药企与试验注册,医药产业媒体（中文）,药时代 DrugTimes,药时代（DrugTimes）,zh,CN,订阅源,P0,直连,25,新药研发、BD 交易、临床进展的中文报道与评论,feed-ok,feed-ok,,https://www.drugtimes.cn/feed/,https://www.drugtimes.cn/,WordPress 原生 feed，全文输出；本次 10 条全部在 7 天内，今日有更新。,drugtimes
五、研发产业：产业媒体、药企与试验注册,医药产业媒体（中文）,研发客 PharmaDJ,研发客（上海研发客信息科技）,zh,CN,列表页,P2,直连,10,新药研发的深度报道与人物访谈,page-ok,page-ok,,https://www.pharmadj.com/,https://www.pharmadj.com/news,纯 Vue SPA：index.html 只有 1.3 KB、#app 为空，/news 与 /rss.xml 都回同一个壳。页面里加载了 https://www.pharmadj.com/rss-parser.min.js，说明前端会去解析某个 RSS，但接口地址不在首包 bundle（assets/index.51c10679.js）里，未找到。,pharmadj
五、研发产业：产业媒体、药企与试验注册,医药产业媒体（中文）,E药经理人,E药经理人（北京研讯科技）,zh,CN,公众号,P2,公众号桥接,20,医药企业战略、政策解读、产业人物与资本动态,,,,微信公众号：E药经理人（微信号 eyjlr2013）,,未找到在运行的独立官网：搜索只返回杂志订阅代理页（zazhi.com.cn / ifabiao.com）与 1she.com 上的旧电子版，内容主阵地是微信公众号。微信号 eyjlr2013 在两份公开榜单里一致。,eyjlr
五、研发产业：产业媒体、药企与试验注册,医药产业媒体（中文）,医药经济报,国家药监局南方医药经济研究所,zh,CN,列表页,P2,云端浏览器,30,医药经济、集采与流通、监管政策的行业解读,failed,failed,,https://www.yyjjb.com.cn/,http://news.yyjjb.com.cn/,HTTPS 报 HTTP/2 PROTOCOL_ERROR，HTTP/1.1 空响应，明文 HTTP 35 s 超时。搜索结果证明站点在中国大陆正常（/news/imglist/5 等可索引），属出口 IP 拦截。,yyjjb
五、研发产业：产业媒体、药企与试验注册,医药产业媒体（中文）,动脉网 VBDATA,动脉网（成都蛋壳科技）,zh,CN,列表页,P1,直连,120,医疗健康产业的 7×24 情报流、融资与企业动态,page-ok,page-ok,,https://www.vbdata.cn/intelList,https://www.vbdata.cn/,旧域名 vcbeat.top 301 到 www.vbdata.cn；/intelList 是 7×24 情报流（服务端渲染，文章 /intelDetail/<id>），/news 会跳 /notFound。无 RSS。,vbdata
五、研发产业：产业媒体、药企与试验注册,医药产业媒体（中文）,亿欧大健康,亿欧 EqualOcean,zh,CN,列表页,P2,云端浏览器,25,大健康产业的商业分析与融资报道,blocked,blocked,http-202,https://www.iyiou.com/,https://www.iyiou.com/news,所有路径都返回 HTTP 202 + 209 字节的空壳，是 WAF 的静默挑战响应（不是 403），verify 判 failed。,iyiou-health
五、研发产业：产业媒体、药企与试验注册,医药产业媒体（中文）,36氪 · 医疗健康,36氪,zh,CN,列表页,P2,直连,30,医疗健康赛道的创投与企业报道,page-ok,page-ok,,https://36kr.com/information/medical,https://36kr.com/feed,全站（含 https://36kr.com/feed 与 /api/newsflash）都返回同一个 17.6 KB 的火山引擎「正在进行安全检测」页面；老的 36kr.com/feed 已不再是 RSS，verify 会误判 page-ok，实际拿不到内容。,36kr-medical
五、研发产业：产业媒体、药企与试验注册,医药产业媒体（中文）,钛媒体（医疗健康）,钛媒体 TMTPost,zh,CN,订阅源,P1,直连,120,科技商业全站 RSS，含医疗健康与创新药报道,feed-ok,feed-ok,,https://www.tmtpost.com/feed,,只有全站 feed，没有医疗分频道 feed；本次 17 条全部在 7 天内，医疗条目占比低，入库前必须过滤。,tmtpost-health
五、研发产业：产业媒体、药企与试验注册,医药产业媒体（中文）,界面新闻 · 医药,界面新闻 Jiemian.com,zh,CN,列表页,P1,直连,35,医药行业的调查与商业报道,page-ok,page-ok,,https://www.jiemian.com/lists/472.html,https://www.jiemian.com/lists/4.html,lists/472 同时挂「医药」和「健康」两个入口（同一个频道）；服务端渲染列表，响应很快（0.2 s）。无 RSS。,jiemian-health
五、研发产业：产业媒体、药企与试验注册,医药产业媒体（中文）,第一财经（医药健康）,第一财经 Yicai,zh,CN,列表页,P2,直连,25,医药医疗的财经报道与上市公司动态,page-ok,page-ok,,https://www.yicai.com/,,首页可达（1.1 MB，服务端渲染），但 /news/health/ 404，首页 HTML 里也抽不出以 news/channel 命名的医药频道链接——频道由前端路由生成，本次未定位到可直接 GET 的医药列表页。,yicai-health
五、研发产业：产业媒体、药企与试验注册,医药产业媒体（中文）,澎湃新闻 · 健康/科学,澎湃新闻 The Paper,zh,CN,列表页,P1,直连,60,健康与科学频道的时政向报道,blocked,page-ok,http-403,https://www.thepaper.cn/,https://m.thepaper.cn/,www 与 m 两个主机名都对本机直接 403 Forbidden（nginx 层）；api.thepaper.cn 能连通且返回 JSON，但 contentapi 调用回 code 99998「系统繁忙，稍后重试」，需要客户端签名，不能匿名 GET。,thepaper-health
五、研发产业：产业媒体、药企与试验注册,医药产业媒体（中文）,财新健康,财新传媒 Caixin,zh,CN,列表页,P1,直连,30,医疗卫生的深度调查与政策报道,page-ok,page-ok,,https://www.caixin.com/health/,https://companies.caixin.com/,频道列表页开放（标题、链接、时间可抓），多数正文需登录付费。只把它当「发生了什么」的信号源，不抓正文。,caixin-health
五、研发产业：产业媒体、药企与试验注册,医药产业媒体（中文）,医药网 · 医药资讯,中国医药网 Pharmnet,zh,CN,列表页,P1,直连,60,医药行业新闻、政策与市场行情,page-ok,page-ok,,https://news.pharmnet.com.cn/,,种子清单之外的补充行。GBK 编码，服务端渲染，无 RSS。,pharmnet-news
七、科研与基金：方法学、科研诚信、基金与科学媒体,中文科学与科研媒体,科学网论文 · 医药健康（小柯机器人中文摘要）,科学网 / 中国科学报社,zh,CN,订阅源,P0,直连,90,国际期刊新论文的中文摘要（小柯机器人生成、编辑复核），医药健康学科,feed-ok,feed-ok,,https://www.sciencenet.cn/xml/paper.aspx?di=1,https://www.sciencenet.cn/xml/paper.aspx?di=0 | https://www.sciencenet.cn/xml/paper.aspx?di=2 | https://paper.sciencenet.cn/AInews/,全站唯一一组真·RSS。学科编号：0=所有论文、1=医药健康、2=生命科学、3=地球、4=化学、5=工程材料、6=信息、7=数理、8=管理交叉。条目正文就是小柯机器人的中文摘要，带原文 DOI 链接。http:// 会 301 到 https://，直接写 https。,sciencenet-paper-med
七、科研与基金：方法学、科研诚信、基金与科学媒体,中文科学与科研媒体,科学网论文 · 生命科学（小柯机器人中文摘要）,科学网 / 中国科学报社,zh,CN,订阅源,P0,直连,90,生命科学新论文的中文摘要,feed-ok,feed-ok,,https://www.sciencenet.cn/xml/paper.aspx?di=2,https://www.sciencenet.cn/xml/paper.aspx?di=0,与 di=1 同一套 RSS，学科不同；两条都订会有少量重叠，按链接去重。,sciencenet-paper-life
七、科研与基金：方法学、科研诚信、基金与科学媒体,中文科学与科研媒体,科学网新闻 · 首页要闻,科学网 / 中国科学报社,zh,CN,订阅源,P0,直连,80,科研政策、基金、机构与学界事件的中文新闻,feed-ok,feed-ok,,https://www.sciencenet.cn/xml/news-0.aspx?di=1,https://www.sciencenet.cn/xml/news-0.aspx?news=0 | https://www.sciencenet.cn/xml/news-0.aspx?di=3 | https://www.sciencenet.cn/xml/news-0.aspx?di=6,新闻 RSS 编号：news=0 / di=0 首页头条、1 首页要闻、3 频道要闻、4 一般新闻（更新较慢，本次最新 2026-09-18）、5 通知公告、6 新闻评论。另有 classinfo.aspx?di=N 的招生招聘 RSS（条目无日期）。,sciencenet-news-08
七、科研与基金：方法学、科研诚信、基金与科学媒体,中文科学与科研媒体,小柯机器人（按期刊的中文摘要列表）,科学网 / 中国科学报社 · 北京大学团队,zh,CN,列表页,P1,直连,120,按期刊/学科分栏的国际论文中文摘要,page-ok,page-ok,,https://paper.sciencenet.cn/AInews/,https://news.sciencenet.cn/AInews/newlist.aspx?field=3 | https://news.sciencenet.cn/AInews/,与 paper.aspx RSS 同源但分栏方式不同：newlist.aspx?field=3 是「最新期刊」，qikan.aspx?qid=<n> 是单刊页。paper.sciencenet.cn 与 news.sciencenet.cn 的 /AInews/ 返回同一页面。,sciencenet-xiaoke
七、科研与基金：方法学、科研诚信、基金与科学媒体,中文科学与科研媒体,中国科学报,中国科学报社,zh,CN,列表页,P1,直连,100,《中国科学报》当日全部资讯的汇总页,page-ok,page-ok,,https://news.sciencenet.cn/todaynews.aspx,https://www.sciencenet.cn/xml/news-0.aspx?di=1,《中国科学报》的正文就发在科学网新闻频道；/sbhtmlnews/ 与 /dz/ 都 302 回新闻首页，没有独立的报纸列表页。要结构化订阅就用上面的 sciencenet 新闻 RSS，本行是「当天全量」的补充。,zhongguokexuebao
七、科研与基金：方法学、科研诚信、基金与科学媒体,中文科学与科研媒体,知识分子,知识分子（饶毅、鲁白、谢宇创办）,zh,CN,列表页,P1,直连,15,科学新闻与科研生态评论、生命医学深度报道,page-ok,page-ok,,https://www.zhishifenzi.com/news/,https://www.zhishifenzi.com/depth/ | https://www.zhishifenzi.com/,/feed 与 /rss.xml 都 404，没有 RSS；/news/ 是资讯列表，/depth/ 是深度栏目，都服务端渲染。,zhishifenzi
七、科研与基金：方法学、科研诚信、基金与科学媒体,中文科学与科研媒体,返朴,返朴（科普中国子品牌）,zh,CN,公众号,P2,公众号桥接,10,高水准科普与科学评论，含生命医学专题,,,,微信公众号：返朴,,fanpu.cn / www.fanpu.cn 在本机 DNS 与阿里公共 DNS（223.5.5.5）都无 A 记录，官网不可达；发布主阵地是微信公众号。已把 access 改成 wechat，verified 留空。,fanpu
七、科研与基金：方法学、科研诚信、基金与科学媒体,中文科学与科研媒体,果壳,果壳网 Guokr,zh,CN,列表页,P1,直连,25,科学人栏目的科普与辟谣文章,page-ok,page-ok,,https://www.guokr.com/scientific/,https://www.guokr.com/,/feed 302 回首页，老的果壳 RSS 已废弃。医学内容占比不高，入库要过滤。,guokr
七、科研与基金：方法学、科研诚信、基金与科学媒体,中文科学与科研媒体,环球科学（《科学美国人》中文版）,《环球科学》杂志社,zh,CN,订阅源,P0,直连,8,《科学美国人》中文版的科学报道，含医学与公共卫生,feed-ok,feed-ok,,https://www.huanqiukexue.com/?feed=rss2,https://www.huanqiukexue.com/,WordPress feed，站点首页 <link> 自报；本次 10 条中只有 2 条在 7 天内，是周更节奏，不要按日轮询过密。,huanqiukexue
七、科研与基金：方法学、科研诚信、基金与科学媒体,中文科学与科研媒体,X-MOL 资讯,X-MOL 学术平台,zh,CN,需登录,P2,暂无,60,国际期刊论文的中文速递与学术资讯,page-ok,page-ok,,https://www.x-mol.com/news,https://www.x-mol.com/paper,/news 302 到 /login?redirectUrl=/news，/paper 直接返回「人机验证 - X-MOL」页；只有首页匿名可读，列表看不到。verify 对 /news 判 page-ok，因为落地页是登录页。,xmol-news
七、科研与基金：方法学、科研诚信、基金与科学媒体,中文科学与科研媒体,中国生物技术网,中国科学院微生物研究所,zh,CN,列表页,P2,暂无,20,生物技术与生命科学的中文资讯,failed,failed,,https://www.biotech.org.cn/,,"TLS 证书链不完整——默认校验下 curl 报 ""unable to get local issuer certificate""，加 -k 才能握手（此时首页 200、14.8 KB）；子页 /dynamic/2 返回 503。verified 记录的是默认校验下的真实结果（failed）。",biotech-org-cn
九、综合医学新闻（条目按内容分到上面八栏）,只在公众号发布的账号,丁香园,丁香园 DXY.cn,zh,CN,公众号,P2,公众号桥接,25,临床资讯、行业深度、医生社区话题,,,,微信公众号：丁香园（微信号 dingxiangwang）,微信公众号：丁香医生（DingXiangYiSheng） | 微信公众号：丁香园Insight数据库（dxy_insight） | 微信公众号：丁香园用药指南（dxyguancha）,【本切片所有 wechat 行共用的桥接结论，2026-09-21 复核】微信公众号没有任何官方开放的订阅式读取接口，只能走桥接，今天逐条核过的现状：(1) Wechat2RSS（ttttmr，wechat2rss.xlab.app，2021-09 启动）——目标是 24 小时内收录、实测平均约 6 小时延迟；公开免费列表收了 300+ 个号，但今天把完整列表抓下来逐个比对，医学/医药类一个都没有（命中的只有「安全学术圈」这类安全号），所以医学号必须自己私有部署；私有部署为订阅制：试用 10 元/7 天、20 元/月、200 元/年，Docker 镜像 ttttmr/wechat2rss（amd64+arm64），最低 512 MB 内存；本次实测其一个公开 feed（安全学术圈）verdict=feed-ok、20 条、最新 1 天内，机制确实活着。(2) WeWe RSS（cooder,wechat-dxy
九、综合医学新闻（条目按内容分到上面八栏）,只在公众号发布的账号,丁香园心血管时间,丁香园 DXY.cn,zh,CN,公众号,P2,公众号桥接,12,心血管专科的临床研究解读与指南速递,,,,微信公众号：丁香园心血管时间（微信号 dxy_heart_today）,,微信号取自该机构自己公布的公众号矩阵页/公开榜单，已核对。,wechat-dxy-heart
九、综合医学新闻（条目按内容分到上面八栏）,只在公众号发布的账号,丁香园肿瘤时间,丁香园 DXY.cn,zh,CN,公众号,P2,公众号桥接,12,肿瘤专科的研究解读、会议速递与诊疗规范,,,,微信公众号：丁香园肿瘤时间（微信号 oncolatdxy）,,微信号取自该机构自己公布的公众号矩阵页/公开榜单，已核对。,wechat-dxy-onco
九、综合医学新闻（条目按内容分到上面八栏）,只在公众号发布的账号,医学界,医学界传媒,zh,CN,公众号,P2,公众号桥接,35,临床资讯与政策解读；另有近 30 个科室子号（肿瘤、心血管、内分泌、妇产科、神经病学等）,,,,微信公众号：医学界,,医学界有近 30 个科室订阅号（「医学界肿瘤频道」「医学界心血管频道」等），各子号的微信号未在公开来源中逐一核实；建议按科室分别添加，每个子号一条抓取规则。,wechat-yxj
九、综合医学新闻（条目按内容分到上面八栏）,只在公众号发布的账号,梅斯医学 MedSci,梅斯医学,zh,CN,公众号,P2,公众号桥接,30,文献解读、临床研究进展、指南速递,,,,微信公众号：梅斯医学 MedSci,,微信号未在公开来源中核实，endpoint 只给账号显示名；接入前需在微信内搜一次确认主体。,wechat-medsci
九、综合医学新闻（条目按内容分到上面八栏）,只在公众号发布的账号,医脉通,北京医脉互通科技,zh,CN,公众号,P2,公众号桥接,35,各科室的临床进展、指南更新与业内新闻,,,,微信公众号：医脉通,,医脉通同样是科室矩阵（医脉通心血管、医脉通神经科、医脉通肿瘤科等），各子号微信号未公开核实；与 cn-media-clinical 的 medlive-news 行互为备份，网站登录方案跑通后这一行可降权。,wechat-medlive
九、综合医学新闻（条目按内容分到上面八栏）,只在公众号发布的账号,药明康德,药明康德 WuXi AppTec,zh,CN,公众号,P2,公众号桥接,15,药明康德官方发布与产业观察,,,,微信公众号：药明康德（微信号 WuXiAppTecChina）,,微信号取自该机构自己公布的公众号矩阵页/公开榜单，已核对。,wechat-wuxiapptec
九、综合医学新闻（条目按内容分到上面八栏）,只在公众号发布的账号,学术经纬,药明康德内容团队,zh,CN,公众号,P2,公众号桥接,20,国际顶刊生命科学/医学论文的中文解读（每日）,,,,微信公众号：学术经纬,,药明康德内容团队出品，没有独立网站，只在微信发布；微信号未在公开来源中核实。,wechat-xueshujingwei
九、综合医学新闻（条目按内容分到上面八栏）,只在公众号发布的账号,医药观澜,药明康德内容团队,zh,CN,公众号,P2,公众号桥接,20,全球新药研发、临床数据与审批动态的中文解读,,,,微信公众号：医药观澜,,药明康德内容团队出品，没有独立网站，只在微信发布；微信号未在公开来源中核实。,wechat-yiyaoguanlan
九、综合医学新闻（条目按内容分到上面八栏）,只在公众号发布的账号,八点健闻,八点健闻,zh,CN,公众号,P2,公众号桥接,10,医疗卫生体制、医保与公共卫生的深度调查报道,,,,微信公众号：八点健闻,,没有可用官网（8jianwen.com 无 DNS 解析）；2023-07 其微信号连同微博、今日头条、网易号、百家号曾被一并封禁，接入前需确认账号当前状态。微信号未在公开来源中核实。,wechat-bajiankanwen
九、综合医学新闻（条目按内容分到上面八栏）,只在公众号发布的账号,赛柏蓝,北京赛柏蓝企业管理,zh,CN,公众号,P2,公众号桥接,25,医药政策、集采招标、流通与终端的快评,,,,微信公众号：赛柏蓝（微信号 MIC366）,,微信号取自该机构自己公布的公众号矩阵页/公开榜单，已核对。 官网 saibailan.com.cn / saibailan.net.cn 对本机出口 IP 连接超时，实际发布在公众号。,wechat-saibailan
九、综合医学新闻（条目按内容分到上面八栏）,只在公众号发布的账号,医药魔方,北京零一空间科技（医药魔方）,zh,CN,公众号,P2,公众号桥接,20,新药、审批、交易与数据洞察,,,,微信公众号：医药魔方,,与 cn-media-pharma 的 pharmcube-bydrug 行互为备份；网站 /news 可抓，公众号优先级次之。微信号未在公开来源中核实。,wechat-pharmcube
九、综合医学新闻（条目按内容分到上面八栏）,只在公众号发布的账号,BioArt,BioArt（生命科学学术平台）,zh,CN,公众号,P2,公众号桥接,20,生命科学与医学高水平论文的中文点评（另有 BioArtMED 医学子号）,,,,微信公众号：BioArt,,2015 年创立，主号 BioArt 外还有 BioArtMED（医学）、BioArt Plants、BioArt人才；bioart.com.cn 对本机 35 s 连接超时。各号微信号未在公开来源中核实。,wechat-bioart
九、综合医学新闻（条目按内容分到上面八栏）,只在公众号发布的账号,iNature,iNature,zh,CN,公众号,P2,公众号桥接,25,生命科学与医学前沿文献的中文速递,,,,微信公众号：iNature,,www.inature.cn 已是域名停放页（DNSPod domainparking），没有可用官网；微信号未在公开来源中核实。,wechat-inature
九、综合医学新闻（条目按内容分到上面八栏）,只在公众号发布的账号,解螺旋,解螺旋（临床科研平台）,zh,CN,公众号,P2,公众号桥接,12,临床科研方法、统计与课题设计的实操内容,,,,微信公众号：解螺旋,,微信号未在公开来源中核实，endpoint 只给账号显示名；接入前需在微信内搜一次确认主体。,wechat-jieluoxuan
九、综合医学新闻（条目按内容分到上面八栏）,只在公众号发布的账号,募格学术,募格学术,zh,CN,公众号,P2,公众号桥接,20,科研政策、基金申报、学术圈事件,,,,微信公众号：募格学术,,微信号未在公开来源中核实，endpoint 只给账号显示名；接入前需在微信内搜一次确认主体。,wechat-muge
九、综合医学新闻（条目按内容分到上面八栏）,只在公众号发布的账号,科研圈,《环球科学》/ 科研圈,zh,CN,公众号,P2,公众号桥接,15,国际科研新闻与论文速递的中文编译,,,,微信公众号：科研圈,,微信号未在公开来源中核实，endpoint 只给账号显示名；接入前需在微信内搜一次确认主体。,wechat-keyanquan
九、综合医学新闻（条目按内容分到上面八栏）,只在公众号发布的账号,协和八,协和八（北京协和医学院学生团体）,zh,CN,公众号,P2,公众号桥接,8,临床基本功、医学教育与规培内容,,,,微信公众号：协和八,,微信号未在公开来源中核实，endpoint 只给账号显示名；接入前需在微信内搜一次确认主体。,wechat-xieheba
九、综合医学新闻（条目按内容分到上面八栏）,只在公众号发布的账号,药评中心,药评中心,zh,CN,公众号,P2,公众号桥接,15,合理用药点评、说明书与用药错误案例分析,,,,微信公众号：药评中心,,微信号未在公开来源中核实，endpoint 只给账号显示名；接入前需在微信内搜一次确认主体。,wechat-yaopingzhongxin
九、综合医学新闻（条目按内容分到上面八栏）,只在公众号发布的账号,中国药闻,国家药品监督管理局,zh,CN,公众号,P2,公众号桥接,10,国家药监局的官方发布：审批、召回、飞检与法规,,,,微信公众号：中国药闻（微信号 CNDAnews）,,微信号取自该机构自己公布的公众号矩阵页/公开榜单，已核对。 同系统还有「中国药审」（zhongguoyaoshen，药品审评中心）、「中国器审」（gh_624f3cd69b9a）、「中国药检」（gh_f5e7a8d4c5e5）。,wechat-zhongguoyaowen
九、综合医学新闻（条目按内容分到上面八栏）,只在公众号发布的账号,国家医保局,国家医疗保障局,zh,CN,公众号,P2,公众号桥接,8,医保目录调整、集采批次、支付政策的官方发布,,,,微信公众号：国家医保局（微信号 gh_cfebb676d443）,,微信号取自该机构自己公布的公众号矩阵页/公开榜单，已核对。,wechat-nhsa
九、综合医学新闻（条目按内容分到上面八栏）,只在公众号发布的账号,健康中国,国家卫生健康委员会,zh,CN,公众号,P2,公众号桥接,12,卫生健康政策、疾病防控与公共卫生的官方发布,,,,微信公众号：健康中国,,微信号未在公开来源中核实，endpoint 只给账号显示名；接入前需在微信内搜一次确认主体。,wechat-jiankangzhongguo
九、综合医学新闻（条目按内容分到上面八栏）,只在公众号发布的账号,深蓝观,深蓝观,zh,CN,公众号,P2,公众号桥接,8,医药产业的深度调查与人物报道,,,,微信公众号：深蓝观,,微信号未在公开来源中核实，endpoint 只给账号显示名；接入前需在微信内搜一次确认主体。,wechat-shenlanguan
九、综合医学新闻（条目按内容分到上面八栏）,只在公众号发布的账号,氨基观察,氨基观察,zh,CN,公众号,P2,公众号桥接,8,创新药与生物科技公司的商业分析,,,,微信公众号：氨基观察,,在 CPHI 制药在线（cphi.cn/news/category/709）有转载专栏，可作为不走桥接时的退路；微信号未在公开来源中核实。,wechat-anjiguancha
九、综合医学新闻（条目按内容分到上面八栏）,只在公众号发布的账号,智药局,智药局,zh,CN,公众号,P2,公众号桥接,6,AI 制药、计算驱动药物发现的行业跟踪,,,,微信公众号：智药局,,AI 制药方向的垂直号；微信号未在公开来源中核实。,wechat-zhiyaoju
九、综合医学新闻（条目按内容分到上面八栏）,只在公众号发布的账号,健识局,健识局,zh,CN,公众号,P2,公众号桥接,12,医药政策、集采与企业动态的快讯,,,,微信公众号：健识局,,未找到独立官网（搜索只返回其在新浪等平台的转载）；微信号未在公开来源中核实。,wechat-jianshiju
八、AI 与医学,AI 厂商官方动态,OpenAI 官方新闻,OpenAI,en,US,订阅源,P0,直连,11,OpenAI 自己发布的模型发布、产品更新、安全与政策声明、医疗健康相关公告（如 HealthBench、ChatGPT 健康能力）。,feed-ok,feed-ok,,https://openai.com/news/rss.xml,https://openai.com/blog/rss.xml,一个 738 KB 文档里塞了 1210 条全站历史条目，且无分页参数（?limit= 被忽略，返回同一文档）。抓取器必须按 pubDate 开窗（只取最近 N 天）并做条目级去重，否则每次轮询都会重新入库整个归档。/blog/rss.xml 302 到同一文档。,openai-news
八、AI 与医学,AI 厂商官方动态,Anthropic 官方新闻（社区镜像）,Anthropic,en,US,订阅源,P1,直连,3,Claude 模型发布、企业与医疗行业合作、可解释性与安全研究公告。,feed-ok,feed-ok,,https://raw.githubusercontent.com/taobojlen/anthropic-rss-feed/main/anthropic_news_rss.xml,https://rsshub.bestblogs.dev/anthropic/news | https://www.anthropic.com/news,Anthropic 没有官方 feed：https://www.anthropic.com/rss.xml 与 /news/rss.xml 今日均 404。选用 GitHub Actions 每 6 小时重建的静态镜像（无 Cloudflare、可直接轮询，今日 13 条、最新 2026-09-18）；备用 RSSHub 实例 rsshub.bestblogs.dev 今日 10 条、最新 2026-09-17（官方 rsshub.app 被 Cloudflare 拦，403）。风险：该镜像上游 2026-05 曾因 /news 页面负载改版短暂停摆，需监控 age_days。,anthropic-news
八、AI 与医学,AI 厂商官方动态,Google 官方博客 The Keyword · AI 频道,Google,en,US,订阅源,P0,直连,9,Gemini 模型与产品发布、Google 各业务线的 AI 落地公告。,feed-ok,feed-ok,,https://blog.google/technology/ai/rss/,https://blog.google/innovation-and-ai/technology/ai/rss/,请求会 301 到新路径 /innovation-and-ai/technology/ai/rss/（2026 年站点改版），旧地址仍可用；建议直接配新地址省一跳。滚动窗口 20 条。,google-keyword-ai
八、AI 与医学,AI 厂商官方动态,Google DeepMind 博客,Google DeepMind,en,UK,订阅源,P0,直连,2,AlphaFold/AlphaProteo/AlphaMissense 等科学 AI 成果、Gemini 研究进展的一手说明。,feed-ok,feed-ok,,https://deepmind.google/blog/rss.xml,,100 条滚动窗口，覆盖约两年，首次抓取需做历史去重。,google-deepmind-blog
八、AI 与医学,AI 厂商官方动态,Google Research 博客,Google Research,en,US,订阅源,P2,海外中继,3,Google 研究院的论文解读，含 Health AI（皮肤科、眼底、病理、可穿戴）专题。,feed-ok,failed,,https://research.google/blog/rss/,,100 条滚动窗口；医学内容需按标签/关键词筛选（Health、Medical、Biology）。,google-research-blog
八、AI 与医学,AI 厂商官方动态,微软官方博客 The Official Microsoft Blog,Microsoft,en,US,订阅源,P2,海外中继,2,Copilot/MAI 模型发布、微软与医疗系统（Epic、Nuance DAX）的合作公告。,feed-ok,blocked,cloudflare,https://blogs.microsoft.com/feed/,https://news.microsoft.com/source/topics/ai/feed/,原 AI 专栏 feed https://blogs.microsoft.com/ai/feed/ 今日返回 HTTP 410 Gone（已下线，非临时故障），改用站点总 feed（10 条窗口）并在抓取侧按 AI 关键词过滤；备用 news.microsoft.com 的 AI 话题 feed 今日 feed-ok 但最新一条已 10 天。,microsoft-official-blog
八、AI 与医学,AI 厂商官方动态,Microsoft Research 博客,Microsoft Research,en,US,订阅源,P1,直连,1,MSR 论文与项目公告，含 Health Futures（BiomedParse、GigaPath 病理基座模型、MedImageInsight）。,feed-ok,feed-ok,,https://www.microsoft.com/en-us/research/feed/,,仅 10 条窗口且节奏慢（今日最新一条 2026-08-31，age 20 天），属正常低频，不是死链；轮询每日一次即可。,microsoft-research-blog
八、AI 与医学,AI 厂商官方动态,Meta 新闻室 · 技术与创新,Meta,en,US,订阅源,P1,直连,1,Llama 系列开源模型发布、Meta AI 产品与研究公告。,feed-ok,feed-ok,,https://about.fb.com/news/category/technology-and-innovation/feed/,,官方 AI 博客 https://ai.meta.com/blog/ 对非浏览器 UA 一律返回 HTTP 400（含 /blog/rss/），无法直接轮询；改用 Meta 新闻室的技术分类 feed，代价是含非 AI 公司新闻，需要关键词过滤。,meta-newsroom-tech
八、AI 与医学,AI 厂商官方动态,xAI 官方新闻,xAI (SpaceXAI),en,US,列表页,P2,云端浏览器,1,Grok 模型发布与能力公告。,blocked,failed,cloudflare,https://x.ai/news,,今日 x.ai/news 返回 403 + Cloudflare「Attention Required」挑战页；x.ai/news/rss.xml 返回 404（SPA 兜底页）。公共 RSSHub 实例也无 xai 路由（rsshub.bestblogs.dev/xai/news → 404）。保留此行仅为记录：目前没有免浏览器的轮询路径。,xai-news
八、AI 与医学,AI 厂商官方动态,Mistral AI 官方新闻,Mistral AI,en,EU,订阅源,P2,海外中继,1,欧洲开源模型发布、欧盟合规导向的企业部署公告。,feed-ok,failed,,https://mistral.ai/news/rss,https://mistral.ai/news/,feed 地址不在常见路径上（/feed.xml 为 404），由列表页 <link rel=alternate> 自曝为 /news/rss；content_type 是 text/plain，解析器不要按 MIME 判类型。87 条窗口。,mistral-news
八、AI 与医学,AI 厂商官方动态,NVIDIA 官方博客,NVIDIA,en,US,订阅源,P1,直连,9,算力与医疗 AI 生态（Clara、BioNeMo、MONAI、Parabricks）以及与药企、影像厂商的合作公告。,feed-ok,feed-ok,,https://blogs.nvidia.com/feed/,,healthcare 分类 feed 不存在：/blog/category/healthcare/feed/ 与 /healthcare-life-sciences/feed/ 今日均 404（页面自曝只有站点总 feed）。总 feed 量大（近 7 天 9 条，含大量游戏/汽车/机器人内容），必须在抓取侧按 healthcare/medical/drug/genomics 等关键词或 <category> 标签过滤，否则会淹没医学读者。,nvidia-blog
八、AI 与医学,AI 厂商官方动态,DeepSeek 深度求索 官方动态,DeepSeek 杭州深度求索,multi,CN,订阅源,P1,直连,1,DeepSeek 模型发布、定价与 API 变更记录。,feed-ok,feed-ok,,https://rsshub.bestblogs.dev/deepseek/news,https://api-docs.deepseek.com/updates/ | https://api-docs.deepseek.com/news,DeepSeek 无官方 feed：api-docs.deepseek.com 是 Docusaurus SPA，任何未知路径（含 /rss.xml）都返回同一兜底页，/rss.xml 的 page-ok 是假阳性，不要当 feed 用。选用第三方 RSSHub 实例 rsshub.bestblogs.dev（今日 11 条，但条目无 pubDate，去重要按 link/guid 而非日期）。,deepseek-news
八、AI 与医学,AI 厂商官方动态,阿里通义千问 Qwen 官方博客,阿里巴巴 通义实验室,multi,CN,订阅源,P1,直连,3,Qwen 模型发布与技术报告，含 Qwen 医疗/多模态衍生模型。,feed-ok,feed-ok,,https://rsshub.bestblogs.dev/qwen/blog,https://qwen.ai/blog | https://qwenlm.github.io/blog/index.xml,旧官方 feed https://qwenlm.github.io/blog/index.xml 今日仍 200、44 条，但最新一条为 2025-09-22（age 363 天）——博客已迁至 qwen.ai，按协议判定为死 feed，仅作历史备份保留在 endpoint_alt。RSSHub 路由今日 26 条、最新 2026-09-20，但单次响应 4.3 MB（全文抓取），抓取器应限流并只取增量。,qwen-blog
八、AI 与医学,AI 厂商官方动态,月之暗面 Kimi 开放平台更新记录,Moonshot AI 月之暗面,zh,CN,列表页,P1,直连,1,Kimi 模型版本、长上下文与 API 能力变更的时间线。,page-ok,page-ok,,https://platform.kimi.com/docs/changelog,,platform.moonshot.cn 已 301 到 platform.kimi.com（域名迁移，需更新任何旧配置）。页面 325 KB、服务端渲染出完整变更条目，可直接 HTML 解析；无官方 feed。,kimi-changelog
八、AI 与医学,AI 厂商官方动态,智谱 Z.ai 官方新闻,智谱 AI / Z.ai,zh,CN,列表页,P1,直连,2,GLM 系列模型发布、行业落地与公司公告（含医疗行业合作）。,page-ok,page-ok,,https://zhipuai.cn/news,https://www.zhipuai.cn/zh/news,注意用不带语言前缀的 https://zhipuai.cn/news（今日 200、898 KB、服务端渲染出条目，最终跳到 www.zhipuai.cn/news）；带 /zh/ 的地址 https://www.zhipuai.cn/zh/news 今日从本机连接超时 35 s 无响应，不要配置它。无官方 feed；开放平台文档站 docs.bigmodel.cn 的 changelog 路径今日 404。,zhipu-news
八、AI 与医学,AI 厂商官方动态,字节跳动 Seed 技术博客,字节跳动 Seed（豆包大模型团队）,multi,CN,列表页,P1,直连,2,豆包/Seed 模型与研究发布，含多模态与医学影像相关工作。,page-ok,page-ok,,https://seed.bytedance.com/en/blog,https://seed.bytedance.com/blog,/blog 301 到 /en/blog。无官方 feed：/en/blog/rss 返回站点兜底页（page-ok 是假阳性，不要当 feed）。66 KB 页面，条目需 HTML 解析。,bytedance-seed-blog
八、AI 与医学,AI 厂商官方动态,腾讯混元大模型 更新动态,腾讯,zh,CN,列表页,P1,直连,1,混元模型版本、能力与计费变更的官方记录。,page-ok,page-ok,,https://cloud.tencent.com/document/product/1729/104753,https://hunyuan.tencent.com/,官网 hunyuan.tencent.com 今日只返回 6.9 KB 的客户端渲染壳，无可解析条目；改用腾讯云文档中心的「更新动态」页（29 KB，服务端渲染）。无 feed。,tencent-hunyuan-changelog
八、AI 与医学,AI 厂商官方动态,MiniMax 稀宇科技 官方新闻,MiniMax,multi,CN,列表页,P1,直连,2,MiniMax 模型（abab/M 系列）与语音、多模态产品发布。,page-ok,page-ok,,https://www.minimax.io/news,https://www.minimaxi.com/news,国际站 minimax.io 与国内站 minimaxi.com 两个 /news 页今日均 page-ok（52-54 KB，服务端渲染）；无 feed（/news/rss 今日 404，且 minimaxi.com 会 301 到 minimax.cn）。,minimax-news
八、AI 与医学,AI 媒体与解读（非技术向）,《麻省理工科技评论》AI 频道,MIT Technology Review,en,US,订阅源,P0,直连,6,面向非工程读者的 AI 深度报道与批判性解读，医疗 AI 选题占比高。,feed-ok,feed-ok,,https://www.technologyreview.com/topic/artificial-intelligence/feed/,,10 条滚动窗口。正文多为付费墙摘要，feed 只给导语——聚合时只用标题+摘要，不要指望全文。,mit-tech-review-ai
八、AI 与医学,AI 媒体与解读（非技术向）,The Decoder,DEEP CONTENT GmbH,en,EU,订阅源,P0,直连,10,每日 AI 要闻的短篇转述，几乎不带工程细节，发布快。,feed-ok,feed-ok,,https://the-decoder.com/feed/,,10 条滚动窗口、日更约 10 条，轮询间隔建议 ≤2 小时以免漏条。,the-decoder
八、AI 与医学,AI 媒体与解读（非技术向）,The Verge · AI 频道,Vox Media,en,US,订阅源,P1,直连,21,消费级 AI 产品与厂商动态的高频短讯。,feed-ok,feed-ok,,https://www.theverge.com/rss/ai-artificial-intelligence/index.xml,,Atom 格式，10 条窗口但周产 21 条——窗口小于产量，轮询间隔必须 ≤3 小时，否则漏条。,the-verge-ai
八、AI 与医学,AI 媒体与解读（非技术向）,Ars Technica · AI 频道,Condé Nast,en,US,订阅源,P1,直连,17,技术细节扎实但行文通俗的 AI 报道，常做「厂商宣称 vs 实测」的核对。,feed-ok,feed-ok,,https://arstechnica.com/ai/feed/,,20 条窗口，周产 17 条，节奏安全。,ars-technica-ai
八、AI 与医学,AI 媒体与解读（非技术向）,WIRED · AI 标签,Condé Nast,en,US,订阅源,P1,直连,10,AI 的社会影响、伦理与产业调查报道。,feed-ok,feed-ok,,https://www.wired.com/feed/tag/ai/latest/rss,,10 条窗口，feed 仅给摘要，正文有付费墙。,wired-ai
八、AI 与医学,AI 媒体与解读（非技术向）,IEEE Spectrum · AI 专题,IEEE,en,US,订阅源,P1,直连,6,工程学会口径的 AI 报道，含医疗器械、生物医学工程交叉内容。,feed-ok,feed-ok,,https://spectrum.ieee.org/feeds/topic/artificial-intelligence.rss,,30 条窗口、全文入 feed（292 KB），带宽占用中等。,ieee-spectrum-ai
八、AI 与医学,AI 媒体与解读（非技术向）,TechCrunch · AI 频道,TechCrunch,en,US,订阅源,P1,直连,20,AI 创业公司融资、产品上线、并购。,feed-ok,feed-ok,,https://techcrunch.com/category/artificial-intelligence/feed/,,20 条窗口、周产 20 条，几乎打平——轮询间隔需 ≤4 小时。内容以融资为主，对临床读者需较强筛选。,techcrunch-ai
八、AI 与医学,AI 媒体与解读（非技术向）,VentureBeat · AI 频道,VentureBeat,en,US,订阅源,P2,直连,1,企业级 AI 落地报道。,feed-ok,feed-ok,,https://venturebeat.com/category/ai/feed,,今日 feed 200 但只有 7 条、最新一条 2026-08-27（age 24 天），明显减产；按协议尚未到 60 天死线，先留观察位并降到 P2。,venturebeat-ai
八、AI 与医学,AI 媒体与解读（非技术向）,One Useful Thing（Ethan Mollick）,Wharton / Substack,en,US,订阅源,P0,直连,1,面向专业人士（非工程师）的 AI 使用方法与能力边界实证观察。,feed-ok,feed-ok,,https://www.oneusefulthing.org/feed,,Substack feed，20 条窗口、全文入 feed（926 KB，单次响应偏大）。,one-useful-thing
八、AI 与医学,AI 媒体与解读（非技术向）,Understanding AI（Timothy B. Lee）,Substack,en,US,订阅源,P1,直连,1,记者视角的 AI 能力与经济影响解释，拒绝炒作。,feed-ok,feed-ok,,https://www.understandingai.org/feed,,Substack feed，20 条窗口、全文入 feed。,understanding-ai
八、AI 与医学,AI 媒体与解读（非技术向）,AI as Normal Technology（Narayanan & Kapoor）,Princeton / Substack,en,US,订阅源,P1,直连,1,对 AI 能力宣称的系统性祛魅，含「AI 用于科学/医学」的评测方法学批评。,feed-ok,feed-ok,,https://www.aisnakeoil.com/feed,https://www.normaltech.ai/feed,原站 aisnakeoil.com 已 301 到 normaltech.ai（书出版后更名），旧地址仍可用；两者同一 Substack。20 条窗口、1.4 MB 全文响应。,ai-normal-technology
八、AI 与医学,AI 媒体与解读（非技术向）,Import AI（Jack Clark）,Substack,en,US,订阅源,P2,海外中继,1,每期挑几篇论文/政策事件做短评，兼顾技术与治理。,feed-ok,failed,,https://importai.substack.com/feed,,今日最新一期 2026-09-07（age 13 天），作者节奏本就不稳定，属正常；20 条窗口。,import-ai
八、AI 与医学,AI 媒体与解读（非技术向）,The Batch（DeepLearning.AI，吴恩达）,DeepLearning.AI,en,US,列表页,P1,直连,1,吴恩达每周一封的 AI 要闻解读，语言通俗、态度克制。,page-ok,page-ok,,https://www.deeplearning.ai/the-batch/,,无 feed：/the-batch/feed/ 与 /the-batch/rss.xml 今日均 404。列表页 187 KB 服务端渲染可解析，但响应慢（今日 10.3 s），轮询设长超时并每日一次即可。,the-batch
八、AI 与医学,AI 媒体与解读（非技术向）,Epoch AI · Gradient Updates,Epoch AI,en,US,列表页,P1,直连,1,用数据说话的 AI 能力与算力趋势周更分析。,page-ok,page-ok,,https://epoch.ai/gradient-updates,,无 feed：epoch.ai 的 /rss、/rss.xml、/feed.xml 今日全部 404，站点也不自曝 feed。列表页 146 KB 服务端渲染，可解析。,epoch-ai-gradient-updates
八、AI 与医学,AI 媒体与解读（非技术向）,斯坦福 HAI 以人为本人工智能研究院 新闻,Stanford HAI,en,US,列表页,P1,直连,3,HAI 的政策简报、AI Index 年度报告与研究解读，含医疗 AI 政策专题。,page-ok,page-ok,,https://hai.stanford.edu/news,,无 feed：/news/rss.xml 与 /news/feed 今日都返回 SPA 兜底 HTML（76 KB，page-ok 属假阳性，不可当 feed）。列表页 /news 本身 308 KB 服务端渲染，条目可解析——用它。,stanford-hai-news
八、AI 与医学,AI 媒体与解读（非技术向）,量子位,北京极客互动科技,zh,CN,订阅源,P0,直连,10,中文 AI 日更资讯，国产模型发布与论文速递的主要转述方。,feed-ok,feed-ok,,https://www.qbitai.com/feed,,标准 WordPress feed，10 条窗口、周产约 10 条，轮询间隔 ≤4 小时。,qbitai
八、AI 与医学,AI 媒体与解读（非技术向）,雷峰网（含 AI 科技评论、医疗科技频道）,深圳英鹏信息,zh,CN,订阅源,P0,直连,21,中文科技媒体，旗下「AI 科技评论」与「医健 AI」专栏做医疗 AI 的产业与人物报道。,feed-ok,feed-ok,,https://www.leiphone.com/feed,,只有站点总 feed 可用：频道级 feed（/category/healthai/feed、/category/yidong/feed）今日均 404。总 feed 20 条窗口、周产 21 条，必须 ≤3 小时轮询，并在抓取侧按医疗关键词分流到 ai-medicine。,leiphone
八、AI 与医学,AI 媒体与解读（非技术向）,极客公园,极客公园,zh,CN,订阅源,P1,直连,30,中文科技产品与公司报道，AI 产品体验类内容较多。,feed-ok,feed-ok,,https://www.geekpark.net/rss,,30 条窗口、周产 30 条，打平——轮询 ≤3 小时。响应 545 KB 且今日耗时 5.8 s，设长超时。内容含大量非 AI 科技新闻，需过滤。,geekpark
八、AI 与医学,AI 媒体与解读（非技术向）,IT之家,IT之家,zh,CN,订阅源,P1,直连,61,中文 IT 快讯，国产大模型发布/降价/开源的最快中文短讯来源之一。,feed-ok,feed-ok,,https://www.ithome.com/rss/,,无 AI 频道 feed（/rss/ai/ 今日 404），只有站点总 feed：60 条窗口、周产 61 条，含大量手机/硬件消费新闻。必须做强关键词过滤，否则会把医学读者淹了。,ithome
八、AI 与医学,AI 媒体与解读（非技术向）,机器之心,北京机器之心科技,zh,CN,列表页,P2,直连,20,中文 AI 深度报道与论文解读，AI for Science / AI 制药选题多。,page-ok,page-ok,,https://www.jiqizhixin.com/articles,,今日从本机访问 www.jiqizhixin.com 的 /、/rss、/articles 三个路径都只返回同一个 3.4 KB 的「机器之心·数据服务」落地页，没有任何文章条目——HTTP 200 但无内容，page-ok 是假阳性。公共 RSSHub 实例 rsshub.bestblogs.dev 也没有 jiqizhixin 路由（404）。目前没有免浏览器的轮询路径。,jiqizhixin
八、AI 与医学,AI 媒体与解读（非技术向）,AIHOT AI 热点聚合,AIHOT (aihot.news),zh,CN,订阅源,P2,直连,50,已经过 LLM 筛选的 AI 动态精选流、全量流、日报与论文分类流。,feed-ok,feed-ok,,https://aihot.news/feed.xml,https://aihot.news/feed/all.xml | https://aihot.news/feed/daily.xml | https://aihot.news/feed/category/paper.xml,⚠️ 合规前置：AIHOT 的使用条款要求在外部商业产品中使用其内容前取得书面授权。因此本行标 P2，未获书面授权前不得接入抓取器、不得转载其条目。四个端点今日全部 feed-ok：feed.xml（精选，50 条/周 50）、feed/all.xml（全量，50 条）、feed/daily.xml（日报，30 条/近 7 天 8 条）、feed/category/paper.xml（论文，5 条）。另注：AIHOT 自身源池约 43% 是工程师 X 账号 + GitHub release + API changelog，与本 lane 的取舍相反，不可整体照搬。,aihot-news
八、AI 与医学,AI 媒体与解读（非技术向）,MIT News · 人工智能专题,Massachusetts Institute of Technology,en,US,订阅源,P2,海外中继,5,MIT 各实验室的 AI 成果通稿，含 Jameel Clinic 的临床 AI、抗生素发现、影像模型。,feed-ok,failed,,https://news.mit.edu/rss/topic/artificial-intelligence2,,50 条窗口、全文入 feed（528 KB）。内容含大量非医学 AI（机器人、材料、芯片），需在抓取侧按医学关键词分流。,mit-news-ai
八、AI 与医学,医学 AI：机构、产业、监管,Google 官方博客 · 健康频道,Google,en,US,订阅源,P0,直连,1,Google 健康业务与 Health AI（MedLM、Med-Gemini、Fitbit/Pixel 健康功能、搜索健康结果）的官方公告。,feed-ok,feed-ok,,https://blog.google/technology/health/rss/,https://blog.google/innovation-and-ai/technology/health/rss/,301 到 /innovation-and-ai/technology/health/rss/。20 条窗口、节奏慢（今日最新 2026-09-02，age 18 天），每日轮询一次即可。,google-health-blog
八、AI 与医学,医学 AI：机构、产业、监管,Ground Truths（Eric Topol）,Scripps Research / Substack,en,US,订阅源,P2,海外中继,2,Topol 本人对医学 AI 论文、监管与临床落地的逐篇点评，附原始文献链接。,feed-ok,failed,,https://erictopol.substack.com/feed,,Substack，20 条窗口、全文入 feed（832 KB）。部分长文对非付费读者截断，feed 里给的是导语。,eric-topol-ground-truths
八、AI 与医学,医学 AI：机构、产业、监管,STAT · Health Tech 频道,Boston Globe Media,en,US,订阅源,P0,直连,8,医疗 AI、医疗器械与数字健康的调查性报道，含医院实际部署效果与失败案例。,feed-ok,feed-ok,,https://www.statnews.com/category/health-tech/feed/,https://www.statnews.com/feed/,20 条窗口；正文有付费墙，feed 给摘要。站点总 feed（/feed/，周产 20 条）今日也 feed-ok，可作补充。,stat-health-tech
八、AI 与医学,医学 AI：机构、产业、监管,Endpoints News · AI 频道,Endpoints News,en,US,订阅源,P0,直连,24,生物医药产业里的 AI：AI 制药公司管线进展、药企与 AI 公司的合作与解约、监管口径。,feed-ok,feed-ok,,https://endpoints.news/channel/ai/feed/,https://endpoints.news/feed/,频道 feed 由列表页 <link rel=alternate> 自曝（域名已从 endpts.com 迁到 endpoints.news）。24 条窗口、周产 24 条，轮询 ≤3 小时。正文多为付费墙，feed 给摘要。,endpoints-news-ai
八、AI 与医学,医学 AI：机构、产业、监管,国家药品监督管理局 NMPA,国家药监局,zh,CN,列表页,P2,云端浏览器,5,国产 AI 医疗器械（三类证）审批公告、人工智能医疗器械审评要点与指导原则。,blocked,blocked,ruishu,https://www.nmpa.gov.cn/,,今日 nmpa.gov.cn 返回 HTTP 412 + 瑞数（ruishu）动态挑战脚本，仅 2.5 KB，纯 curl 不可用。这是已知的长期状态，不是临时故障——任何 NMPA 抓取都必须走浏览器渲染。,nmpa-ai-device
八、AI 与医学,医学 AI：机构、产业、监管,欧盟委员会「塑造欧洲数字未来」新闻,European Commission,en,EU,列表页,P2,直连,5,欧盟 AI Act 实施进展、欧洲健康数据空间（EHDS）、数字健康政策公告。,page-ok,page-ok,,https://digital-strategy.ec.europa.eu/en/news,,无 feed：https://digital-strategy.ec.europa.eu/en/rss 今日被 302 到站点的 page-not-found 页（返回 200，属假阳性，不可用）；health.ec.europa.eu/rss_en 今日 404。列表页 69 KB 服务端渲染可解析。内容以非医疗数字政策为主，需强过滤。,ec-digital-strategy-news
八、AI 与医学,医学 AI：机构、产业、监管,斯坦福医学影像人工智能中心 AIMI,Stanford University,en,US,列表页,P1,直连,1,医学影像 AI 的研究进展、公开数据集发布与临床验证结果。,page-ok,page-ok,,https://aimi.stanford.edu/recent-news,,/news 301 到 /recent-news。82 KB 服务端渲染，无 feed。低频（月级），每日一次轮询即可。,stanford-aimi
八、AI 与医学,医学 AI：机构、产业、监管,斯坦福医学院新闻中心,Stanford Medicine,en,US,列表页,P1,直连,5,斯坦福医学院研究通稿，AI 相关条目占比高（临床大模型试点、AI 问诊评测）。,page-ok,page-ok,,https://med.stanford.edu/news.html,,无 feed：/news/all-news/_jcr_content.feed（AEM 常见路径）今日 404，页面也不自曝 feed。列表页 164 KB 服务端渲染可解析，但含大量非 AI 医学新闻，需过滤。,stanford-medicine-news
八、AI 与医学,医学 AI：机构、产业、监管,哈佛医学院生物医学信息学系 DBMI,Harvard Medical School,en,US,列表页,P1,直连,1,医学 AI 基座模型、真实世界数据与临床决策支持的研究通稿（如 TxGNN、病理基座模型）。,page-ok,page-ok,,https://dbmi.hms.harvard.edu/news,,109 KB 服务端渲染列表页，无 feed。低频，每日一次轮询即可。,harvard-dbmi
八、AI 与医学,医学 AI：机构、产业、监管,MIT Jameel Clinic（健康 AI）,Massachusetts Institute of Technology,en,US,列表页,P2,海外中继,1,AI 抗生素发现、乳腺癌风险预测模型（Mirai/Sybil）等临床 AI 项目的进展。,page-ok,blocked,cloudflare,https://jclinic.mit.edu/news/,https://news.mit.edu/rss/topic/artificial-intelligence2,www.jclinic.mit.edu 301 到 jclinic.mit.edu。39 KB 服务端渲染列表页，无 feed；更新很慢（月级或更低）。,mit-jameel-clinic
八、AI 与医学,医学 AI：机构、产业、监管,Mayo Clinic Platform 资源与博客,Mayo Clinic,en,US,列表页,P2,海外中继,2,Mayo 的 AI 落地实践、算法验证（Platform_Validate）与去标识化数据合作的说明文章。,page-ok,blocked,http-403,https://www.mayoclinicplatform.org/resources/,,/blog/ 301 到 /resources/（站点改版，博客并入资源页）。101 KB 服务端渲染。注意 /feed/ 今日被 302 到 newsnetwork.mayoclinic.org 的一篇具体文章，不是 feed，不要配置它。,mayo-clinic-platform
八、AI 与医学,医学 AI：机构、产业、监管,Doctor Penguin 医学 AI 研究周报,Doctor Penguin（临床研究者社区）,en,US,列表页,P1,直连,1,由临床研究者挑选的每周医学 AI 论文摘要合集，按专科分组，附原文链接。,page-ok,page-ok,,https://doctorpenguin.com/,,57 KB 首页即最新一期，服务端渲染；未发现 feed。解析时按期次（week of …）切分，不要按单篇。,doctor-penguin
八、AI 与医学,医学 AI：机构、产业、监管,MobiHealthNews,HIMSS Media,en,US,订阅源,P2,云端浏览器,10,数字健康与移动医疗产品新闻，AI 应用与融资报道密集。,blocked,blocked,cloudflare,https://www.mobihealthnews.com/rss.xml,,今日 403 + Cloudflare「Just a moment...」质询页，纯 curl 不可用（feed 路径本身被拦，不是网站没有 feed）。,mobihealthnews
八、AI 与医学,医学 AI：机构、产业、监管,Healthcare IT News,HIMSS Media,en,US,订阅源,P2,云端浏览器,12,医院信息化与临床 AI 部署新闻，含 EHR 厂商的 AI 功能上线。,blocked,blocked,cloudflare,https://www.healthcareitnews.com/home/feed,,今日 403 + Cloudflare 质询。与 MobiHealthNews 同属 HIMSS Media、同一道墙，抓取方案应合并解决。,healthcare-it-news
八、AI 与医学,医学 AI：机构、产业、监管,Rock Health Insights,Rock Health,en,US,订阅源,P2,云端浏览器,1,数字健康季度融资报告与市场分析，AI 细分赛道有专门统计。,blocked,blocked,http-403,https://rockhealth.com/feed/,,今日 /feed/ 返回 403 Forbidden（548 字节裸页，非 Cloudflare 质询，像是服务端对非浏览器 UA 的直接拒绝）。低频源，人工季度跟进也可接受。,rock-health
八、AI 与医学,医学 AI：机构、产业、监管,Digital Health（英国）,Digital Health Intelligence,en,UK,订阅源,P2,云端浏览器,10,英国 NHS 的数字化与 AI 采购、评估与落地新闻。,blocked,blocked,cloudflare,https://www.digitalhealth.net/feed/,,今日 403 + Cloudflare「Attention Required」。,digitalhealth-net
八、AI 与医学,医学 AI：机构、产业、监管,HIT专家网,HIT专家网,zh,CN,订阅源,P0,直连,10,中国医院信息化一线报道，近年大量覆盖医院部署大模型、AI 病历与智慧医院评级。,feed-ok,feed-ok,,https://www.hit180.com/feed,,标准 WordPress feed，10 条窗口、周产约 10 条，轮询 ≤6 小时。,hit180
八、AI 与医学,医学 AI：机构、产业、监管,动脉网 / 蛋壳研究院,动脉网 vbdata,zh,CN,列表页,P1,直连,15,中国数字医疗与医疗 AI 的产业报道、融资与政策解读，蛋壳研究院出行业报告。,page-ok,page-ok,,https://www.vbdata.cn/,https://vcbeat.top/,vcbeat.top 301 到 www.vbdata.cn。首页 502 KB 服务端渲染出条目，但今日响应 5.1 s，轮询需设长超时并降频（每 2-4 小时一次）。未发现 feed。,vbdata-dongmaiwang
八、AI 与医学,医学 AI：机构、产业、监管,CHIMA 中国医院协会信息专业委员会,中国医院协会,zh,CN,列表页,P2,直连,3,行业协会通知、医院信息化调查报告、CHIMA 年会议题（近年 AI 专场比重上升）。,page-ok,page-ok,,https://www.chima.org.cn/,,47 KB 服务端渲染首页，无 feed；今日响应 5.1 s 偏慢。内容偏通知公告，信息密度低，建议每日一次轮询并靠 LLM 过滤。,chima
八、AI 与医学,医学 AI：机构、产业、监管,英矽智能 Insilico Medicine 新闻,Insilico Medicine,en,CN,列表页,P1,直连,2,AI 发现候选药物的管线进展、临床试验分期结果与合作公告。,page-ok,page-ok,,https://insilico.com/news,,www.insilico.com 301 到 insilico.com。323 KB 服务端渲染新闻稿列表，无 feed。注意内容是公司自己的新闻稿，带公关口径——引用时需与 Endpoints/临床试验注册库交叉核对。,insilico-medicine
八、AI 与医学,医学 AI：机构、产业、监管,Isomorphic Labs 新闻,Isomorphic Labs（Alphabet）,en,UK,列表页,P1,直连,1,AlphaFold 团队分拆的药物设计公司的合作与管线公告。,page-ok,page-ok,,https://www.isomorphiclabs.com/news,,102 KB 服务端渲染（注意 /articles 路径今日 404，正确路径是 /news）。发布极低频（季度级），每日一次轮询即可。,isomorphic-labs
八、AI 与医学,医学 AI：机构、产业、监管,晶泰科技 XtalPi 资讯,晶泰科技,zh,CN,订阅源,P1,直连,4,国产 AI 制药与自动化实验室的项目、合作与融资公告。,feed-ok,feed-ok,,https://www.xtalpi.com/category/news/feed/,https://www.xtalpi.com/feed/,feed 由列表页自曝（WordPress 分类 feed）。/news 301 到 /category/news/。10 条窗口、近 7 天 4 条，轮询每日一次即可。同样是公司公关口径。,xtalpi
八、AI 与医学,医学 AI：机构、产业、监管,Recursion Pharmaceuticals,Recursion,en,US,列表页,P2,直连,1,表型筛选驱动的 AI 制药管线进展与并购（已并入 Exscientia）。,page-ok,page-ok,,https://www.recursion.com/,,新闻稿在 IR 子站：https://www.recursion.com/news 今日 301 到 ir.recursion.com/news，而该主机今日两次都以 curl (92) HTTP/2 stream not closed cleanly 中断，拿不到内容。公司主页可达（96 KB），但只有少量精选条目。,recursion-pharma
八、AI 与医学,医学 AI：机构、产业、监管,薛定谔 Schrödinger 新闻稿,"Schrödinger, Inc.",en,US,列表页,P2,直连,1,物理计算+机器学习药物设计平台的合作、管线与财报公告。,page-ok,page-ok,,https://ir.schrodinger.com/press-releases/,,公司站的 /life-science/news/ 与 /newsroom 今日均 404；新闻稿实际在 IR 子站（85 KB 服务端渲染，可解析）。IR 页含大量财报公告，需过滤。,schrodinger-ir
八、AI 与医学,医学 AI：机构、产业、监管,BiopharmaTrend,BiopharmaTrend,en,INT,列表页,P2,直连,2,AI 制药行业的分析文章与公司图谱，偏方法与趋势梳理。,page-ok,page-ok,,https://www.biopharmatrend.com/,,无 feed：/feed/ 今日 404，首页也不自曝 feed。首页 38 KB 服务端渲染，条目数少，需进二级页取全文。,biopharmatrend
八、AI 与医学,医学 AI：机构、产业、监管,药时代 DrugTimes,药时代,zh,CN,列表页,P2,直连,10,中文创新药产业资讯，AI 制药为其常设栏目之一。,page-ok,page-ok,,https://www.drugtimes.cn/,,131 KB 服务端渲染首页，未发现 feed。AI 内容占比不高，需关键词过滤。另注：药智网 news.yaozhi.com 今日 TLS 证书主机名不匹配（curl 60），不可用，已排除。,drugtimes-09
八、AI 与医学,科研可用的 AI 工具,OpenEvidence 公告,OpenEvidence,en,US,列表页,P2,海外中继,1,面向临床医生的循证问答引擎的版本更新、期刊合作（NEJM/JAMA 授权全文）与临床验证公告。,page-ok,blocked,http-403,https://www.openevidence.com/announcements,,355 KB 服务端渲染公告列表，无 feed。发布低频但每条价值高（期刊授权、监管口径），建议每日轮询并全部入库。 价值上等同 P0（本 lane 最该收的条目之一），但按协议口径需 HTML 解析即归 P1——优先级排序时请把它放在 P1 段首。,openevidence-announcements
八、AI 与医学,科研可用的 AI 工具,PubMed 新功能通报（NLM Technical Bulletin）,U.S. National Library of Medicine,en,US,订阅源,P0,直连,1,PubMed / MeSH / E-utilities 的检索语法、索引与接口变更通告。,feed-ok,feed-ok,,https://www.nlm.nih.gov/rss/auto/PubMedNews.rss,,⚠️ 地址在 2026 年 3-4 月（Technical Bulletin 第 469 期）换过：旧的 PubMed New & Noteworthy feed 已迁到 https://www.nlm.nih.gov/rss/auto/PubMedNews.rss（旧址仍会重定向，但应直接配新址）。旧 techbull 路径 /pubs/techbull/tb_rss.xml 与 techbull.html 今日均 404。15 条窗口，月级更新。,nlm-pubmed-news
八、AI 与医学,科研可用的 AI 工具,Elicit 博客,Elicit (Ought),en,US,列表页,P1,直连,1,文献筛选、数据提取与系统综述自动化功能的更新与准确率评测。,page-ok,page-ok,,https://elicit.com/blog,,无 feed（blog.elicit.com/rss/ 今日 301 到 elicit.com/blog/rss/ 并 404）。列表页 1.0 MB（Next.js 内嵌数据），服务端渲染可解析，但体积大——每日一次轮询并做 ETag/If-Modified-Since 协商。,elicit-blog
八、AI 与医学,科研可用的 AI 工具,Consensus 博客,Consensus,en,US,列表页,P1,直连,1,基于文献的 AI 问答工具的产品更新与方法说明（含其「共识度量表」的算法解释）。,page-ok,page-ok,,https://consensus.app/home/blog/,,470 KB 服务端渲染列表页，无 feed。更新为月级，每日一次轮询即可。,consensus-blog
八、AI 与医学,科研可用的 AI 工具,Ai2 博客（Semantic Scholar 母体）,Allen Institute for AI,en,US,订阅源,P2,海外中继,2,Semantic Scholar 数据与 API、OLMo 开源模型、科研 AI 工具（如 Asta/Paper Finder）的发布说明。,feed-ok,blocked,http-403,https://allenai.org/rss.xml,,feed 地址由 /blog 页自曝（该页今日 301 到 /research）；blog.allenai.org/feed 这个老 Medium 地址今日 404。25 条窗口。,ai2-blog
八、AI 与医学,科研可用的 AI 工具,Google Labs 博客（NotebookLM 等）,Google,en,US,订阅源,P1,直连,1,NotebookLM 及 Google Labs 实验产品的功能发布。,feed-ok,feed-ok,,https://blog.google/technology/google-labs/rss/,https://blog.google/innovation-and-ai/models-and-research/google-labs/rss/,301 到 /innovation-and-ai/models-and-research/google-labs/rss/。20 条窗口，含非 NotebookLM 的 Labs 实验产品，需按产品名过滤。,google-labs-notebooklm
八、AI 与医学,科研可用的 AI 工具,Zotero 博客,Corporation for Digital Scholarship,en,US,订阅源,P1,直连,0,Zotero 版本发布、PDF 阅读器与笔记功能更新、与 AI 插件生态的关系说明。,feed-ok,feed-ok,,https://www.zotero.org/blog/feed/,,10 条窗口，节奏很慢（今日最新 2026-08-17，age 34 天）——属正常，不是死 feed；每日一次轮询即可。,zotero-blog
八、AI 与医学,科研可用的 AI 工具,Paperpal 博客（Editage）,Cactus Communications,en,INT,订阅源,P1,直连,2,学术写作 AI 工具的功能更新，以及期刊对 AI 写作/AI 披露政策的解读。,feed-ok,feed-ok,,https://paperpal.com/blog/feed,https://paperpal.com/blog/feed/atom,feed 由页面自曝。10 条窗口、今日最新 2026-09-11（age 10 天）。内容偏 SEO 写作教程，需挑「期刊 AI 政策」「投稿规范」类条目，其余可丢。,paperpal-blog
八、AI 与医学,科研可用的 AI 工具,scite 博客,scite.ai（Research Solutions）,en,US,列表页,P2,海外中继,1,引文语境分析（支持/反驳/提及）与其 AI 助手的功能更新。,page-ok,failed,,https://scite.ai/blog,,106 KB 服务端渲染列表页，无 feed；更新低频。,scite-blog
八、AI 与医学,科研可用的 AI 工具,Litmaps 博客,Litmaps,en,AU,列表页,P2,直连,1,文献引用网络可视化与「种子文献扩展」功能的更新。,page-ok,page-ok,,https://www.litmaps.com/blog,,47 KB 服务端渲染列表页，无 feed；低频。,litmaps-blog
八、AI 与医学,科研可用的 AI 工具,Perplexity 博客,Perplexity AI,en,US,列表页,P2,云端浏览器,2,带引用的 AI 搜索产品更新（Deep Research、学术模式、来源筛选）。,blocked,failed,cloudflare,https://www.perplexity.ai/hub/blog,,今日 403 + Cloudflare「Just a moment...」质询页。,perplexity-blog
八、AI 与医学,医学大模型评测榜,Stanford MedHELM 医学大模型评测,Stanford CRFM,en,US,开放接口,P0,直连,0,覆盖临床决策支持、病历生成、患者沟通、医学研究等多场景的整体性医学大模型评测，逐模型逐任务给分。,api-ok,api-ok,,https://storage.googleapis.com/crfm-helm-public/medhelm/benchmark_output/releases/v4.0.0/summary.json,https://storage.googleapis.com/crfm-helm-public/medhelm/benchmark_output/releases/v4.0.0/groups.json | https://crfm.stanford.edu/helm/medhelm/latest/config.js,"有机器可读端点，而且比抓页面稳：前端页面本身只有 1.3 KB 的 SPA 壳，真实数据在 GCS。发现路径——页面加载 ./config.js，里面写着 window.RELEASE = ""v4.0.0"" 和 window.BENCHMARK_OUTPUT_BASE_URL = ""https://storage.googleapis.com/crfm-helm-public/medhelm/benchmark_output/""。轮询方案：先拉 config.js 读 RELEASE（版本号一变即代表出新榜），再拉 releases/<RELEASE>/summary.json（81 字节，含 release/suites/date）判断更新时间，需要榜单明细时再拉同目录的 groups.json（59 KB，3 个分组表）。把 v4.0.0 写死在 endpoint 里是刻意的：新版本发",stanford-medhelm
八、AI 与医学,医学大模型评测榜,Open Medical-LLM Leaderboard,Open Life Science AI / Hugging Face,en,INT,开放接口,P2,海外中继,0,开源/闭源模型在 MedQA、MedMCQA、PubMedQA、MMLU 医学子集等九个医学问答基准上的成绩排名。,api-ok,failed,,https://huggingface.co/api/datasets/openlifescienceai/results/tree/main,https://huggingface.co/api/spaces/openlifescienceai/open_medical_llm_leaderboard | https://huggingface.co/api/datasets/openlifescienceai/results,有机器可读端点，走 Hugging Face Hub API（无需 token）：结果数据集 openlifescienceai/results 的文件树今日返回 94 个条目，每个模型一个结果文件——新增文件即新模型进榜。数据集元信息端点（endpoint_alt 第 3 条）给 lastModified 与 213 个 siblings，可当「有没有更新」的轻量探针。注意：把 Space 的 id 当数据集查会 401（/api/datasets/openlifescienceai/open_medical_llm_leaderboard 今日 401），Space 要走 /api/spaces/。榜单本身更新不规律，按周轮询即可。,open-medical-llm-leaderboard
八、AI 与医学,医学大模型评测榜,LMArena（原 Chatbot Arena）文本榜,LMArena / UC Berkeley SkyLab,en,US,开放接口,P2,海外中继,0,人类盲评对战得出的大模型 Elo 排名（本项目只取文本榜，不取图像/视频/编程分榜）。,api-ok,failed,,https://huggingface.co/api/spaces/lmarena-ai/chatbot-arena-leaderboard,https://arena.ai/leaderboard,HF Space 元信息端点可用（今日 api-ok，301 到 lmarena-ai/arena-leaderboard，273 个 siblings，带 lastModified），但它给的是「Space 什么时候更新过」，不是排名表本身——排名明细在 Space 内部的数据文件里，需要按 siblings 清单再取具体文件。标 P2 是因为取到可展示的榜单还要一步解析，不是一次请求就能用。lmarena.ai 已 301 到 arena.ai。,lmarena-leaderboard
八、AI 与医学,医学大模型评测榜,OpenAI HealthBench,OpenAI,en,US,开放接口,P2,直连,0,由 262 名执业医师编写评分标准的健康对话评测集；评测代码与 rubric 在 openai/simple-evals 仓库，成绩随 OpenAI 模型发布公布。,api-ok,api-ok,,https://api.github.com/repos/openai/simple-evals/commits?per_page=20,https://openai.com/news/rss.xml,⚠️ HealthBench 没有持续更新的排行榜页面：它是一个评测集，分数散落在各家模型发布公告里。官方介绍页 https://openai.com/index/healthbench/ 今日对非浏览器 UA 返回 403（裸 403，非 Cloudflare 质询）。唯一机器可读的变更信号是 GitHub 仓库提交流（今日 api-ok，20 条）——本 lane 的原则是不收 GitHub release 类工程动态，此处是评测集本身的例外，且只用于探测「rubric/评测代码有没有改」，不作为新闻条目直接展示。未认证的 GitHub API 每 IP 每小时 60 次，轮询需降频。,openai-healthbench
八、AI 与医学,医学大模型评测榜,MedBench 中文医疗大模型评测,上海人工智能实验室 OpenCompass / 上海交大,zh,CN,列表页,P2,直连,0,中文医疗大模型的多维度评测榜（医学知识、临床推理、安全与伦理等），按模型给分排名。,page-ok,page-ok,,https://medbench.opencompass.org.cn/,,纯客户端渲染：首页与猜测的 /api/v1/rank/list 今日都只返回同一个 1.9 KB 的 SPA 壳，未找到免登录的 JSON 端点（page-ok 属假阳性）。另注：CMB 榜（cmedbenchmark.llmzoo.com）今日 TLS 证书已过期（curl 60），站点处于失维状态，本文件不单列——若需中文医学考试类榜单，优先 MedBench。,medbench-opencompass
八、AI 与医学,医学大模型评测榜,SuperCLUE 中文大模型测评基准,CLUE 中文语言理解测评基准组织,zh,CN,列表页,P2,直连,0,中文大模型通用能力月度榜，并不定期发布行业分榜（含医疗方向专项报告）。,page-ok,page-ok,,https://www.superclueai.com/,https://www.superclueai.com/rank,客户端渲染：首页与 /rank 今日都只返回同一个 5.9 KB 的壳，未找到 JSON 端点。医疗专项榜不是常设栏目，是不定期专题报告——按月轮询并靠 LLM 判断有没有医疗相关榜发布。,superclue
八、AI 与医学,医学大模型评测榜,Artificial Analysis 模型与 API 对比,Artificial Analysis,en,AU,列表页,P2,直连,0,各模型与各 API 供应商的质量指数、速度、价格横向对比，持续刷新。,page-ok,page-ok,,https://artificialanalysis.ai/,,官方 API 存在但需要密钥：https://artificialanalysis.ai/api/v2/data/llms/models 今日返回 401（JSON {error}）。首页 1.8 MB 可达但为前端渲染的大表。无医学分榜——只作通用参照，不进「医学大模型榜」。,artificial-analysis
